ExpoMarker,2517,2517,2512,2518,2523,2520,2518,2504,2510,2504,2520,2517,2502,2506,2488,2538,2488,2474,2460,2470,2460,2447,2454,2454,2449,2455,2439,2520,2445,2420,2426,2478,2476,2398,2375,2370,2429,2365,2353,2364,2363,2360,2367,2358,2369,2357,2355,2355,2364,2358,2382,2375,2459,2411,2422,2435,2441,2441,2478,2513,2520,2545,2559,2577,2659,2678,2622,2620,2623,2647,2646,2641,2648,2658,2644,2653,2650,2643,2709,2626,2647,2639,2647,2695,2647,2709,2701,2638,2661,2652,2657,2672,2669,2661,2675,2685,2682,2680,2672,2684,2679,2670,2683,2673,2672,2724,2650,2723,2650,2653,2658,2626,2644,2645,2637,2640,2649,2657,2656,2664,2675,2664,2660,2682,2684,2694,2685,2754,2750,2695,2700,2700,2696,2687,2697,2701,2687,2698,2701,2750,2699,2683,2682,2681,2691,2736,2684,2683,2676,2756,2692,2683,2692,2695,2683,2693,2700,2696,2690,2701,2687,2700,2700,2690,2702,2701,2677,2754,2691,2695,2672,2671,2664,2672,2669,2662,2653,2662,2649,2657,2649,2660,2658,2652,2648,2732,2656,2664,2661,2657,2680,2745,2674,2681,2686,2679,2743,2693,2682,2687,2701,2699,2686,2701,2695,2697,2696,2700,2697,2696,2704,2702,2696,2708,2758,2693,2708,2705,2703,2769,2703,2697,2693,2709,2708,2697,2708,2697,2706,2687,2689,2760,2701,2700,2695,2701,2687,2695,2678,2754,2680,2673,2683,2661,2662,2663,2659,2660,2648,2638,2611,2617,2601,2589,2591,2559,2567,2542,2605,2548,2533,2539,2535,2519,2512,2507,2505,2506,2515,2506,2504,2526,2528,2593,2591,2532,2551,2541,2546,2539,2537,2539,2540,2540,2539,2591,2523,2532,2536,2525,2509,2520,2506,2508,2520,2521,2514,2506,2514,2508,2492,2516,2509,2520,2582,2583,2516,2512,2510,2518,2512,2513,2499,2500,2477,2476,2461,2475,2525,2533
ExpoMarker,2436,2454,2446,2503,2446,2458,2421,2416,2411,2410,2399,2387,2379,2417,2355,2356,2366,2370,2420,2356,2366,2369,2367,2365,2367,2346,2420,2384,2380,2384,2401,2424,2428,2441,2526,2493,2534,2552,2548,2572,2648,2607,2611,2625,2637,2637,2645,2649,2648,2651,2643,2646,2642,2643,2651,2640,2648,2637,2644,2651,2639,2646,2648,2633,2640,2649,2636,2649,2665,2659,2671,2734,2672,2682,2676,2677,2673,2683,2672,2666,2672,2660,2662,2660,2706,2651,2660,2650,2637,2649,2640,2638,2647,2648,2654,2658,2651,2662,2675,2725,2685,2681,2672,2681,2687,2687,2701,2761,2690,2697,2687,2701,2690,2761,2694,2699,2704,2701,2692,2682,2694,2691,2687,2684,2683,2668,2741,2672,2682,2685,2686,2694,2692,2679,2681,2701,2700,2698,2690,2702,2690,2701,2689,2687,2687,2693,2690,2681,2691,2673,2672,2683,2664,2655,2670,2662,2661,2715,2660,2661,2663,2719,2643,2656,2649,2669,2675,2673,2685,2665,2672,2680,2672,2692,2682,2676,2692,2687,2689,2697,2700,2708,2708,2764,2708,2702,2694,2697,2707,2696,2696,2703,2708,2757,2709,2696,2696,2704,2696,2697,2699,2706,2707,2708,2708,2697,2707,2687,2691,2702,2687,2752,2691,2741,2754,2693,2682,2693,2683,2681,2664,2674,2653,2707,2659,2647,2618,2679,2618,2614,2592,2581,2580,2559,2541,2534,2522,2578,2507,2502,2520,2512,2509,2504,2518,2512,2520,2532,2524,2533,2539,2611,2550,2543,2542,2548,2544,2536,2544,2518,2533,2537,2528,2522,2528,2519,2572,2576,2518,2523,2518,2520,2511,2508,2513,2519,2500,2581,2493,2506,2512,2521,2519,2510,2500,2579,2499,2492,2493,2483,2477,2484,2450,2428,2423,2417,2401,2453,2444,2395,2373,2372,2367,2371,2345,2331,2296,2290,2274,2269,2260,2292,2234,2226,2213,2224,2205,2214,2212,2202
ExpoMarker,2215,2281,2228,2243,2230,2321,2354,2325,2318,2341,2381,2402,2441,2456,2508,2507,2515,2534,2531,2559,2559,2557,2553,2576,2630,2577,2580,2582,2592,2590,2583,2590,2588,2583,2587,2584,2595,2588,2653,2591,2604,2596,2622,2612,2614,2628,2622,2694,2637,2648,2640,2641,2698,2711,2648,2635,2628,2631,2637,2635,2623,2614,2620,2609,2613,2637,2631,2687,2633,2626,2640,2647,2642,2656,2657,2661,2683,2678,2684,2678,2692,2675,2691,2686,2692,2691,2687,2692,2683,2755,2682,2676,2671,2682,2674,2683,2669,2673,2684,2680,2674,2683,2680,2693,2680,2686,2681,2679,2687,2690,2691,2687,2693,2692,2744,2681,2691,2672,2683,2681,2731,2674,2674,2663,2659,2655,2663,2659,2650,2649,2659,2642,2653,2660,2659,2660,2660,2657,2654,2653,2736,2656,2664,2684,2670,2678,2683,2683,2681,2683,2675,2681,2681,2701,2699,2690,2690,2700,2700,2702,2698,2763,2701,2702,2690,2690,2691,2687,2708,2694,2707,2707,2695,2704,2697,2749,2690,2700,2691,2698,2760,2691,2701,2699,2699,2692,2694,2683,2692,2692,2678,2680,2745,2673,2668,2663,2647,2659,2649,2628,2633,2617,2609,2670,2599,2570,2567,2559,2545,2550,2535,2524,2595,2519,2499,2511,2520,2518,2512,2512,2572,2518,2524,2513,2532,2596,2552,2551,2538,2548,2533,2546,2553,2593,2523,2528,2530,2538,2536,2514,2595,2520,2514,2506,2512,2509,2512,2513,2508,2501,2523,2509,2517,2499,2494,2507,2523,2508,2517,2510,2516,2517,2507,2502,2488,2548,2481,2467,2530,2475,2463,2442,2501,2456,2461,2444,2455,2446,2443,2440,2435,2415,2407,2396,2372,2366,2360,2364,2360,2355,2360,2353,2367,2370,2420,2351,2364,2435,2365,2370,2375,2395,2391,2400,2440,2452,2488,2486,2504,2586,2550,2576,2569,2620,2619,2670,2696,2648,2641,2636
ExpoMarker,2657,2644,2660,2649,2639,2651,2638,2648,2644,2627,2645,2650,2639,2644,2648,2638,2649,2655,2664,2672,2670,2666,2680,2680,2745,2674,2674,2684,2682,2682,2661,2661,2722,2661,2654,2651,2664,2644,2636,2638,2639,2703,2636,2660,2657,2661,2660,2728,2672,2685,2680,2682,2690,2693,2699,2691,2689,2700,2698,2690,2691,2752,2700,2700,2759,2763,2683,2692,2694,2690,2691,2672,2682,2671,2744,2682,2677,2687,2695,2678,2689,2760,2691,2698,2696,2690,2699,2701,2701,2700,2764,2692,2681,2693,2675,2684,2675,2673,2666,2674,2665,2673,2731,2649,2649,2660,2658,2651,2663,2656,2649,2665,2673,2672,2675,2672,2669,2668,2674,2682,2679,2690,2691,2683,2692,2700,2700,2700,2696,2707,2758,2703,2705,2708,2708,2708,2767,2708,2706,2765,2707,2704,2693,2708,2708,2709,2697,2695,2704,2707,2708,2708,2701,2685,2701,2691,2752,2701,2690,2700,2692,2681,2687,2693,2676,2676,2674,2669,2669,2707,2658,2641,2637,2637,2609,2619,2593,2591,2623,2559,2546,2541,2608,2520,2505,2519,2517,2567,2523,2514,2524,2537,2533,2598,2522,2539,2526,2543,2540,2536,2535,2543,2551,2541,2541,2534,2528,2535,2522,2524,2513,2523,2524,2509,2519,2517,2502,2523,2522,2488,2509,2513,2518,2504,2522,2510,2516,2519,2521,2509,2509,2517,2520,2505,2496,2496,2491,2472,2534,2470,2467,2456,2452,2446,2455,2456,2459,2446,2456,2428,2432,2426,2415,2400,2393,2374,2372,2370,2426,2346,2356,2347,2366,2353,2422,2369,2369,2355,2362,2358,2355,2384,2383,2395,2401,2440,2451,2490,2483,2496,2524,2559,2571,2569,2595,2622,2621,2631,2639,2651,2643,2640,2635,2646,2724,2660,2660,2713,2634,2646,2637,2648,2641,2648,2648,2706,2639,2652,2663,2662,2658,2668,2659,2720,2686,2678,2666,2677,2669,2685
ExpoMarker,2661,2736,2672,2675,2664,2659,2652,2648,2660,2652,2651,2627,2645,2642,2650,2652,2660,2652,2655,2672,2661,2670,2684,2671,2690,2692,2699,2696,2700,2691,2758,2701,2684,2701,2701,2687,2695,2687,2687,2752,2680,2754,2693,2682,2674,2685,2684,2678,2681,2686,2693,2692,2694,2683,2682,2692,2701,2691,2701,2700,2690,2701,2700,2752,2684,2689,2669,2685,2686,2675,2659,2670,2660,2675,2671,2642,2712,2659,2651,2661,2660,2712,2661,2645,2660,2659,2653,2670,2668,2675,2676,2685,2682,2682,2692,2681,2682,2696,2702,2690,2701,2704,2766,2705,2694,2701,2695,2703,2707,2697,2705,2697,2707,2705,2770,2703,2708,2696,2757,2705,2701,2697,2707,2705,2698,2697,2687,2700,2701,2689,2687,2752,2692,2700,2755,2694,2683,2690,2683,2742,2684,2673,2717,2733,2648,2641,2652,2645,2694,2621,2606,2600,2590,2557,2636,2580,2559,2537,2531,2509,2513,2514,2510,2515,2513,2509,2520,2517,2520,2514,2587,2521,2528,2524,2539,2544,2547,2542,2539,2551,2546,2539,2534,2535,2528,2521,2532,2510,2520,2505,2506,2520,2519,2507,2506,2490,2516,2506,2505,2496,2583,2502,2513,2508,2506,2513,2519,2569,2521,2519,2498,2491,2489,2474,2459,2517,2443,2506,2458,2433,2421,2432,2432,2409,2419,2426,2424,2465,2395,2377,2400,2376,2378,2358,2356,2356,2367,2367,2429,2356,2365,2361,2369,2363,2413,2371,2433,2393,2468,2429,2419,2432,2463,2506,2506,2513,2612,2559,2651,2605,2600,2610,2621,2633,2638,2644,2631,2637,2648,2658,2654,2652,2644,2651,2638,2647,2710,2648,2706,2635,2651,2642,2635,2657,2652,2649,2670,2666,2657,2670,2674,2681,2672,2673,2683,2680,2664,2673,2671,2657,2672,2656,2649,2654,2662,2654,2653,2648,2644,2702,2642,2646,2650,2647,2659,2666,2664,2672,2679,2670
ExpoMarker,2684,2701,2752,2690,2690,2697,2690,2692,2690,2695,2700,2690,2687,2694,2693,2754,2693,2692,2695,2684,2667,2728,2665,2744,2744,2681,2684,2752,2683,2685,2701,2701,2752,2701,2702,2701,2760,2760,2687,2754,2693,2664,2686,2682,2731,2672,2675,2665,2672,2657,2651,2707,2656,2655,2654,2661,2704,2656,2723,2650,2664,2669,2725,2683,2683,2674,2684,2683,2677,2752,2694,2683,2682,2687,2690,2689,2695,2700,2690,2701,2704,2695,2701,2697,2705,2698,2697,2707,2706,2692,2705,2709,2697,2707,2696,2708,2707,2697,2697,2708,2707,2708,2700,2687,2685,2702,2691,2698,2761,2693,2694,2695,2691,2676,2670,2668,2655,2664,2663,2647,2647,2645,2623,2621,2597,2595,2590,2573,2554,2559,2541,2532,2526,2521,2513,2509,2580,2519,2523,2517,2507,2583,2523,2523,2538,2528,2588,2523,2536,2545,2538,2551,2551,2533,2534,2525,2539,2513,2568,2507,2517,2510,2523,2509,2501,2487,2501,2559,2494,2502,2502,2508,2489,2496,2505,2552,2508,2508,2499,2501,2505,2503,2494,2485,2482,2462,2474,2456,2445,2456,2449,2445,2447,2432,2439,2428,2433,2429,2415,2399,2396,2385,2361,2364,2342,2323,2334,2336,2320,2303,2284,2278,2275,2329,2275,2274,2277,2290,2318,2328,2354,2343,2348,2428,2367,2374,2385,2372,2450,2416,2454,2451,2478,2510,2532,2572,2581,2608,2620,2667,2620,2634,2631,2637,2628,2641,2634,2641,2620,2631,2629,2626,2623,2623,2623,2623,2638,2632,2640,2636,2649,2658,2662,2672,2671,2722,2674,2734,2669,2667,2673,2659,2668,2668,2665,2658,2659,2656,2661,2656,2720,2647,2699,2641,2646,2648,2642,2636,2645,2651,2664,2660,2651,2672,2670,2673,2680,2742,2684,2749,2693,2691,2689,2701,2687,2697,2700,2700,2696,2702,2698,2681,2680,2691,2687,2683,2666,2674,2673,2681
ExpoMarker,2673,2685,2678,2692,2682,2677,2683,2674,2697,2690,2687,2762,2699,2686,2750,2700,2702,2694,2739,2687,2673,2682,2672,2729,2674,2672,2664,2672,2658,2663,2724,2649,2660,2708,2650,2662,2660,2668,2733,2674,2673,2674,2676,2675,2684,2693,2694,2680,2692,2680,2699,2687,2695,2701,2686,2769,2697,2705,2695,2704,2697,2704,2696,2697,2708,2707,2707,2766,2697,2707,2695,2697,2697,2708,2708,2766,2697,2703,2707,2698,2694,2682,2701,2701,2699,2760,2692,2694,2686,2682,2682,2679,2684,2664,2668,2666,2724,2661,2695,2638,2617,2609,2613,2600,2585,2581,2576,2559,2608,2539,2528,2534,2509,2509,2559,2499,2499,2515,2499,2502,2521,2508,2531,2522,2523,2527,2538,2542,2600,2549,2537,2546,2535,2526,2533,2533,2515,2583,2520,2515,2490,2497,2505,2491,2559,2503,2493,2480,2490,2476,2483,2484,2476,2476,2489,2476,2487,2479,2478,2469,2463,2465,2458,2454,2437,2420,2416,2411,2405,2411,2410,2397,2472,2396,2386,2387,2374,2365,2357,2370,2394,2458,2384,2379,2356,2336,2402,2346,2352,2336,2342,2342,2350,2344,2345,2341,2355,2348,2341,2340,2355,2412,2380,2416,2435,2432,2515,2474,2578,2525,2625,2577,2598,2615,2618,2672,2634,2628,2623,2629,2625,2650,2646,2647,2630,2638,2646,2632,2623,2634,2681,2630,2634,2640,2646,2646,2703,2660,2659,2672,2670,2673,2663,2672,2669,2663,2681,2746,2736,2673,2676,2665,2660,2658,2646,2644,2650,2638,2640,2645,2638,2636,2640,2640,2647,2647,2656,2660,2659,2735,2664,2673,2684,2666,2752,2680,2680,2701,2690,2689,2691,2686,2687,2699,2752,2697,2701,2687,2681,2754,2695,2674,2679,2681,2676,2684,2685,2672,2740,2686,2682,2682,2691,2684,2693,2738,2759,2701,2701,2752,2699,2690,2700,2699,2696,2680,2693,2677,2673,2682
ExpoMarker,2663,2675,2664,2650,2661,2650,2661,2650,2650,2660,2669,2664,2653,2665,2658,2659,2676,2682,2680,2740,2683,2737,2682,2695,2676,2693,2685,2690,2701,2700,2695,2709,2704,2696,2707,2705,2709,2707,2704,2696,2706,2708,2697,2709,2702,2696,2704,2696,2756,2707,2708,2696,2708,2768,2690,2697,2701,2701,2700,2694,2692,2690,2702,2682,2694,2681,2680,2744,2671,2724,2673,2672,2660,2639,2652,2632,2623,2621,2669,2610,2608,2590,2568,2559,2559,2537,2533,2531,2508,2520,2523,2512,2523,2520,2519,2517,2509,2508,2533,2513,2524,2532,2541,2551,2540,2607,2538,2534,2531,2526,2584,2532,2595,2536,2530,2502,2518,2513,2498,2506,2503,2497,2509,2507,2505,2503,2505,2507,2489,2504,2493,2490,2505,2517,2508,2502,2559,2496,2507,2501,2487,2482,2474,2458,2463,2460,2455,2454,2455,2507,2459,2449,2434,2441,2436,2407,2412,2415,2460,2395,2376,2357,2366,2354,2350,2349,2345,2342,2355,2346,2340,2338,2406,2339,2344,2353,2339,2347,2432,2372,2400,2400,2432,2450,2457,2486,2518,2538,2556,2559,2571,2608,2669,2684,2623,2696,2637,2637,2623,2636,2646,2638,2640,2648,2627,2632,2634,2633,2629,2637,2634,2631,2692,2651,2647,2653,2664,2647,2665,2657,2662,2667,2675,2664,2730,2673,2654,2676,2664,2663,2673,2710,2641,2662,2651,2629,2704,2647,2636,2649,2700,2651,2659,2664,2722,2659,2671,2732,2672,2683,2673,2681,2690,2700,2700,2696,2691,2683,2697,2691,2700,2691,2701,2701,2697,2690,2682,2681,2683,2690,2740,2674,2682,2684,2681,2681,2739,2679,2685,2693,2678,2687,2701,2690,2699,2702,2700,2702,2691,2689,2691,2754,2692,2692,2683,2735,2675,2741,2659,2662,2675,2663,2660,2656,2662,2653,2652,2651,2659,2650,2650,2663,2718,2673,2672,2662,2675,2682,2731,2675
ExpoMarker,2680,2692,2690,2684,2693,2690,2690,2687,2706,2709,2697,2709,2709,2708,2706,2755,2706,2707,2707,2698,2708,2706,2768,2708,2707,2704,2698,2702,2697,2708,2704,2697,2707,2695,2697,2700,2748,2701,2691,2691,2689,2690,2752,2683,2680,2739,2669,2680,2717,2735,2663,2646,2628,2647,2697,2610,2619,2611,2604,2592,2567,2559,2544,2528,2536,2523,2515,2505,2513,2513,2504,2519,2513,2513,2519,2512,2517,2580,2536,2528,2533,2528,2539,2533,2545,2608,2548,2538,2538,2525,2524,2530,2534,2519,2511,2523,2517,2509,2494,2524,2515,2499,2502,2566,2489,2496,2509,2498,2505,2504,2502,2496,2492,2505,2520,2510,2505,2494,2464,2488,2459,2462,2470,2454,2502,2460,2455,2447,2456,2450,2432,2445,2434,2496,2408,2408,2387,2381,2358,2360,2364,2341,2332,2347,2344,2338,2356,2354,2335,2342,2352,2343,2354,2352,2338,2361,2358,2389,2406,2429,2461,2452,2486,2504,2599,2532,2559,2571,2590,2611,2625,2607,2680,2632,2637,2623,2634,2637,2638,2648,2640,2640,2647,2640,2633,2635,2638,2623,2697,2621,2632,2635,2647,2656,2724,2673,2670,2723,2666,2666,2665,2674,2671,2676,2672,2669,2660,2662,2661,2660,2658,2656,2660,2656,2638,2648,2650,2633,2643,2642,2713,2651,2648,2659,2640,2668,2660,2732,2672,2682,2692,2692,2692,2702,2691,2701,2687,2686,2702,2685,2682,2752,2679,2752,2754,2681,2681,2685,2684,2684,2733,2671,2674,2747,2676,2675,2676,2683,2683,2674,2681,2678,2755,2693,2693,2754,2676,2694,2696,2680,2690,2682,2692,2672,2683,2670,2675,2674,2669,2735,2659,2722,2659,2652,2650,2648,2637,2709,2663,2648,2661,2641,2664,2662,2661,2666,2724,2675,2682,2672,2677,2683,2672,2687,2693,2687,2690,2690,2699,2700,2690,2752,2762,2692,2697,2763,2692,2696,2687,2690
ExpoMarker,2756,2768,2708,2699,2704,2697,2694,2704,2697,2686,2691,2690,2687,2700,2692,2755,2761,2690,2748,2687,2682,2681,2691,2744,2681,2683,2659,2728,2650,2648,2650,2641,2633,2629,2682,2610,2598,2581,2559,2558,2626,2555,2544,2525,2566,2507,2567,2505,2497,2503,2502,2506,2502,2498,2488,2511,2584,2522,2515,2510,2505,2525,2522,2528,2524,2522,2580,2508,2520,2504,2497,2559,2506,2489,2533,2473,2481,2462,2475,2463,2486,2486,2470,2473,2471,2468,2458,2461,2461,2466,2471,2521,2471,2467,2457,2460,2451,2504,2423,2432,2404,2399,2410,2411,2381,2387,2396,2400,2396,2380,2350,2360,2360,2330,2329,2302,2354,2290,2268,2251,2242,2244,2226,2224,2232,2231,2224,2218,2218,2217,2232,2278,2210,2229,2248,2237,2259,2258,2291,2309,2342,2374,2380,2396,2441,2451,2463,2559,2519,2520,2542,2611,2568,2570,2574,2567,2591,2572,2582,2594,2591,2598,2608,2602,2606,2597,2593,2594,2649,2648,2603,2606,2623,2608,2620,2633,2623,2627,2633,2625,2648,2646,2636,2647,2651,2650,2647,2633,2634,2632,2628,2618,2633,2623,2611,2611,2621,2623,2623,2634,2635,2644,2651,2640,2646,2660,2676,2732,2662,2736,2683,2679,2680,2692,2685,2683,2691,2682,2752,2675,2753,2693,2681,2739,2685,2682,2678,2673,2684,2686,2669,2679,2675,2670,2680,2685,2670,2748,2692,2685,2693,2689,2687,2700,2681,2682,2690,2681,2681,2692,2674,2673,2680,2660,2654,2656,2643,2658,2645,2648,2649,2660,2648,2631,2703,2651,2660,2653,2659,2653,2661,2675,2675,2672,2682,2670,2676,2673,2684,2683,2676,2685,2681,2699,2700,2690,2690,2701,2692,2687,2683,2698,2690,2699,2699,2687,2693,2698,2697,2708,2693,2759,2707,2694,2690,2701,2761,2689,2689,2701,2701,2701,2701,2700,2698,2681,2683,2753,2681,2685
ExpoMarker,2663,2669,2664,2660,2641,2651,2637,2647,2689,2613,2597,2585,2591,2583,2578,2550,2611,2537,2533,2515,2512,2501,2494,2502,2496,2498,2502,2504,2489,2508,2507,2519,2516,2509,2531,2531,2595,2537,2532,2529,2508,2514,2510,2515,2507,2496,2501,2496,2487,2475,2480,2489,2485,2486,2468,2486,2475,2480,2546,2459,2466,2460,2473,2463,2459,2469,2461,2468,2472,2463,2469,2449,2503,2432,2416,2406,2414,2432,2398,2385,2397,2382,2400,2459,2369,2360,2355,2359,2326,2320,2293,2288,2276,2254,2252,2228,2225,2238,2237,2224,2231,2227,2209,2217,2213,2205,2216,2229,2279,2243,2260,2276,2324,2320,2340,2382,2384,2425,2460,2456,2482,2559,2516,2591,2546,2567,2556,2581,2570,2580,2571,2582,2592,2596,2582,2592,2588,2654,2591,2650,2593,2643,2573,2644,2610,2663,2667,2620,2625,2634,2635,2629,2635,2648,2648,2632,2648,2645,2640,2706,2710,2637,2617,2629,2623,2633,2623,2621,2632,2623,2605,2629,2630,2633,2638,2623,2633,2627,2652,2648,2662,2674,2670,2676,2693,2692,2680,2693,2689,2760,2692,2692,2685,2692,2752,2675,2682,2742,2684,2671,2678,2684,2675,2685,2682,2737,2683,2683,2678,2685,2685,2682,2692,2691,2695,2692,2699,2759,2693,2693,2694,2693,2692,2687,2683,2683,2673,2682,2662,2667,2660,2664,2652,2648,2648,2649,2661,2658,2659,2660,2655,2661,2661,2651,2661,2672,2661,2666,2673,2682,2681,2672,2694,2684,2692,2685,2681,2701,2700,2701,2690,2695,2704,2696,2708,2707,2695,2698,2705,2707,2755,2704,2708,2707,2705,2769,2693,2769,2698,2708,2707,2697,2708,2707,2756,2701,2690,2690,2690,2698,2701,2691,2687,2693,2693,2692,2756,2672,2681,2670,2659,2658,2663,2651,2646,2708,2638,2626,2609,2593,2593,2577,2576,2538,2538,2538,2522,2519,2485,2506
ExpoMarker,2492,2509,2505,2503,2496,2505,2507,2510,2567,2523,2518,2532,2514,2536,2532,2529,2596,2519,2559,2519,2519,2506,2499,2502,2497,2493,2472,2489,2489,2483,2530,2542,2484,2491,2487,2470,2459,2535,2475,2475,2470,2460,2457,2463,2460,2469,2451,2459,2456,2438,2427,2427,2417,2473,2411,2380,2384,2397,2399,2386,2370,2360,2366,2341,2329,2308,2303,2280,2264,2251,2321,2243,2236,2230,2218,2224,2286,2211,2213,2203,2215,2213,2210,2258,2289,2241,2279,2269,2292,2322,2348,2371,2403,2432,2438,2526,2535,2567,2534,2547,2552,2548,2543,2552,2581,2566,2567,2559,2584,2592,2590,2585,2592,2591,2587,2580,2585,2589,2592,2590,2672,2602,2591,2616,2617,2637,2631,2631,2639,2632,2636,2645,2640,2648,2648,2639,2637,2635,2622,2631,2635,2635,2636,2619,2618,2623,2608,2627,2629,2697,2621,2639,2648,2650,2664,2660,2668,2725,2683,2683,2692,2694,2693,2690,2755,2693,2694,2695,2678,2683,2693,2682,2671,2682,2684,2677,2683,2666,2670,2672,2685,2673,2683,2681,2675,2685,2682,2693,2675,2687,2700,2700,2695,2696,2702,2686,2682,2692,2685,2673,2681,2738,2661,2661,2723,2649,2659,2718,2660,2663,2651,2655,2653,2640,2637,2641,2660,2653,2661,2718,2648,2662,2672,2681,2674,2684,2680,2683,2682,2683,2693,2691,2676,2701,2749,2696,2701,2699,2693,2687,2686,2752,2700,2700,2683,2692,2687,2702,2696,2707,2705,2702,2700,2764,2700,2687,2697,2695,2692,2687,2697,2700,2696,2687,2698,2681,2684,2753,2690,2690,2676,2672,2683,2682,2673,2672,2663,2649,2647,2645,2623,2632,2675,2607,2595,2593,2592,2566,2553,2535,2529,2528,2509,2508,2499,2488,2493,2498,2504,2550,2507,2505,2508,2494,2569,2510,2508,2516,2522,2526,2536,2536,2523,2519,2518,2512,2523,2496,2505,2499
ExpoMarker,2475,2486,2475,2480,2482,2476,2475,2487,2480,2471,2466,2462,2469,2474,2474,2470,2466,2461,2476,2471,2470,2468,2516,2450,2436,2426,2415,2408,2410,2409,2391,2376,2389,2396,2390,2398,2367,2432,2359,2343,2339,2326,2321,2288,2281,2279,2261,2321,2249,2288,2240,2236,2228,2218,2228,2224,2231,2232,2217,2218,2217,2303,2323,2365,2386,2403,2404,2411,2455,2477,2523,2509,2519,2539,2576,2589,2599,2610,2609,2610,2609,2623,2682,2635,2620,2621,2625,2634,2632,2623,2636,2634,2619,2608,2685,2627,2628,2636,2636,2636,2658,2653,2640,2656,2673,2662,2653,2659,2672,2731,2674,2666,2650,2708,2662,2660,2652,2646,2645,2651,2635,2628,2645,2647,2642,2651,2635,2696,2721,2649,2643,2662,2660,2672,2686,2684,2694,2687,2738,2698,2701,2687,2691,2701,2700,2762,2701,2685,2690,2692,2690,2682,2686,2677,2683,2681,2664,2672,2685,2675,2730,2684,2693,2687,2691,2694,2687,2700,2690,2701,2746,2701,2762,2700,2690,2680,2692,2743,2675,2673,2683,2658,2675,2661,2671,2733,2651,2662,2652,2647,2656,2717,2661,2648,2660,2660,2651,2663,2653,2674,2661,2672,2670,2681,2683,2667,2673,2694,2694,2687,2679,2741,2700,2699,2701,2701,2696,2691,2707,2704,2707,2706,2697,2706,2706,2704,2708,2704,2705,2708,2697,2708,2756,2706,2707,2698,2687,2700,2696,2755,2699,2689,2699,2701,2689,2691,2692,2675,2680,2682,2686,2683,2685,2673,2673,2670,2645,2662,2646,2628,2635,2620,2676,2600,2599,2583,2574,2556,2541,2536,2537,2513,2573,2505,2503,2494,2506,2514,2521,2506,2515,2519,2517,2537,2524,2533,2525,2548,2545,2552,2538,2519,2529,2590,2537,2584,2594,2518,2516,2512,2516,2516,2513,2503,2499,2505,2496,2498,2491,2505,2509,2505,2504,2495,2491,2496,2505,2506,2508,2496
ExpoMarker,2501,2474,2475,2469,2456,2461,2456,2453,2435,2445,2444,2432,2434,2429,2414,2412,2405,2472,2378,2396,2381,2360,2352,2330,2338,2320,2314,2374,2312,2314,2319,2376,2319,2303,2303,2297,2302,2315,2323,2381,2335,2348,2372,2381,2379,2483,2457,2486,2505,2538,2533,2545,2572,2643,2668,2595,2609,2624,2620,2613,2636,2623,2622,2679,2627,2690,2623,2616,2618,2608,2621,2614,2604,2617,2632,2634,2646,2662,2660,2660,2657,2661,2724,2662,2675,2671,2729,2662,2672,2734,2650,2658,2656,2652,2650,2650,2644,2637,2647,2638,2644,2648,2703,2651,2648,2638,2660,2645,2665,2675,2672,2680,2684,2680,2694,2686,2689,2698,2701,2695,2699,2700,2687,2687,2701,2691,2681,2680,2675,2742,2693,2694,2684,2673,2672,2683,2680,2683,2692,2687,2746,2694,2693,2677,2690,2692,2692,2697,2701,2748,2690,2693,2745,2684,2686,2729,2666,2728,2662,2644,2664,2648,2650,2661,2649,2660,2645,2714,2651,2659,2648,2644,2705,2652,2672,2672,2661,2661,2662,2664,2681,2744,2675,2683,2692,2680,2674,2701,2699,2696,2700,2700,2695,2708,2696,2762,2707,2696,2764,2708,2697,2705,2757,2695,2705,2706,2696,2699,2708,2707,2708,2706,2708,2702,2701,2761,2698,2698,2690,2689,2697,2690,2687,2690,2693,2693,2673,2672,2670,2675,2728,2660,2656,2651,2631,2625,2605,2623,2610,2606,2588,2635,2612,2553,2538,2515,2512,2510,2569,2505,2486,2508,2506,2499,2499,2519,2576,2522,2528,2528,2582,2535,2532,2533,2537,2527,2521,2524,2516,2538,2533,2535,2518,2513,2508,2493,2559,2499,2502,2496,2496,2483,2500,2566,2496,2475,2485,2477,2486,2476,2487,2487,2476,2484,2489,2542,2485,2481,2534,2474,2446,2517,2438,2490,2425,2483,2432,2427,2473,2426,2400,2398,2395,2386,2369,2384,2369,2352,2317,2299
ExpoMarker,2280,2288,2282,2353,2264,2277,2276,2263,2269,2264,2337,2268,2273,2265,2275,2290,2289,2297,2337,2335,2332,2369,2411,2485,2440,2470,2545,2520,2528,2551,2547,2557,2545,2572,2590,2599,2667,2603,2661,2605,2604,2598,2599,2604,2596,2594,2606,2609,2677,2600,2623,2635,2648,2648,2648,2659,2657,2661,2672,2674,2672,2662,2668,2674,2665,2668,2661,2659,2652,2649,2640,2634,2709,2636,2638,2631,2627,2640,2644,2637,2663,2711,2647,2669,2662,2672,2672,2691,2677,2694,2693,2696,2700,2700,2752,2692,2692,2726,2683,2689,2693,2693,2693,2679,2687,2670,2682,2679,2685,2685,2741,2683,2669,2694,2683,2695,2682,2692,2690,2700,2690,2702,2701,2700,2762,2682,2687,2681,2733,2667,2685,2674,2672,2673,2670,2652,2652,2657,2651,2651,2651,2724,2661,2663,2654,2652,2662,2667,2665,2669,2667,2672,2673,2673,2684,2671,2682,2677,2694,2686,2701,2702,2701,2701,2700,2702,2761,2697,2694,2707,2699,2703,2707,2706,2695,2707,2705,2696,2704,2696,2697,2697,2703,2697,2765,2708,2696,2690,2690,2689,2701,2700,2687,2699,2691,2683,2692,2680,2677,2692,2684,2673,2684,2672,2662,2659,2718,2640,2640,2625,2610,2612,2606,2579,2576,2567,2536,2552,2528,2531,2580,2520,2523,2513,2506,2500,2507,2511,2523,2515,2515,2524,2530,2524,2537,2533,2524,2548,2545,2536,2532,2531,2592,2538,2527,2520,2528,2582,2500,2511,2507,2498,2488,2496,2506,2498,2502,2502,2500,2508,2491,2566,2504,2504,2505,2502,2559,2508,2503,2551,2504,2483,2463,2475,2463,2446,2442,2432,2434,2440,2437,2438,2432,2438,2419,2425,2421,2402,2399,2394,2371,2366,2345,2400,2326,2333,2311,2319,2311,2311,2316,2385,2316,2313,2321,2321,2320,2310,2334,2366,2361,2414,2400,2480,2455,2483,2485,2520,2531,2549
ExpoMarker,2598,2602,2609,2621,2610,2610,2623,2634,2632,2633,2695,2635,2623,2633,2619,2611,2620,2623,2611,2634,2630,2638,2648,2650,2628,2660,2654,2661,2649,2644,2638,2636,2644,2636,2641,2712,2633,2623,2636,2636,2622,2628,2634,2627,2619,2620,2617,2622,2633,2630,2623,2626,2648,2647,2650,2660,2672,2664,2661,2682,2681,2684,2692,2687,2752,2676,2689,2692,2692,2739,2690,2692,2694,2687,2681,2664,2672,2685,2673,2745,2683,2676,2684,2672,2731,2679,2676,2740,2692,2694,2703,2700,2700,2762,2689,2697,2687,2687,2694,2691,2687,2681,2675,2677,2672,2658,2667,2663,2651,2656,2660,2656,2649,2659,2723,2664,2657,2652,2646,2676,2663,2672,2669,2672,2673,2682,2673,2673,2683,2687,2683,2694,2676,2697,2685,2698,2696,2763,2707,2708,2697,2700,2704,2696,2696,2696,2707,2698,2704,2708,2706,2708,2708,2706,2696,2708,2692,2772,2705,2697,2697,2696,2700,2702,2701,2691,2696,2686,2692,2755,2682,2693,2691,2683,2683,2682,2736,2672,2660,2709,2634,2697,2610,2602,2608,2597,2572,2570,2551,2552,2606,2535,2532,2521,2507,2498,2497,2496,2519,2517,2572,2517,2508,2509,2535,2531,2530,2532,2524,2547,2547,2529,2524,2522,2528,2537,2536,2510,2565,2517,2586,2507,2504,2494,2494,2497,2506,2492,2502,2493,2499,2494,2505,2558,2508,2498,2559,2496,2506,2502,2508,2502,2496,2470,2476,2474,2456,2536,2454,2452,2441,2443,2434,2440,2440,2437,2445,2491,2406,2407,2406,2400,2393,2372,2363,2411,2352,2328,2328,2323,2316,0,2303,2312,0,2315,2312,0,2321,2316,0,2316,2322,0,2311,2377,0,2334,2416,0,2361,2455,0,2432,2410,0,2428,2464,2461,2504,2486,0,2509,2539,0,2551,2552,0,2582,2596,0,2605,2619,0,2610,2633,0,2635,2626,0
ExpoMarker,2623,2627,2626,2689,2623,2620,2623,2618,2636,2627,2638,2692,2641,2648,2653,2665,2664,2659,2668,2737,2729,2666,2671,2670,2732,2673,2663,2653,2650,2661,2646,2636,2647,2646,2636,2705,2649,2699,2714,2646,2700,2661,2663,2654,2661,2671,2684,2683,2694,2693,2692,2756,2698,2698,2701,2700,2700,2687,2700,2763,2694,2691,2687,2694,2686,2686,2683,2685,2685,2684,2670,2741,2680,2686,2693,2684,2694,2692,2686,2690,2755,2700,2687,2696,2702,2691,2694,2681,2691,2689,2733,2741,2732,2674,2674,2672,2660,2650,2660,2718,2647,2658,2664,2653,2649,2653,2648,2658,2675,2661,2672,2737,2679,2674,2685,2672,2682,2740,2693,2676,2680,2692,2700,2701,2701,2684,2697,2691,2697,2759,2708,2692,2698,2707,2754,2695,2706,2757,2708,2708,2706,2707,2707,2704,2771,2694,2761,2708,2704,2698,2698,2765,2687,2752,2690,2702,2701,2695,2690,2683,2693,2680,2683,2674,2683,2675,2670,2664,2661,2698,2646,2640,2627,2621,2605,2673,2594,2587,2559,2559,2544,2535,2532,2524,2514,2518,2515,2496,2515,2520,2577,2518,2519,2537,2520,2529,2513,2539,2552,2537,2532,2529,2521,2538,2537,2520,2515,2505,2521,2517,2522,2507,2494,2504,2492,2504,2499,2509,2504,2505,2497,2508,2508,2504,2504,2500,2508,2503,2491,2493,2501,2491,2506,2497,2477,2486,2457,2464,2446,2458,2451,2499,2441,2439,2432,2441,2445,2441,2481,2407,2403,2400,2395,2372,2365,2352,2331,2339,2316,2325,2315,2320,2300,2314,2311,2312,2309,2325,2321,2320,2384,2325,2324,2326,2350,2377,2380,2397,2421,2458,2458,2477,2559,2531,2616,2559,2577,2588,2670,2594,2623,2676,2621,2621,2626,2637,2627,2624,2626,2629,2699,2629,2635,2621,2623,2606,2620,2623,2632,2628,2636,2647,2640,2653,2658,2659,2672,2671,2660,2666
ExpoMarker,2719,2649,2662,2659,2651,2654,2640,2647,2651,2639,2641,2634,2637,2651,2650,2641,2633,2725,2649,2672,2674,2672,2733,2681,2682,2756,2698,2690,2702,2699,2690,2701,2698,2702,2701,2696,2701,2682,2681,2681,2695,2687,2683,2675,2685,2683,2676,2683,2691,2694,2755,2692,2691,2681,2680,2701,2685,2690,2702,2697,2687,2701,2699,2742,2693,2694,2692,2677,2684,2672,2660,2672,2663,2650,2660,2658,2653,2661,2664,2664,2659,2649,2659,2670,2665,2672,2670,2735,2684,2685,2677,2738,2682,2675,2695,2692,2678,2682,2700,2690,2701,2687,2707,2708,2696,2769,2697,2708,2696,2697,2757,2706,2705,2708,2707,2706,2759,2706,2704,2697,2695,2697,2708,2695,2697,2763,2700,2696,2702,2700,2697,2757,2694,2694,2682,2687,2675,2731,2685,2683,2672,2661,2659,2650,2712,2631,2637,2684,2606,2591,2590,2559,2552,2559,2549,2547,2525,2510,2504,2519,2523,2512,2505,2519,2514,2510,2519,2538,2534,2532,2529,2536,2606,2603,2548,2544,2542,2518,2524,2520,2526,2534,2520,2515,2508,2518,2505,2503,2503,2498,2505,2496,2496,2507,2503,2559,2503,2496,2490,2502,2493,2496,2505,2504,2499,2559,2504,2501,2471,2483,2464,2465,2454,2503,2456,2456,2446,2449,2459,2446,2440,2438,2497,2444,2411,2402,2397,2384,2381,2370,2370,2343,2350,2342,2345,2352,2350,2413,2349,2345,2354,2344,2347,2396,2344,2345,2351,2364,2380,2382,2421,2442,2466,2505,2521,2511,2549,2559,2582,2599,2625,2623,2637,2636,2633,2628,2635,2648,2634,2636,2640,2638,2619,2690,2622,2625,2623,2623,2634,2626,2626,2640,2644,2661,2659,2673,2671,2669,2671,2656,2662,2662,2662,2662,2665,2674,2673,2723,2649,2660,2707,2647,2648,2650,2651,2647,2645,2649,2638,2695,2647,2658,2654,2664,2673,2667,2681,2681,2687,2687
ExpoMarker,2752,2690,2701,2700,2701,2763,2700,2700,2695,2687,2683,2689,2691,2676,2756,2683,2692,2683,2673,2676,2683,2682,2672,2693,2694,2682,2693,2689,2747,2701,2692,2687,2697,2701,2687,2689,2695,2682,2685,2693,2667,2683,2673,2737,2675,2667,2671,2717,2650,2649,2657,2652,2648,2661,2650,2653,2662,2650,2660,2731,2673,2685,2745,2683,2666,2683,2675,2678,2684,2691,2683,2694,2699,2696,2763,2701,2759,2697,2707,2694,2760,2704,2707,2702,2766,2767,2707,2697,2699,2699,2696,2704,2704,2708,2695,2768,2706,2697,2707,2700,2687,2701,2701,2762,2701,2701,2699,2701,2691,2691,2675,2681,2692,2732,2745,2673,2664,2663,2653,2719,2646,2612,2611,2620,2614,2670,2582,2567,2559,2559,2538,2535,2526,2516,2516,2576,2509,2521,2583,2514,2510,2523,2518,2512,2510,2526,2530,2531,2527,2532,2549,2529,2540,2550,2515,2529,2534,2532,2538,2526,2516,2510,2523,2513,2523,2508,2500,2504,2484,2509,2507,2504,2502,2559,2504,2506,2490,2502,2487,2507,2503,2489,2494,2505,2509,2497,2559,2477,2476,2472,2468,2464,2452,2448,2457,2458,2452,2445,2453,2437,2444,2443,2417,2489,2409,2456,2392,2429,2366,2356,2336,2349,2351,2335,2345,2352,2350,2355,2351,2340,2355,2365,2350,2432,2384,2378,2369,2393,2424,2438,2463,2496,2503,2506,2545,2552,2593,2600,2621,2621,2636,2633,2647,2643,2649,2647,2638,2649,2649,2711,2634,2643,2637,2635,2650,2650,2632,2615,2610,2631,2650,2648,2707,2641,2652,2673,2672,2660,2674,2673,2680,2684,2681,2682,2675,2672,2666,2672,2672,2661,2651,2661,2656,2647,2628,2708,2651,2649,2703,2646,2700,2659,2662,2663,2658,2663,2660,2678,2693,2692,2691,2686,2701,2699,2759,2700,2690,2696,2687,2700,2701,2762,2680,2687,2691,2679,2682,2679,2691,2684
ExpoMarker,2732,2680,2673,2682,2691,2680,2694,2694,2681,2687,2763,2701,2763,2701,2700,2696,2683,2698,2700,2680,2686,2676,2743,2673,2681,2660,2673,2675,2663,2673,2658,2658,2663,2659,2650,2650,2658,2651,2659,2668,2663,2672,2667,2747,2728,2680,2685,2681,2693,2691,2690,2692,2692,2700,2701,2686,2687,2698,2697,2707,2696,2768,2707,2707,2707,2696,2698,2706,2696,2705,2706,2708,2697,2708,2705,2697,2704,2696,2694,2707,2707,2699,2697,2700,2698,2701,2700,2690,2687,2691,2681,2692,2685,2674,2671,2664,2673,2643,2712,2646,2628,2633,2615,2663,2593,2570,2568,2566,2559,2559,2547,2533,2523,2504,2515,2522,2512,2513,2582,2576,2521,2513,2506,2596,2533,2585,2535,2552,2538,2544,2599,2548,2548,2540,2531,2530,2528,2589,2524,2507,2519,2519,2518,2582,2518,2503,2513,2508,2508,2496,2502,2496,2491,2491,2504,2499,2503,2504,2518,2497,2506,2520,2483,2485,2496,2475,2471,2464,2470,2469,2452,2520,2447,2450,2459,2449,2445,2432,2423,2427,2403,2390,2395,2378,2365,2365,2352,2367,2367,2365,2366,2364,2355,2356,2364,2370,2361,2369,2359,2381,2380,2409,2405,2425,2439,2455,2504,2512,2553,2548,2559,2559,2559,2619,2600,0,2623,2635,0,2701,2646,0,2635,2647,0,2642,2637,0,2650,2716,0,2717,2637,0,2640,2644,0,2649,2635,0,2639,2640,0,2631,2651,0,2655,2648,0,2660,2646,0,2726,2658,0,2670,2667,0,2672,2673,0,2662,2667,0,2736,2660,0,2663,2673,0,2656,2652,2650,2650,2699,2641,2650,2651,2639,2647,2637,2647,2723,2658,2662,2673,2669,2678,2669,2694,2694,2680,2676,2699,2746,2701,2699,2701,2700,2698,2700,2687,2697,2700,2681,2689,2680,2740,2680,2693,2687,2682,2683,2672,2679,2691,2682,2694,2690,2685
ExpoMarker,2700,2699,2689,2750,2687,2701,2689,2701,2692,2692,2684,2684,2679,2677,2671,2663,2672,2670,2709,2721,2660,2720,2707,2645,2649,2660,2660,2661,2660,2672,2673,2686,2683,2679,2676,2683,2680,2676,2695,2700,2702,2687,2759,2706,2707,2707,2708,2697,2704,2698,2701,2758,2769,2697,2705,2697,2695,2703,2708,2696,2697,2708,2763,2704,2707,2697,2697,2690,2687,2698,2701,2687,2691,2701,2698,2693,2693,2687,2693,2681,2665,2683,2680,2670,2733,2659,2656,2646,2638,2630,2635,2623,2612,2595,2587,2577,2559,2548,2614,2584,2535,2533,2519,2520,2568,2518,2520,2508,2506,2524,2518,2527,2517,2579,2525,2536,2535,2548,2551,2541,2548,2541,2547,2531,2589,2534,2538,2524,2533,2518,2520,2518,2572,2519,2512,2508,2504,2494,2509,2496,2566,2518,2507,2492,2507,2518,2517,2509,2509,2522,2520,2504,2494,2567,2507,2468,2476,2471,2475,2465,2470,2441,2446,2436,2449,2445,2456,2502,2416,2424,2401,2412,2393,2435,2372,2360,2367,2363,2363,2358,2360,2361,2347,2357,2371,2355,2356,2366,2367,2372,2384,2394,2396,2412,2432,2471,2504,2497,2519,2544,2555,2582,2559,2608,2621,2628,2638,2640,2640,2649,2651,2644,2708,2661,2653,2650,2658,2638,2635,2697,2628,2649,2647,2642,2649,2651,2695,2706,2658,2656,2662,2672,2670,2665,2681,2728,2674,2683,2685,2663,2665,2675,2656,2727,2660,2664,2663,2648,2657,2641,2710,2705,2648,2643,2638,2649,2647,2648,2661,2650,2650,2674,2678,0,2671,2681,0,2754,2682,0,2687,2686,0,2693,2761,0,2700,2753,0,2750,2696,0,2701,2687,0,2692,2682,0,2687,2690,0,2687,2692,0,2674,2682,0,2681,2677,0,2675,2681,0,2683,2691,0,2687,2685,0,2687,2690,0,2689,2694,0,2754,2690,0,2695,2752
ExpoMarker,0,2685,2685,0,2668,2682,0,2665,2672,0,2668,2674,0,2643,2659,0,2650,2664,0,2657,2661,0,2650,2664,0,2654,2652,0,2662,2660,0,2675,2744,0,2669,2670,0,2669,2672,0,2692,2682,0,2687,2687,0,2761,2756,0,2690,2698,2690,2708,2755,2708,2697,2698,2707,2697,2768,2696,2696,2703,2695,2707,2703,2707,2700,2705,2707,2706,2767,2694,2696,2707,2696,2696,2700,2689,2695,2689,2689,2759,2700,2690,2687,2743,2679,2674,2684,2677,2660,2672,2723,2663,2660,2642,2634,2627,2625,2609,2608,2587,2636,2576,2566,2553,2546,2520,2528,2580,2505,2581,2523,2506,2519,2518,2524,2510,2534,2528,2593,2530,2606,2549,2536,2547,2538,2545,2537,2552,2551,2578,2532,2525,2522,2522,2516,2509,2518,2515,2509,2523,2521,2572,2509,2518,2518,2503,2519,2488,2496,2491,2518,2515,2508,2523,2512,2509,2504,2496,2498,2480,2464,2466,2466,2461,2465,2457,2456,2456,2454,2459,2520,2454,2441,2445,2443,2479,2416,2482,2380,2339,2326,2366,2357,2358,2369,2367,2440,2357,2365,2370,2356,2364,2359,2356,2370,2361,2370,2374,2388,2417,2440,2475,2474,2488,2509,2542,2559,2580,2579,2590,2610,2623,2623,2640,2652,2718,2722,2647,2638,2651,2636,2718,2648,2635,2645,2652,2638,2645,2696,2623,2700,2636,2636,2648,2661,2649,2661,2653,2658,2665,2668,2672,2685,2675,2674,2752,2674,2672,2674,2675,2729,2742,2661,2657,2661,2661,2645,2647,2651,2650,2648,2646,2636,2650,2664,2656,2657,2658,2661,2683,2681,2683,2694,2690,2681,2699,2690,2700,2698,2696,2701,2701,2698,2700,2687,2687,2683,2695,2684,2687,2685,2678,2672,2672,2681,2672,2755,2693,2695,2767,2692,2679,2753,2687,2701,2700,2685,2701,2701,2700,2681,2694,2690,2690,2679,2683,2683
ExpoMarker,2731,2662,2672,2650,2649,2659,2654,2651,2658,2653,2661,2658,2663,2715,2670,2662,2659,2676,2686,2671,2683,2682,2679,2692,2695,2676,2677,2691,2701,2700,2698,2701,2705,2709,2708,2698,2706,2691,2696,2696,2707,2707,2696,2705,2708,2769,2707,2708,2698,2779,2693,2697,2707,2707,2697,2698,2701,2760,2700,2702,2698,2773,2700,2684,2765,2694,2750,2682,2684,2659,2673,2659,2658,2660,2646,2625,2633,2609,2610,2598,2576,2569,2578,2559,2539,2623,2537,2523,2508,2516,2517,2521,2523,2512,2590,2518,2515,2530,2531,2525,2521,2532,2543,2553,2550,2615,2535,2552,2552,2540,2514,2533,2512,2528,2528,2523,2591,2520,2508,2515,2520,2523,2585,2505,2509,2500,2523,2509,2504,2494,2492,2577,2523,2508,2517,2506,2512,2510,2517,2504,2497,2504,2484,2472,2471,2456,2450,2451,2450,2530,2455,2446,2456,2454,2440,2432,2416,2411,2399,2388,2396,2376,2381,2354,2367,2365,2365,2361,2439,2369,2364,2365,2353,2362,2370,2364,2374,2380,2371,2396,2410,2421,2445,2489,2506,2504,2532,2538,2581,2573,2590,2599,2611,2705,2630,2723,2638,2645,2638,2649,2641,2652,2645,2715,2718,2630,2639,2649,2647,2628,2647,2699,2637,2634,2653,2662,2660,2659,2673,2660,2673,2674,2670,2663,2742,2664,2672,2672,2675,2661,2653,2658,2641,2656,2652,2645,2641,2648,2628,2638,2647,2631,2639,2648,2639,2644,2661,2666,2736,2672,2740,2673,2682,2693,2695,2685,2678,2694,2702,2766,2699,2698,2680,2681,2692,2692,2693,2692,2681,2754,2682,2684,2674,2669,2685,2673,2676,2673,2683,2684,2692,2687,2763,2694,2694,2686,2680,2701,2676,2691,2687,2692,2695,2693,2679,2676,2741,2669,2737,2672,2717,2656,2649,2656,2661,2637,2636,2659,2657,2635,2661,2652,2663,2658,2660,2658,2672,2685,2672,2682
ExpoMarker,2670,2692,2694,2685,2692,2752,2700,2701,2701,2701,2758,2767,2700,2691,2698,2701,2766,2698,2692,2698,2701,2708,2704,2699,2707,2704,2700,2701,2690,2768,2690,2691,2687,2699,2690,2700,2701,2691,2687,2687,2693,2692,2686,2669,2680,2672,2684,2671,2662,2652,2651,2645,2637,2630,2604,2604,2664,2581,2576,2568,2541,2538,2603,2506,2498,2508,2510,2500,2504,2493,2498,2498,2497,2504,2517,2591,2519,2520,2520,2534,2524,2596,2538,2531,2602,2534,2519,2519,2509,2505,2520,2505,2508,2508,2576,2504,2476,2480,2473,2486,2483,2477,2485,2476,2475,2480,2552,2485,2483,2490,2485,2484,2467,2474,2484,2477,2461,2454,2453,2444,2425,2419,2424,2409,2467,2392,2479,2483,2391,2394,2396,2381,2361,2355,2336,2326,2301,2300,2303,2290,2274,2269,2256,2316,2259,2252,2255,2262,2256,2252,2243,2240,2251,2264,2260,2245,2265,2289,2325,2352,2394,2420,2429,2441,2469,2571,2523,2537,2523,2545,2552,2582,2576,2655,2581,2576,2587,2593,2581,2605,2587,2594,2607,2603,2606,2605,2603,2678,2600,2609,2605,2596,2610,2628,2620,2628,2633,2636,2640,2716,2640,2653,2659,2630,2638,2648,2648,2651,2649,2645,2625,2634,2625,2635,2633,2627,2706,2631,2630,2620,2687,2647,2646,2640,2718,2659,2672,2674,2683,2682,2679,2683,2680,2687,2692,2683,2676,2693,2687,2694,2692,2689,2692,2682,2678,2685,2666,2675,2671,2681,2675,2684,2672,2668,2673,2681,2681,2750,2680,2689,2694,2692,2760,2698,2701,2691,2693,2682,2748,2752,2681,2672,2682,2672,2669,2660,2719,2660,2663,2642,2727,2659,2652,2659,2654,2660,2659,2663,2651,2675,2675,2672,2740,2683,2682,2677,2683,2665,2682,2693,2693,2682,2691,2698,2701,2698,2701,2690,2700,2700,2695,2695,0,2757,2708,0,2702,2707,0,2696
ExpoMarker,2706,2523,2559,2581,2577,2598,2693,2610,2687,2695,2635,2622,2635,2650,2647,2642,2648,2646,2651,2640,2651,2633,2633,2629,2628,2632,2699,2633,2639,2638,2651,2663,2661,2647,2666,2662,2658,2745,2671,2672,2662,2663,2668,2672,2661,2670,2649,2661,2661,2732,2635,2645,2649,2644,2638,2634,2708,2648,2634,2645,2663,2662,2657,2667,2683,2739,2681,2680,2758,2700,2756,2702,2697,2702,2699,2698,2701,2702,2700,2681,2687,2687,2679,2694,2762,2693,2681,2684,2682,2680,2670,2679,2689,2694,2690,2687,2694,2695,2687,2691,2772,2701,2696,2701,2693,2682,2683,2695,2680,2674,2682,2656,2744,2657,2722,2662,2647,2654,2661,2655,2656,2661,2653,2643,2660,2667,2675,2671,2662,2683,2671,2749,2685,2683,2690,2692,2753,2690,2694,2678,2701,2687,2701,2706,2696,2707,2708,2697,2709,2705,2697,2708,2708,2708,2708,2707,2696,2707,2702,2697,2704,2698,2697,2689,2707,2691,2700,2700,2701,2701,2692,2701,2700,2749,2680,2687,2693,2685,2685,2672,2725,2662,2656,2663,2651,2640,2633,2625,2681,2597,2596,2582,2566,2559,2541,2542,2551,2524,2519,2516,2510,2494,2505,2494,2494,2492,2571,2496,2498,2517,2522,2520,2528,2522,2524,2526,2514,2533,2523,2533,2512,2509,2523,2515,2510,2572,2574,2505,2558,2480,2488,2484,2478,2472,2485,2471,2476,2483,2549,2460,2475,2540,2459,2469,2463,2475,2463,2472,2463,2540,2473,2469,2444,2435,2422,2487,2426,2462,2413,2411,2397,2411,2407,2384,2393,2372,2370,2363,2417,2320,2359,2293,2275,2280,2277,2248,2252,2263,2240,2233,2243,2241,2247,2245,2229,2233,2243,2240,2244,2243,2252,2275,2303,2405,2352,2375,2384,2401,2441,2461,2551,2523,2521,2535,2548,2552,2581,2634,2568,2592,2574,2601,2605,2676,2595,2605,2606,2611,2609,2586
ExpoMarker,2648,2584,2605,2602,2670,2622,2609,2622,2622,2623,2648,2634,2640,2651,2637,2633,2641,2641,2717,2646,2645,2718,2638,2633,2629,2687,2622,2631,2627,2636,2635,2622,2631,2637,2630,2643,2637,2650,2648,2672,2675,2676,2683,2693,2682,2693,2694,2689,2681,2689,2682,2693,2691,2682,2683,2694,2682,2741,2684,2672,2681,2675,2667,2680,2682,2673,2674,2680,2670,2692,2689,2693,2694,2687,2681,2693,2687,2681,2754,2694,2681,2759,2682,2668,2684,2674,2664,2674,2672,2648,2664,2664,2660,2725,2644,2715,2647,2652,2658,2653,2713,2729,2648,2672,2660,2674,2674,2747,2682,2682,2685,2665,2755,2674,2678,2690,2687,2698,2767,2701,2700,2761,2701,2692,2697,2686,2691,2691,2687,2685,2701,2697,2700,2696,2696,2690,2699,2696,2701,2754,2696,2701,2699,2757,2692,2695,2702,2691,2691,2747,2694,2676,2685,2682,2682,2677,2672,2675,2673,2648,2727,2632,2629,2636,2637,2602,2588,2576,2643,2553,2547,2615,2548,2524,2505,2494,2503,2509,2505,2491,2496,2505,2507,2559,2503,2494,2522,2521,2522,2503,2523,2515,2538,2535,2532,2526,2509,2509,2520,2520,2508,2498,2492,2491,2476,2487,2488,2477,2485,2486,2473,2476,2460,2473,2470,2467,2531,2471,2475,2462,2473,2461,2474,2455,2473,2471,2467,2447,2444,2432,2424,2418,2410,2401,2411,2404,2403,2407,2395,2386,2398,2380,2446,2356,2352,2340,2328,2303,2289,2274,2270,2272,2259,2242,2252,2262,2244,2260,2242,2227,2243,2232,2241,2235,2243,2242,2254,2250,2275,2299,2320,2350,2385,2397,2432,2461,2480,2484,2570,2517,2539,2546,2581,2579,2567,2575,2583,2594,2591,2587,2591,2603,2583,2597,2591,2589,2660,2593,2659,2573,2588,2597,2597,2623,2613,2620,2622,2626,2652,2640,2648,2707,2700,2715,2648,2649,2636,2644,2636,2637
ExpoMarker,2615,2629,2626,2637,2623,2613,2616,2631,2622,2619,2623,2649,2648,2636,2664,2665,2740,2673,2667,2685,2681,2686,2692,2687,2682,2680,2694,2694,2681,2682,2695,2685,2693,2679,2684,2673,2672,2674,2683,2683,2672,2664,0,2672,2680,0,2665,2678,0,2745,2678,0,2750,2693,0,2685,2692,0,2682,2682,0,2683,2687,0,2683,2673,2682,2746,2672,2672,2666,2738,2673,2659,2651,2710,2651,2659,2703,2637,2660,2726,2726,2660,2659,2662,2664,2674,2658,2734,2672,2685,2672,2678,2683,2680,2692,2677,2691,2700,2691,2765,2687,2698,2697,2696,2697,2689,2701,2692,2687,2690,2708,2701,2708,2707,2697,2698,2772,2707,2707,2704,2756,2700,2699,2762,2766,2765,2695,2701,2690,2686,2693,2693,2690,2694,2683,2694,2683,2659,2668,2654,2654,2643,2638,2625,2701,2623,2677,2594,2590,2567,2559,2537,2551,2531,2525,2507,2517,2522,2498,2494,2491,2566,2519,2518,2523,2522,2518,2510,2534,2531,2526,2528,2533,2524,2534,2539,2524,2527,2533,2595,2536,2522,2499,2505,2518,2517,2508,2504,2501,2505,2468,2483,2485,2462,2463,2469,2464,2459,2481,2474,2478,2481,2473,2479,2472,2472,2466,2461,2456,2456,2448,2441,2399,2463,2414,2402,2415,2470,2394,2386,2388,2390,2375,2361,2426,2346,2303,2367,2293,2288,2339,2274,2257,2251,2255,2247,2238,2309,2242,2233,2245,2241,2303,2240,2303,2260,2269,2285,2279,2311,2326,2362,2407,2432,2513,2477,2474,2515,2593,2604,2540,2559,2570,2576,2587,2592,2580,2590,2596,2605,2602,2595,2605,2596,2596,2669,2592,2610,2607,2606,2604,2598,2625,2675,2608,2635,2631,2644,2648,2646,2640,2645,2662,2659,2719,2721,2641,2640,2637,2647,2644,2648,2647,2623,2623,2619,2637,2636,2628,2636,2627,2625,2648,2649,2641,2714,2660,2654
ExpoMarker,2684,2735,2683,2693,2690,2690,2694,2687,2691,2677,2682,2676,2682,2692,2692,2695,2692,2675,2683,2683,2670,2681,2674,2672,2681,2684,2683,2673,2685,2684,2679,2758,2681,2694,2701,2694,2701,2765,2696,2683,2692,2687,2682,2682,2679,2678,2721,2733,2672,2653,2728,2664,2644,2649,2652,2663,2649,2648,2661,2659,2654,2660,2653,2727,2671,2661,2683,2681,2744,2670,2674,2683,2682,2691,2693,2701,2696,2687,2700,2701,2764,2692,2694,2697,2700,2690,2691,2701,2696,2697,2708,2706,2695,2707,2693,2705,2697,2694,2695,2701,2686,2691,2699,2685,2696,2702,2701,2763,2685,2687,2680,2694,2689,2693,2745,2683,2683,2654,2672,2674,2655,2661,2636,2647,2623,2626,2611,2605,2593,2577,2559,2559,2539,2535,2528,2535,2505,2515,2571,2496,2509,2496,2496,2519,2521,2517,2512,2572,2506,2530,2524,2524,2594,2533,2532,2525,2514,2530,2529,2525,2528,2534,2515,2508,2511,2521,2521,2501,2500,2498,2506,2500,2496,2502,2502,2496,2505,2503,2496,2505,2499,2500,2494,2504,2492,2496,2497,2497,2471,2476,2485,2463,2469,2422,2416,2411,2408,2404,2400,2403,2398,2472,2414,2466,2477,2382,2363,2355,2346,2328,2337,2318,2298,2288,2288,2280,2302,2296,2303,2289,2297,2303,2303,2301,2319,2312,2303,2333,2407,2352,2366,2388,2406,2439,2441,2480,2486,2515,2514,2559,2648,2596,2661,2623,2608,2612,2620,2628,2636,2633,2632,2632,2692,2620,2690,2635,2636,2630,2633,2628,2628,2627,2620,2700,2648,2638,2663,2660,2651,2661,2670,2664,2664,2674,2653,2663,2662,2646,2634,2644,2695,2649,2647,2646,2625,2634,2699,2638,2632,2687,2634,2633,2637,2635,2646,2707,2713,2652,2649,2660,2672,2673,2683,2682,2686,2693,2690,2681,2686,2685,2694,2692,2682,2692,2692,2682,2689,2685,2683,2673
ExpoMarker,2736,2668,2683,2678,2670,2683,2681,2683,2691,2683,2692,2692,2698,2690,2700,2691,2755,2694,2691,2687,2693,2673,2680,2672,2674,2660,2672,2670,2658,2658,2664,2649,2659,2712,2711,2648,2653,2660,2657,2652,2650,2665,2675,2660,2736,2661,2680,2672,2731,2672,2692,2696,2692,2679,2689,2701,2698,2696,2691,2690,2701,2700,2753,2689,2765,2701,2699,2701,2699,2702,2698,2771,2696,2707,2704,2690,2699,2690,2700,2690,2690,2699,2700,2689,2761,2692,2677,2694,2692,2747,2757,2683,2685,2674,2671,2665,2725,2643,2647,2648,2621,2636,2619,2608,2596,2590,2567,2553,2553,2538,2537,2524,2501,2504,2496,2485,2486,2494,2489,2508,2504,2491,2512,2520,2509,2576,2518,2523,2519,2530,2529,2525,2530,2510,2509,2514,2516,2505,2516,2512,2492,2557,2487,2480,2487,2488,2487,2485,2475,2483,2473,2490,2490,2547,2486,2483,2480,2485,2485,2480,2488,2484,2454,2461,2456,2444,2502,2432,2425,2421,2418,2490,2393,2406,2469,2410,2383,2390,2390,2372,2381,2351,2392,2325,2310,2357,2355,2275,2279,2264,2265,2252,2261,2259,2317,2264,2264,2309,2235,2229,2230,2317,2280,2268,2291,2303,2327,2357,2366,2377,2484,2456,2476,2504,2537,2596,2536,2559,2559,2571,2574,2559,2645,2579,2583,2591,2610,2599,2605,2598,2599,2604,2603,2611,2597,2606,2596,2657,2622,2623,2619,2623,2634,2695,2647,2637,2645,2649,2640,2644,2661,2649,2643,2648,2640,2651,2635,2627,2711,2637,2636,2624,2634,2633,2618,2622,2692,2636,2637,2637,2648,2645,2649,2665,2663,2732,2674,2683,2692,2687,2687,2684,2680,2691,2700,2701,2694,2747,2693,2694,2687,2731,2748,2685,2748,2683,2668,2749,2684,2672,2676,2732,2684,2685,2682,2680,2693,2693,2683,2693,2699,2691,2691,2692,2686,2691,2687,2672,2684,2685
ExpoMarker,2664,2665,2663,2653,2641,2724,2652,2652,2662,2664,2648,2640,2662,2713,2663,2663,2669,2673,2672,2666,2684,2672,2681,2674,2674,2680,2756,2681,2693,2701,2691,2690,2687,2764,2689,2697,2698,2691,2696,2689,2754,2690,2705,2705,2708,2692,2707,2707,2696,2707,2708,2687,2690,2700,2694,2697,2702,2761,2693,2697,2689,2693,2692,2745,2694,2693,2677,2670,2676,2672,2661,2654,2661,2647,2648,2710,2620,2611,2596,2596,2570,2559,2623,2559,2533,2525,2515,2521,2514,2500,2566,2505,2507,2508,2493,2502,2519,2571,2510,2520,2528,2538,2534,2532,2523,2536,2536,2521,2524,2569,2510,2523,2517,2496,2496,2505,2500,2505,2486,2475,2486,2477,2476,2484,2485,2474,2482,2548,2472,2473,2475,2487,2471,2477,2486,2477,2475,2470,2461,2456,2449,2441,2433,2424,2425,2409,2392,2416,2409,2407,2410,2387,2458,2395,2385,2381,2356,2348,2353,2320,2303,2356,2263,2266,2270,2278,2265,2260,2259,2265,2253,2256,2316,2240,2246,2309,2250,2311,2340,2290,2300,2303,2320,2422,2397,2424,2445,2485,2554,2533,2541,2545,2559,2559,2559,2587,2626,2590,2595,2649,2607,2589,2601,2593,2663,2609,2601,2606,2606,2604,2611,2609,2600,2609,2600,2623,2622,2636,2642,2649,2651,2646,2658,2652,2708,2658,2654,2661,2645,2639,2638,2641,2634,2624,2623,2630,2623,2627,2621,2622,2685,2636,2625,2689,2636,2642,2717,2650,2673,2672,2677,2685,2682,2694,2694,2679,2693,2692,2679,2685,2691,2757,2692,2690,2690,2693,2684,2677,2673,2672,2678,2682,2681,2744,2680,2678,2680,2692,2694,2693,2687,2756,2689,2700,2699,2701,2694,2754,2693,2682,2757,2681,2666,2668,2682,2661,2661,2666,2664,2660,2660,2656,2660,2652,2660,2662,2649,2659,2662,2646,2660,2712,2737,2672,2654,2684,2686,2748,2673,2680
ExpoMarker,2686,2691,2693,2701,2698,2754,2695,2690,2691,2700,2700,2701,2700,2700,2687,2696,2772,2700,2704,2690,2764,2708,2700,2701,2689,2701,2689,2698,2693,2700,2687,2702,2691,2700,2698,2692,2692,2687,2694,2689,2683,2679,2664,2673,2661,2652,2648,2644,2695,2626,2620,2619,2600,2596,2570,2552,2537,2535,2534,2577,2519,2491,2501,2496,2504,2506,2496,2503,2501,2498,2494,2518,2502,2516,2528,2521,2524,2537,2521,2529,2531,2511,2523,2521,2513,2568,2514,2515,2496,2505,2502,2481,2488,2488,2479,2472,2477,2479,2485,2478,2479,2485,2480,2486,2484,2473,2484,2483,2473,2478,2475,2459,2516,2451,2450,2441,2425,2415,2421,2414,2394,2408,2400,2462,2397,2377,2443,2370,2358,2351,2335,2320,2338,2267,2265,2258,2254,2254,2264,0,2251,2244,0,2317,2303,0,2241,2242,2240,2244,2245,2258,2274,2301,2374,2333,2385,2401,2412,2441,2472,2502,2519,2521,2535,2559,2576,2559,2587,2596,2594,2651,2609,2606,2594,2598,2596,2596,2605,2601,2607,2598,2607,2606,2586,2606,2671,2695,2638,2623,2637,2637,2638,2645,0,2645,2664,0,2659,2705,0,2661,2648,2642,2646,2700,0,2631,2627,0,2634,2626,0,2624,2633,0,2631,2681,2637,2623,2637,0,2642,2650,0,2641,2712,0,2642,2660,2660,2663,0,2684,2687,0,2694,2685,0,2687,2689,0,2690,2697,0,2683,2682,0,2682,2680,2680,2681,0,2747,2680,0,2737,2667,0,2667,2673,0,2684,2665,0,2672,2672,0,2683,2682,0,2745,2681,0,2681,2685,0,2685,2694,0,2691,2750,0,2681,2681,0,2672,2686,0,2672,2730,0,2672,2649,0,2713,2714,0,2648,2649,0,2654,2635,0,2635,2660,0,2634,2652,0,2649,2652,0,2656,2735,0,2661,2733,0,2729
ExpoMarker,2672,2370,2355,2403,2341,2341,2351,2346,2355,2358,2367,2359,2365,2369,2367,2416,2381,2394,2408,2426,2454,2446,2472,2494,2534,2547,2566,2595,2593,2587,2610,2633,2627,2702,2639,2695,2645,2646,2645,2652,2648,2637,2637,2646,2704,2635,2638,2620,2625,2622,2646,2637,2641,2650,2649,2663,2672,2668,2670,2665,2664,2684,2664,2666,2681,2668,2661,2672,2667,2671,2659,2659,2660,2659,2639,2651,2637,2646,2704,2637,2641,2647,2635,2657,2660,2641,2647,2670,2679,2685,2665,2686,2678,2695,2701,2691,2687,2689,2684,2695,2700,2700,2676,2692,2687,2682,2693,2687,2753,2693,2694,2674,2685,2668,2681,2682,2679,2672,2673,2680,2693,2687,2691,2699,2752,2700,2699,2682,2695,2691,2682,2684,2744,2667,2665,2685,2662,2668,2662,2659,2665,2662,2657,2651,2638,2648,2692,2722,2664,2650,2651,2650,2675,2663,2671,2671,2674,2664,2681,2665,2678,2676,2695,2693,2692,2694,2677,2760,2690,2691,2690,2702,2690,2687,2763,2701,2690,2702,2708,2704,2709,2707,2692,2707,2708,2695,2698,2707,2708,2701,2698,2690,2689,2697,2701,2691,2698,2687,2752,2696,2739,2687,2694,2674,2677,2684,2668,2675,2675,2658,2648,2658,2637,2643,2633,2687,2619,2596,2577,2574,2567,2555,2545,2611,2524,2523,2520,2490,2501,2505,2508,2507,2494,2494,2500,2508,2513,2520,2518,2509,2535,2537,2524,2534,2532,2526,2526,2524,2509,2500,2523,2523,2496,2501,2568,2487,2559,2487,2488,2476,2469,2466,2546,2490,2488,2485,2472,2469,2489,2481,2486,2470,2483,2473,2484,2477,2480,2483,2451,2450,2443,2439,2438,2480,2432,2417,2417,2416,2432,2424,2412,2396,2390,2381,2379,2355,2352,2347,2393,2320,2302,2309,2281,2278,2348,2274,2334,2279,2278,2269,2276,2274,2273,2264,2274,2266,2273,2282,2303,2340
ExpoMarker,2387,2397,2489,2446,2488,2488,2494,2532,2608,2567,2585,2583,2595,2658,2625,2620,2617,2621,2608,2687,2637,2635,2631,2633,2636,2613,2612,2611,2611,2621,2608,2633,2679,2635,2622,2638,2648,2637,2706,2645,2651,2661,2658,2721,2652,2662,2660,2643,2625,2646,2638,2648,2642,2625,2635,2694,2623,2637,2633,2645,2642,2649,2637,2663,2661,2653,2672,2672,2680,2744,2682,2687,2680,2683,2749,2700,2687,2690,2690,2701,2693,2690,2680,2692,2690,2693,2684,2732,2682,2675,2672,2683,2682,2672,2679,2670,2692,2745,2677,2694,2681,2690,2687,2702,2700,2702,2761,2692,2690,2681,2685,2678,2683,2681,2666,2664,2666,2672,2644,2656,2653,2648,2665,2723,2652,2652,2663,2660,2656,2648,2647,2731,2672,2674,2665,2666,2683,2685,2684,2681,2686,2694,2677,2752,2701,2690,2701,2687,2750,2698,2699,2700,2700,2701,2703,2689,2694,2707,2694,2769,2708,2703,2708,2708,2695,2768,2708,2691,2693,2686,2687,2696,2701,2690,2701,2701,2752,2743,2693,2690,2687,2680,2682,2679,2672,2668,2653,2663,2645,2638,2620,2623,2620,2595,2652,2582,2571,2578,2549,2536,2589,2520,2520,2499,2507,2504,2484,2497,2496,2502,2506,2503,2501,2515,2506,2515,2535,2539,2529,2534,2535,2538,2524,2518,2500,2570,2514,2507,2524,2522,2509,2505,2503,2499,2507,2491,2488,2486,2548,2475,2491,2480,2488,2556,2542,2487,2485,2478,2485,2483,2477,2485,2485,2457,2468,2448,2456,2451,2428,2432,2411,2428,2413,2427,2484,2401,2395,2387,2389,2385,2373,2349,2351,2317,2303,2310,2303,2345,2290,2288,2294,2290,2281,2351,2274,2322,2279,2276,2265,2267,2264,2284,2308,2303,2317,2387,2376,2355,2394,2418,2452,2490,2543,2496,2521,2597,2544,2578,2579,2567,2653,2581,2651,2608,2586,2600,2602,2617,2606,2619
ExpoMarker,2599,2604,2610,2593,2596,2620,2601,2682,2616,2634,2648,2646,2698,2664,2664,2712,2661,2652,2650,2661,2658,2653,2660,2658,2636,2647,2648,2634,2634,2635,2635,2623,2636,2623,2633,2640,2630,2712,2640,2658,2719,2664,2658,2684,2672,2741,2669,2686,2693,2681,2752,2700,2691,2690,2702,2699,2682,2693,2687,2744,2740,2683,2685,2682,2682,2677,2685,2681,2676,2744,2665,2741,2680,2694,2687,2693,2692,2694,2687,2690,2701,2750,2691,2693,2687,2687,2692,2676,2684,2684,2670,2660,2733,2673,2650,2663,2661,2645,2645,2660,2659,2664,2652,2652,2662,2650,2658,2665,2672,2721,2679,2674,2683,2672,2683,2682,2693,2691,2682,2697,2701,2694,2700,2698,2696,2699,2708,2697,2700,2697,2702,2701,2708,2707,2707,2706,2702,2708,2706,2768,2708,2705,2696,2694,2689,2701,2700,2697,2687,2691,2690,2700,2690,2691,2693,2681,2682,2682,2736,2675,2681,2654,2660,2712,2651,2659,2645,2638,2623,2678,2608,2590,2581,2575,2578,2626,2552,2538,2534,2499,2511,2489,2502,2496,2508,2501,2496,2505,2503,2576,2518,2514,2519,2523,2526,2525,2533,2523,2521,2531,2526,2538,2513,2522,2519,2512,2520,2504,2492,2509,2504,2492,2486,2484,2490,2486,2469,2530,2477,2479,2471,2489,2477,2469,2476,2547,2480,2487,2488,2470,2474,2455,2466,2515,2432,2435,2421,2420,2418,2426,2412,2412,2411,2462,2394,2456,2385,2366,2372,2352,2322,2320,2300,2294,2286,2281,2277,2259,2266,2272,2266,2273,2270,2267,2269,2337,2274,2337,2290,2324,2330,2361,2359,2386,2478,2441,2471,2492,2506,2538,2552,2559,2559,2579,2593,2582,2594,2605,2597,2595,2661,2607,2604,2602,2602,2608,2652,0,2608,2666,2596,2610,2619,2622,2636,2639,2652,2644,2638,2708,2660,2658,2649,2652,2662,2661,2636,2647,2633,2700
ExpoMarker,2670,2624,2623,2622,2611,2669,2620,2608,2663,2685,2626,2636,2647,2657,2662,2720,2675,2673,2679,2739,2694,2694,2687,2690,2694,2701,2696,2698,2693,2692,2742,2695,2691,2691,2683,2672,2672,2667,2678,2673,2685,2685,2683,2681,2677,2694,2692,2680,2692,2690,2687,2681,2695,2693,2681,2692,2687,2682,2694,2673,2665,2669,2672,2669,2673,2658,2658,2664,2657,2647,2648,2647,2710,2651,2648,2650,2659,2660,2652,2652,2672,2662,2717,2718,2672,2680,2674,2685,2683,2681,2682,2692,2699,2700,2691,2701,2698,2699,2690,2686,2699,2696,2693,2702,2760,2702,2687,2702,2697,2686,2697,2684,2691,2700,2699,2696,2700,2698,2696,2700,2697,2701,2699,2693,2683,2750,2668,2669,2669,2670,2668,2672,2650,2656,2649,2638,2637,2634,2618,2599,2591,2580,2566,2555,2600,2533,2538,2580,2491,2496,2559,2504,2554,2496,2503,2496,2506,2519,2510,2507,2509,2580,2531,2515,2527,2524,2537,2537,2524,2535,2501,2573,2512,2505,2492,2497,2500,2507,2559,2485,2475,2481,2474,2469,2461,2460,2470,2474,2462,2458,2463,2528,2471,2525,2461,2484,2518,2460,2470,2465,2461,2446,2439,2432,2426,2421,2408,2416,2400,2395,2394,2388,2396,2387,2392,2371,2367,2353,2339,2335,2303,2292,2255,2254,2233,2219,2270,2214,2209,2197,2196,2191,2188,2164,2180,2163,2181,2181,2174,2200,2195,2220,2280,2371,2321,2287,2393,2386,2379,2450,2528,2553,2578,2586,2584,2675,2625,2639,2656,2651,2656,2643,2626,2648,2698,2634,2634,2615,2623,2623,2620,2610,2620,2621,2621,2623,2641,0,2651,2656,0,2661,2676,0,2740,2674,2682,0,2681,2681,0,2670,2683,0,2672,2673,0,2665,2648,0,2643,2632,0,2617,2617,2621,0,2707,2637,2639,0,2642,2648,0,2641,2650,0,2657,2659,0
ExpoMarker,2661,2664,2664,2664,2683,2681,2694,2691,2738,2685,2680,2680,2693,2692,2687,2690,2691,2694,2693,2691,2726,2673,2680,2673,2682,2683,2678,2674,2685,2681,2663,2733,2694,2687,2687,2682,2691,2690,2697,2696,2738,2743,2753,2693,2673,2683,2673,2675,2670,2671,2657,2655,2663,2653,2650,2645,2632,2666,2661,2630,2652,2664,2664,2660,2639,2650,2672,2674,2735,2671,2662,2683,2683,2666,2732,2692,2692,2693,2695,2701,2690,2701,2687,2757,2700,2704,2697,2690,2700,2702,2697,2697,2700,2701,2687,2693,2700,2752,2699,2752,2689,2689,2691,2687,0,2701,2696,2699,2691,2682,2694,2687,2687,2738,2683,2673,2683,2674,2721,2664,2660,2654,2639,2634,2638,2622,2605,2661,2592,2559,2553,2547,2539,2551,2532,2514,2497,2492,2498,2498,2500,2496,2505,2508,2498,2553,2508,2580,2514,2518,2505,2592,2513,2511,2502,2520,2515,2520,2497,2500,2493,2506,2488,2477,2491,2541,2469,2470,2472,2475,2468,2477,2480,2468,2472,2473,2467,2460,2462,2460,2460,2521,2467,0,2471,2437,0,2433,2433,2422,2417,0,2392,2400,0,2394,2387,2390,2381,2394,2391,2384,2374,2370,2355,2409,2326,2303,2348,2279,2273,2256,2230,2242,2213,2229,2216,2232,2232,2224,2255,2264,2311,2220,2290,2245,2256,2269,2285,2293,2303,2385,2381,2394,2439,2474,2458,2468,2520,2522,2521,2594,2550,2558,2559,2568,2577,2575,2582,2617,2610,2609,2621,2581,2588,2574,2581,2577,2644,2582,2595,2578,2601,2589,2600,2621,2620,2611,2635,2623,2626,2639,2632,2643,2631,2704,2687,2617,2628,2635,2632,2696,2623,2611,2619,2618,2679,2673,2622,2635,2623,2638,2648,2665,2658,2673,2660,2674,2678,2686,2692,2687,2694,2682,2694,2694,2681,2690,2691,2681,2681,2666,2687,0,2680,2674,2674,2680,2672,2670
ExpoMarker,2682,2682,2677,2674,2682,2682,2687,2692,2691,2687,2686,2693,2693,2686,2685,2693,2691,2734,2671,2738,2658,2654,2687,2673,2650,2660,2659,2711,2662,2651,2638,2630,2636,2637,2650,2659,2654,2720,2665,2669,2673,2670,2664,2670,2670,2670,2673,2684,2694,2693,2690,2694,2689,2689,2700,2702,2689,2698,2703,2687,2697,2694,2695,2690,2690,2689,2759,2701,2696,2690,2691,2690,2702,2692,2701,2690,2697,2687,2702,2761,2692,2697,2693,2692,2750,2694,2687,2683,2671,2672,2673,2651,2651,2656,2649,2632,2625,2623,2617,2597,2597,2572,2570,2581,2553,2549,2534,2508,2509,2503,2492,2490,2492,2505,2491,2508,2490,2488,2511,2508,2571,2536,2534,2524,2534,2533,2528,2520,2528,2535,2520,2506,2506,2518,2572,2567,2508,2496,2507,2508,2493,2505,2504,2509,2493,2503,2505,2489,2496,2496,2505,2552,2508,2505,2555,2569,2490,2486,2483,2484,2470,2475,2460,2444,2422,2432,2437,2442,2432,2424,2425,2422,2400,2415,2401,2385,2381,2356,2341,2335,2335,2303,2287,0,2286,2274,2266,2251,2258,2256,2260,2259,2321,2241,2234,2229,2252,2260,2274,2287,2367,2324,2357,2455,2379,2478,2456,2477,2573,2535,2557,2608,2578,2576,2580,2591,2590,2668,2609,2623,2621,2608,2611,2619,2616,2610,2608,2605,2592,2582,2594,2639,2593,2610,2636,2652,2635,2661,2659,2716,2652,2667,2661,2661,2661,2668,2661,2661,2653,2664,2649,2649,2650,2628,0,2637,2636,0,2638,2649,0,2641,2645,0,2640,2645,0,2648,2650,0,2649,2670,0,2668,2681,2682,2693,2690,2701,2700,2687,2700,2682,2762,2687,2691,2701,2700,2700,2693,2683,2691,2692,2673,2672,2665,2670,2685,2673,2679,2683,2677,2694,2695,2677,2693,2699,2690,2700,2702,2687,2701,2697,2681,2692,2696,2691,2693,2682,2671
ExpoMarker,2674,2670,2675,2675,2653,2651,2661,2654,2662,2661,2657,2662,2664,2650,2672,2674,2663,2672,2680,2669,2684,2685,2675,2685,2674,2674,2682,2682,2700,2702,2759,2701,2690,2702,2763,2690,2700,2685,2687,2702,2691,2760,2684,2756,2702,2756,2756,2690,2700,0,2692,2686,0,2687,2686,0,2690,2696,0,2700,2695,0,2680,2694,0,2687,2692,0,2692,2753,2677,2739,2684,2663,2653,2653,2648,2634,2619,2696,2613,2595,2584,2580,2579,2559,2546,2595,2525,2522,2520,2504,2498,2488,2509,2497,2498,2510,2497,2491,2504,2572,2521,2511,2511,2528,2528,2531,2579,2521,2523,2513,2522,2512,2505,2502,2492,2491,2496,2487,2532,2487,2490,2484,2473,2470,2466,2537,2461,2464,2475,2470,2462,2472,2468,2453,2470,2460,2471,2448,2456,2455,2422,2489,2415,2415,2394,2386,0,2392,2397,0,2398,2390,0,2380,2373,0,2434,2350,0,2341,2327,0,2338,2381,0,2299,2350,0,2276,2255,0,2260,2240,0,2281,2225,0,2223,2211,0,2206,2210,0,2242,2217,0,2209,2193,0,2243,2267,0,2303,2360,0,2411,2414,0,2486,2469,0,2524,2533,0,2544,2592,0,2593,2566,0,2572,2589,0,2593,2614,0,2625,2632,0,2624,2647,0,2640,2648,2616,0,2633,2676,0,2691,2623,0,2620,2613,0,2681,2632,2695,2636,2650,2663,2650,2649,2674,2723,2666,2673,2675,2670,2671,2669,2660,2673,2662,2705,2716,2658,2650,2648,2644,2638,2646,2638,2701,2644,2636,2636,2646,2722,2652,2662,2657,2668,2671,2679,2683,2695,2682,2701,2760,2700,2693,2701,2702,2687,2690,2701,2690,2687,2689,2690,2752,2693,2681,2672,2668,2685,2747,2683,2676,2741,2693,2683,2687,2692,2693,2694,2690,2687,2687,2699,2759,2700,2692,2694,2694,2687,2683
ExpoMarker,2717,2660,2673,2732,2719,2656,2662,2651,2661,2663,2648,2659,2652,2645,2653,2649,2650,2657,2649,2672,2666,2674,2675,2682,2678,2674,2694,2683,2681,2687,2683,2686,2701,2700,2696,2701,2707,2706,2694,2708,2703,2690,2701,2704,2698,2696,2765,2696,2753,2707,2696,2700,2707,2697,2708,2706,2698,2702,2691,2701,2701,2701,2701,2698,2698,2695,2692,2687,2680,2680,2684,2673,2682,2672,2674,2670,2649,2659,2643,2651,2621,2676,2609,2605,2585,2578,2559,2552,2537,2532,2581,2513,2518,2498,2496,2504,2501,2498,2504,2499,2492,2519,2509,2507,2559,2538,2524,2526,2528,2527,2527,2536,2523,2515,2574,2520,2508,2496,2505,2499,2505,2484,2535,2489,2486,2477,2496,2476,2467,2456,2469,2461,2470,2459,2461,2476,2468,2456,2473,2464,2462,2457,2517,2436,2433,2432,2413,2401,2460,2390,2377,2457,2386,2379,2411,2433,2426,2432,2412,2401,2396,2387,2375,2435,2356,2342,2353,2351,2333,2329,2339,2337,2349,2343,2350,2350,2317,2267,2210,2201,2236,2244,2261,2274,2302,2382,2349,2352,2371,2398,2492,2464,2467,2482,2512,2516,2540,2555,2568,2555,2559,2559,2594,2595,2581,2594,2603,2597,2605,2592,2610,2599,2594,2603,2597,2611,2591,2677,2602,2623,2616,2633,2629,2636,2644,2637,2631,2641,2637,2648,2704,2661,2651,2662,2660,2636,2638,2648,2648,2647,2651,2651,2636,2637,2647,2641,2653,2660,2651,2671,2721,2663,2670,2687,2692,2690,2690,2701,2689,2702,2690,2696,2698,2693,2687,2682,2692,2689,2694,2692,2675,2683,2673,2684,2673,2677,2682,2683,2685,2674,2675,2684,2686,2693,2694,2701,2690,2747,2700,2694,2681,2680,2685,2686,2684,2684,2661,2675,2668,2662,2659,2657,2651,2648,2656,2660,2652,2657,2660,2658,2713,2663,2653,2663,2673,2667,2674,2683,2685,2675
ExpoMarker,2673,2741,2679,2692,2690,2690,2750,2695,2687,2695,2692,2690,2746,2702,2697,2695,2703,2687,2709,2701,2709,2697,2697,2706,2691,2709,2696,2707,2708,2686,2700,2701,2690,2695,2701,2687,2689,2699,2687,2695,2683,2681,2681,2680,2683,2678,2685,2674,2733,2648,2647,2646,2638,2623,2616,2596,2605,2587,2571,2556,2552,2534,2528,2520,2522,2521,2507,2503,2493,2504,2499,2509,2504,2486,2510,2518,2512,2522,2516,2521,2530,2530,2529,2523,2531,2579,2508,2512,2522,2519,2500,2559,2507,2493,2499,2478,2467,2485,2484,2474,2473,2475,2480,2484,2478,2545,2483,2491,2485,2481,2475,2486,2479,2473,2472,2457,2507,2460,2449,2432,2426,2420,2429,2417,2408,2401,2409,2401,2400,2384,2394,2384,2377,2357,2337,2335,2322,2302,2301,2296,2292,2295,2286,2282,2272,2291,2266,2269,2268,2265,2268,2270,2270,2286,2303,2317,2340,2332,2361,2382,2427,2438,2462,2469,2502,2589,2532,2552,2559,2584,2595,2592,2590,2586,2601,2652,2615,2611,2624,2613,2609,2617,2679,2603,2670,2608,2623,2601,2672,2634,2638,2695,2647,2636,2664,2653,2648,2656,2653,2642,2650,2652,2644,2662,2659,2652,2647,2638,2638,2631,2640,2620,2623,2625,2623,2636,2650,2640,2648,2649,2638,2661,2656,2734,2664,2666,2725,2680,2678,2694,2695,2691,2701,2690,2701,2703,2746,2760,2693,2686,2695,2691,2681,2693,2692,2686,2686,2678,2665,2676,2683,2668,2684,2683,2669,2682,2682,2692,2687,2682,2701,2757,2689,2690,2690,2680,2695,2752,2692,2690,2684,2685,2730,2672,2657,2661,2660,2653,2720,2660,2659,2648,2648,2656,2657,2650,2650,2664,2657,2733,2672,2665,2685,2682,2680,2680,2739,2683,2746,2694,2693,2692,2761,2700,2700,2759,2692,2700,2695,2701,2693,2691,2701,2697,2699,2700,2702,2709,2698,2704
ExpoMarker,2697,2708,2706,2687,2747,2696,2701,2702,2699,2689,2689,2702,2685,2748,2700,2680,2680,2693,2672,2666,2684,2680,2661,2670,2649,2663,2643,2648,2631,2610,2598,2601,2662,2590,2568,2578,2623,2550,2592,2517,2520,2493,2493,2497,2490,0,2494,2508,2498,2559,2505,2511,2522,2512,2528,2535,2525,2534,2525,2536,2537,2535,2516,2507,2582,2519,2508,2505,2504,2489,2510,2492,2482,2486,2478,2473,2468,2479,2476,2483,2476,2487,2488,2482,2475,2483,2490,2489,2475,2533,2487,2465,2468,2472,2454,2454,2437,2439,2432,2468,2421,2417,2429,2413,2410,2408,2445,2443,2416,2415,2401,2386,2377,2442,2345,2348,2406,2351,2329,2352,2354,2350,2343,2335,2343,2366,2339,2347,2342,2349,2341,2345,2354,2381,2376,2421,2465,2474,2492,2519,2599,2548,2559,2593,2580,2604,2610,2627,2636,2634,2622,2636,2636,2637,2636,2628,2634,2631,2629,2609,2623,2623,2607,2585,2595,2620,2617,2628,2626,2642,2660,2657,2675,2672,2660,2663,2673,2670,2667,2676,2663,2669,2672,2662,2673,2649,2661,2660,2656,2627,2640,2690,2648,2647,2640,2650,2649,2693,2650,2706,2662,2656,2685,2678,2693,2694,2748,2700,2690,2701,2700,2697,2700,2700,2689,2701,2692,2700,2693,2679,2680,2690,2682,2691,2682,2672,2682,2672,2685,2681,2682,2676,2680,2692,2682,2692,2749,2687,2699,2701,2685,2698,2758,2701,2694,2683,2685,2676,2683,2669,2668,2675,2672,2669,2732,2642,2655,2648,2663,2653,2660,2659,2649,2661,2663,2665,2671,2672,2732,2685,2670,2673,2683,2665,2685,2695,2681,2692,2689,2721,2698,2699,2691,2701,2705,2697,2695,2708,2703,2697,2707,2708,2704,2704,2707,2707,2698,2705,2701,2707,2705,2696,2754,2707,2708,2696,2701,2699,2750,2703,2685,2696,2701,2690,2681,2692,2681,2681,2691,2673
ExpoMarker,2668,2662,2673,2661,2663,2637,2636,2622,2676,2605,2606,2596,2583,2576,2550,2537,2532,2504,2559,2520,2519,2488,2512,2522,2512,2576,2513,2576,2507,2530,2525,2536,2529,2548,2548,2552,2551,2548,2529,2523,2520,2589,2570,2510,2516,2500,2513,2511,2506,2502,2486,2557,2502,2558,2496,2486,2546,2520,2505,2509,2503,2496,2497,2550,2498,2485,2502,2496,2476,2476,2459,2471,2461,2458,2442,2450,2517,2451,2516,2455,2439,2440,2432,2479,2411,2414,2400,2366,2369,2366,2352,2355,2340,2347,2351,2337,2341,2340,2355,2404,2341,2343,2355,2356,2369,2357,2432,2390,2406,2414,2410,2516,2471,2504,2598,2517,2539,2559,2582,2600,2613,2607,2630,2625,2623,2651,2649,2633,2644,2648,2640,2637,2651,2646,2638,2625,2620,2635,2633,2625,2649,2648,2648,2656,2651,2662,2661,2674,2672,2675,2660,2739,2681,2663,2662,2667,2672,2644,2651,2659,2664,2661,2647,2636,2636,2650,2643,2629,2635,2635,2656,2656,2652,2673,2659,2734,2674,2675,2685,2687,2693,2700,2691,2701,2687,2687,2690,2695,2687,2698,2702,2687,2689,2692,2695,2682,2693,2676,2683,2683,2685,2672,2672,2680,2683,2741,2691,2681,2679,2691,2690,2701,2686,2690,2701,2697,2687,2682,2694,2693,2666,2684,2676,2682,2664,2663,2663,2675,2645,2651,2646,2663,2649,2648,2659,2661,2661,2663,2656,2671,2665,2656,2683,2684,2682,2683,2678,2682,2677,2689,2686,2693,2698,2702,2686,2764,2696,2708,2695,2697,2758,2704,2704,2707,2708,2707,2707,2765,2706,2697,2756,2694,2695,2699,2708,2695,2703,2698,2704,2702,2687,2690,2683,2690,2686,2742,2693,2691,2690,2673,2683,2673,2675,2672,2661,2655,2660,2642,2634,2632,2634,2614,2597,2604,2586,2579,2575,2553,2537,2538,2512,2514,2507,2506,2512,2511,2518,2516,2520,2519
ExpoMarker,2524,2530,2588,2538,2525,2518,2540,2523,2536,2538,2587,2519,2524,2521,2512,2513,2510,2516,2515,2500,2499,2505,2502,2510,2509,2500,2567,2504,2506,2496,2509,2504,2497,2496,2503,2496,2506,2502,2498,2474,2476,2463,2532,2470,2444,2505,2503,2452,2451,2445,2443,2434,2441,2422,2418,2458,2390,2376,2367,2409,2337,2407,2341,2354,2349,2331,2346,2340,2339,2341,2334,2351,2345,2350,2334,2416,2364,2387,2416,2407,2425,2446,2480,2509,2532,2544,2571,2573,2582,2612,2614,2683,2636,2634,2636,2648,2650,2651,2652,2649,2633,2632,2707,2622,2625,2638,2635,2625,2633,2636,2641,2660,2657,2663,2663,2674,2661,0,2736,2677,0,2733,2657,0,2736,2672,0,2668,2662,2668,0,2670,2661,0,2643,2649,0,2656,2635,0,2646,2697,2632,0,2638,2636,0,2696,2636,2650,2661,2664,2647,2672,2665,2671,2684,2677,2677,2692,2747,2702,2701,2700,2760,2701,2695,2687,2685,2701,2687,2690,2679,2694,2687,2687,2668,2741,2685,2682,2680,2667,2681,2690,2682,2683,2691,2686,2691,2698,2687,2698,2701,2701,2698,2696,2690,2701,2685,2674,2685,2742,2681,2654,2674,2672,2670,2661,2640,2649,2649,2660,2716,2658,2654,2661,2662,2652,2659,2673,2661,2725,2685,2682,2677,2684,2672,2674,2674,2679,2687,2677,2696,2696,2691,2702,2689,2701,2687,2690,2700,2701,2707,2694,2700,2705,2701,2695,2705,2709,2695,2709,2708,2697,2695,2708,2708,2702,2699,2699,2758,2701,2690,2690,2702,2690,2690,2680,2686,2692,2687,2681,2675,2674,2684,2717,2717,2664,2642,2650,2649,2637,2629,2635,2671,2611,2584,2581,2579,2623,2559,2597,2596,2520,2518,2520,2502,2505,2493,2503,2494,2506,2571,2523,2523,2516,2508,2526,2524,2537,2528,2525,2534,2524,2536,2535,2529,2533,2530,2516
ExpoMarker,2511,2571,2521,2502,2559,2507,2496,2492,2501,2493,2480,2477,2506,2501,2496,2507,2508,2496,2505,2491,2511,2519,2510,2498,2481,2489,2460,2470,2440,2432,2436,2459,2457,2456,2448,2518,2460,2450,2440,2442,2427,2424,2401,2394,2380,2369,2364,2364,2352,2356,2352,2356,2359,2358,2365,2358,2372,2365,2356,2365,2364,2379,2391,2427,2429,2448,2451,2533,2519,2552,2553,2584,2594,2625,2626,2627,2693,2622,2632,2648,2646,2638,2690,2690,2702,2652,0,2649,2615,0,2626,2630,0,2674,2620,0,2639,2636,0,2642,2656,0,2669,2661,0,2666,2672,0,2656,2729,2719,2721,2657,2674,2674,2653,2654,2660,2656,2648,2649,2632,2649,2650,2631,2639,2647,2705,2649,2664,2654,2649,2659,2726,2673,2666,2732,2694,2681,2691,2701,2686,2761,2687,2691,2701,2681,2683,2694,2691,2682,2694,2692,2682,2671,2683,2667,2685,2686,2672,2685,2677,2685,2685,2690,2696,2745,2693,2687,2687,2702,2690,2699,2702,2684,2695,2693,2742,2683,2668,2672,2675,2675,2654,2664,2658,2650,2658,2702,2641,2661,2661,2662,2660,2660,2706,2663,2658,2651,2648,2721,2671,2674,2678,2733,2672,2672,2682,2689,2693,2682,2701,2701,2690,2701,2706,2692,2695,2693,2698,2696,2701,2703,2690,2696,2695,2692,2690,2708,2700,2749,2689,2701,2700,2690,2699,2703,2687,2687,2702,2687,2696,2695,2683,2694,2683,2694,2672,2672,2677,2674,2659,2650,2650,2638,2619,2618,2601,2608,2604,2581,2578,2553,2552,2537,2548,2523,2506,2524,2509,2505,2503,2497,2506,2524,2521,2507,2516,2574,2534,2531,2525,2534,2516,2524,2532,2593,2534,2526,2528,2588,2584,2509,2516,2516,2582,2489,2499,2504,2556,2493,2504,2487,2508,2487,2476,2544,2468,2479,2478,2534,2539,2489,2478,2498,2468,2477,2486,2481,2480
ExpoMarker,2502,2452,2433,2442,2429,2488,2425,2418,2421,2429,2425,2399,2416,2391,2393,2371,2353,2404,2350,2330,2310,2293,2352,2294,2282,2291,2292,2285,2293,2284,2282,2288,2270,2267,2286,2350,2309,2294,2303,2327,2352,2400,2396,2408,2457,2478,2539,2500,2528,2549,2559,2572,2580,2589,2641,2584,2659,2623,2635,2629,2633,2654,2600,2605,2608,2667,2611,2608,2611,2606,2596,2662,2618,2614,2618,2632,2637,2648,2650,2717,2651,2662,2650,2662,2650,2652,2651,2661,2648,2703,2649,2642,2708,2633,2678,2687,2636,2632,2636,2633,2683,2649,2635,2644,2718,2661,2654,2661,2682,2673,2692,2691,2687,2679,2687,2674,2695,2685,2739,2679,2694,2681,2687,2694,2672,2672,2666,2676,2672,2675,2685,2667,2672,2682,2672,2684,2671,2689,2693,2684,2687,2682,2696,2693,2752,2682,2704,2739,2676,2680,2677,2668,2724,2675,2659,2661,2661,2639,2661,2660,2654,2653,2640,2651,2636,2630,2661,2659,2712,2649,2656,2669,2658,2660,2683,2665,2684,2672,2667,2676,2683,2680,2690,2681,2702,2696,2703,2707,2689,2701,2702,2696,2702,2698,2682,2687,2689,2759,2704,2709,2698,2703,2697,2684,2747,2691,2760,2689,2697,2700,2690,2703,2701,2687,2687,2693,2690,2692,2665,2672,2673,2682,2673,2672,2649,2653,2651,2634,2621,2616,2610,2604,2578,2570,2572,2559,2536,2541,2523,2513,2510,2494,2504,2496,2506,2496,2552,2572,2511,2513,2519,2529,2581,2538,2537,2524,2536,2525,2523,2526,2535,2532,2535,2522,2525,2501,2520,2572,2508,2553,2508,2487,2494,2496,2493,2497,2490,2500,2500,2505,2502,2476,2509,2492,2480,2489,2491,2509,2507,2466,2481,2462,2472,2450,2448,2432,2437,2446,2440,2425,2419,2414,2415,2481,2401,2395,2452,2384,2371,2366,2398,2323,2318,2302,2311,2286,2279,2282,2276,2277
ExpoMarker,2327,2292,2281,2284,2282,2270,2293,2302,2333,2398,2395,2432,2460,2496,2575,2511,2549,2559,2629,2577,2583,2608,2623,2608,2695,2620,2639,2623,2614,2625,2636,2638,2636,2619,2624,2633,2637,2687,2623,2622,2638,2626,2623,2647,2627,2715,2661,2675,2663,2656,2731,2732,2675,2671,2672,2664,2731,2662,2664,2654,2707,2645,2647,2644,2648,2651,2640,2649,2631,2628,2648,2651,2635,2653,2643,2670,2731,2684,2678,2672,2742,2680,2679,2690,2702,2702,2700,2701,2699,2701,2684,2679,2752,2694,2676,2686,2692,2731,2672,2685,2681,2677,2678,2682,2686,2672,2682,2672,2680,2689,2752,2681,2674,2756,2702,2748,2695,2682,2681,2682,2676,2682,2681,2680,2672,2672,2674,2672,2656,2661,2656,2654,2650,2648,2713,2645,2651,2653,2664,2663,2648,2650,2673,2657,2674,2672,2668,2672,2673,2668,2668,2678,2672,2693,2691,2693,2673,2700,2690,2687,2690,2689,2691,2700,2724,2686,2687,2701,2691,2701,2700,2699,2700,2696,2698,2698,2708,2690,2699,2701,2700,2690,2701,2683,2701,2690,2687,2691,2694,2742,2693,2682,2679,2683,2679,2743,2672,2728,2663,2640,2715,2627,2623,2633,2605,2609,2606,2581,2578,2577,2559,2550,2546,2529,2518,2517,2509,2506,2502,2493,2490,2503,2512,2518,2513,2508,2517,2528,2524,2525,2523,2528,2528,2526,2534,2524,2592,2535,2528,2534,2517,2514,2520,2500,2514,2484,2502,2487,2484,2489,2496,2496,2503,2559,2505,2503,2559,2504,2487,2505,2505,2497,2497,2504,2513,2518,2555,2492,2486,2521,2463,2470,2455,2432,2440,2433,2442,2437,2496,2488,2438,2429,2404,2400,2390,2384,2361,2364,2342,2334,2323,2293,2303,2310,2299,2303,2285,2352,2284,2294,2283,2286,2351,2294,2291,2303,2303,2391,2352,2364,2386,2432,2466,2469,2595,2568,2589,2667,2618,2611
ExpoMarker,2636,2646,2652,2640,2638,2649,2632,2635,2645,2634,2646,2643,2638,2696,2617,2678,2622,2647,2700,2652,2651,2657,2731,2669,2662,2666,2672,2673,2669,2661,2673,2675,2662,2657,2673,2718,2653,2660,2653,2661,2645,2641,2640,2691,2636,2636,2640,2637,2641,2649,2660,2658,2667,2672,2663,2664,2684,2736,2750,2680,2687,2700,2696,2689,2700,2702,2701,2700,2698,2681,2682,2687,2684,2692,2739,2673,2684,2685,2674,2665,2672,2686,2670,2680,2743,2675,2694,2686,2681,2689,2758,2690,2690,2700,2687,2697,2682,2685,2694,2679,2673,2683,2665,2656,2676,2675,2661,2661,2644,2653,2660,2656,2645,2660,2642,2652,2651,2708,2651,2658,2660,2658,2675,2726,2683,2677,2684,2731,2684,2681,2681,2692,2682,2691,2697,2689,2701,2696,2697,2702,2704,2687,2699,2695,2696,2697,2704,2708,2708,2693,2708,2700,2708,2704,2708,2708,2695,2690,2702,2702,2687,2690,2700,2691,2701,2696,2687,2701,2687,2680,2693,2685,2683,2670,2684,2662,2665,2664,2656,2644,2706,2635,2621,2611,2594,2652,2583,2576,2559,2559,2547,2546,2525,2507,2570,2522,2518,2518,2576,2518,2512,2508,2507,2516,2526,2523,2528,2535,2549,2545,2548,2546,2600,2610,2542,2544,2534,2531,2522,2535,2532,2523,2519,2518,2518,2507,2519,2520,2511,2514,2523,2521,2503,2496,2509,2513,2515,2508,2501,2573,2514,2514,2572,2517,2508,2566,2504,2481,2474,2484,2528,2474,2470,2458,2450,2445,2446,2442,2452,2510,2438,2432,2419,2415,2404,2385,2382,2385,2382,2349,2356,2363,2347,2367,2367,2354,2425,2366,2427,2366,2364,2422,2367,2352,2424,2376,2411,2424,2444,2441,2470,2485,2538,2521,2551,2556,2588,2606,2621,2637,2623,2623,2626,2633,2697,2697,2648,2644,2638,2651,2644,2632,2637,2635,2634,2621,2696,2631,2640,2648
ExpoMarker,2665,2673,2718,2665,2672,2661,2660,2663,2727,2673,2675,2659,2662,2669,2718,2664,2663,2650,2647,2696,2709,2629,2647,2652,2706,2647,2701,2635,2660,2665,2659,2662,2734,2680,2680,2753,2692,2692,2687,2686,2696,2702,2702,2691,2759,2699,2748,2694,2683,2683,2693,2690,2742,2685,2673,2675,2685,2677,2672,2680,2684,2670,2691,2749,2680,2752,2700,2747,2690,2703,2698,2750,2702,2692,2748,2686,2682,2680,2673,2660,2665,2661,2649,2660,2649,2644,2664,2662,2652,2643,2662,2649,2661,2664,2715,2670,2720,2662,2731,2667,2672,2673,2679,2684,2680,2692,2695,2683,2696,2701,2686,2760,2690,2686,2700,2700,2685,2700,2690,2690,2706,2696,2702,2694,2706,2707,2708,2705,2697,2708,2708,2705,2708,2697,2700,2702,2696,2701,2701,2698,2701,2701,2696,2693,2682,2695,2683,2675,2680,2684,2661,2663,2673,2648,2650,2649,2636,2630,2620,2608,2668,2581,2576,2635,2551,2540,2536,2534,2513,2523,2515,2509,2519,2517,2512,2500,2518,2511,2509,2517,2525,2534,2532,2539,2548,2542,2539,2548,2535,2552,2537,2531,2587,2534,2531,2535,2519,2516,2518,2516,2508,2504,2500,2513,2510,2579,2510,2519,2522,2510,2520,2505,2581,2502,2574,2573,2518,2576,2512,2507,2493,2559,2505,2496,2479,2470,2458,2455,2467,2463,2460,2455,2459,2448,2450,2484,2441,2411,2404,2400,2382,2380,2372,2369,2366,2411,2354,2366,2415,2356,2366,2370,2358,2366,2364,2363,2366,2379,2381,2369,2393,2432,2450,2507,2531,2504,2507,2552,2547,2612,2593,2606,2625,2619,2617,2636,2647,2641,2640,2645,2639,2648,2643,2635,2651,2648,2632,2637,2695,2622,2623,2620,2647,2646,2637,2631,2721,2663,2671,2673,2717,2660,2675,2672,2680,2732,2672,2722,2672,2664,2668,2653,2662,2659,2634,2651,2636,2638,2648,2637
ExpoMarker,2646,2660,2644,2651,2709,2667,2672,2666,2675,2683,2689,2680,2682,2702,2760,2691,2687,2695,2691,2701,2686,2693,2683,2693,2686,2694,2684,2693,2672,2681,2671,2669,2678,2684,2673,2681,2686,2679,2747,2692,2679,2689,2686,2749,2701,2701,2684,2752,2694,2682,2687,2694,2680,2683,2672,2672,2675,2659,2651,2659,2643,2653,2660,2640,2659,2653,2658,2663,2662,2662,2657,2726,2672,2660,2686,2686,2731,2683,2731,2685,2673,2694,2683,2692,2695,2702,2699,2745,2700,2708,2708,2702,2700,2707,2767,2708,2698,2697,2701,2708,2695,2708,2707,2705,2695,2754,2705,2698,2690,2700,2698,2757,2697,2748,2761,2700,2699,2703,2704,2749,2681,2680,2682,2679,2680,2680,2670,2681,2651,2717,2714,2647,2636,2649,2623,2600,2602,2606,2577,2568,2549,2553,2551,2523,2531,2508,2500,2507,2520,2501,2523,2507,2509,2502,2538,2581,2595,2512,2522,2529,2542,2542,2549,2546,2550,2548,2533,2528,2524,2520,2537,2576,2508,2521,2508,2521,2522,2510,2498,2580,2496,2578,2493,2502,2507,2508,2504,2510,2508,2515,2523,2523,2510,2506,2501,2502,2506,2489,2481,2486,2455,2460,2470,2460,2448,2441,2446,2435,2444,2445,2435,2501,2427,2468,2471,2387,2395,2372,2367,2416,2367,2361,2367,2367,2365,2359,2367,2364,2359,2366,2410,2415,2367,2354,2356,2381,2400,2404,2445,2464,2461,2485,2509,2610,2566,2552,2593,2585,2613,2622,2620,2627,2635,2633,2637,2649,2693,2646,2648,2645,2639,2637,2623,2637,2634,2628,2622,2638,2635,2634,2692,2639,2647,2656,2663,2660,2673,2664,2672,2673,2667,2673,2669,2663,2674,2663,2662,2673,2653,2662,2661,2651,2702,2648,2636,2627,2650,2652,2648,2700,2644,2637,2661,2659,2642,2669,2653,2671,2684,2731,2693,2740,2745,2689,2702,2687,2687,2701,2690,2690
ExpoMarker,2684,2691,2691,2693,2680,2684,2684,2673,2683,2681,2736,2666,2674,2684,2682,2675,2683,2693,2687,2674,2691,2691,2701,2697,2696,2687,2687,2693,2690,2694,2692,2683,2679,2720,2672,2674,2660,2663,2660,2649,2661,2651,2650,2709,2651,2648,2661,2652,2653,2664,2656,2663,2667,2683,2683,2674,2684,2671,2678,2693,2679,2687,2682,2687,2689,2691,2690,2693,2708,2697,2747,2708,2707,2697,2696,2693,2764,2697,2697,2707,2768,2696,2705,2708,2696,2700,2690,2701,2700,2696,2692,2701,2684,2761,2690,2695,2690,2701,2687,2693,2692,2671,2685,2681,2677,2675,2661,2662,2645,2638,2637,2633,2615,2594,2605,2586,2575,2559,2534,2552,2544,2527,2506,2518,2578,2519,2506,2514,2519,2523,2576,2518,2524,2538,2534,2552,2548,2606,2548,2591,2600,2552,2551,2549,2531,2530,2538,2522,2532,2528,2508,2525,2499,2559,2504,2515,2505,2503,2508,2508,2500,2498,2494,2487,2514,2503,2522,2519,2517,2513,2518,2578,2500,2509,2502,2475,2482,2471,2469,2465,2457,2443,2509,2456,2443,2450,2459,2469,2501,2426,2424,2467,2395,2376,2360,2370,2363,2350,2342,2352,2353,2348,2341,2331,2344,2346,2352,2369,2423,2362,2364,2400,2398,2410,2436,2458,2490,2476,2511,2522,2608,2579,2611,2586,2658,2620,2628,2638,2622,2645,2649,2647,2635,2649,2652,2648,2637,2645,2639,2633,2621,2623,2635,2612,2623,2649,2640,2640,2656,2721,2729,2672,2663,2673,2672,2672,2658,2672,2670,2663,2672,2661,2673,2657,2650,2660,2659,2637,2646,2647,2636,2648,2647,2636,2647,2643,2634,2657,2649,2649,2670,2664,2660,2683,2680,2695,2694,2749,2685,2685,2701,2687,2697,2698,2684,2696,2694,2678,2684,2693,2693,2687,2685,2685,2667,2673,2681,2669,2683,2682,2685,2684,2683,2694,2682,2682,2694,2700,2690,2702
