Rubiks,2449,2454,2453,2446,2454,2449,2446,2446,2423,2411,2392,2390,2303,2278,2261,2248,2271,2316,2303,2328,2336,2367,2466,2632,2672,2729,2707,2701,2690,2671,2631,2529,2504,2470,2471,2457,2505,2535,2523,2559,2589,2601,2614,2658,2650,2668,2720,2736,2726,2729,2694,2682,2673,2672,2704,2647,2637,2642,2618,2569,2508,2506,2400,2303,2272,2270,2277,2334,2371,2350,2341,2326,2337,2326,2326,2351,2345,2345,2410,2394,2402,2369,2355,2392,2339,2335,2334,2330,2316,2311,2297,2310,2315,2322,2321,2303,2287,2375,2460,2458,2640,2674,2661,2698,2641,2605,2602,2536,2488,2444,2433,2426,2427,2415,2442,2486,2502,2506,2529,2530,2553,2590,2617,2623,2636,2673,2634,2618,2641,2593,2593,2576,2606,2534,2483,2432,2425,2333,2275,2279,2256,2296,2298,2303,2290,2289,2303,2302,2297,2318,2331,2379,2358,2364,2364,2358,2355,2345,2357,2349,2330,2325,2303,2286,2279,2256,2261,2275,2262,2270,2303,2297,2365,2521,2591,2695,2664,2672,2658,2658,2645,2566,2559,2515,2477,2467,2478,2440,2484,2444,2439,2446,2484,2559,2587,2582,2610,2627,2670,2650,2646,2643,2687,2621,2599,2594,2589,2557,2576,2455,2383,2393,2317,2256,2272,2246,2269,2309,2303,2284,2252,2237,2241,2225,2243,2275,2278,2290,2303,2333,2334,2355,2345,2337,2367,2379,2366,2356,2392,2337,2333,2333,2334,2343,2282,2303,2387,2394,2513,2619,2669,2710,2651,2611,2579,2566,2548,2546,2529,2525,2548,2581,2576,2600,2606,2631,2697,2674,2664,2682,2690,2706,2753,2700,2704,2743,2705,2707,2700,2690,2700,2676,2643,2626,2596,2566,2559,2468,2415,2303,2275,2276,2315,2281,2378,2411,2376,2388,2396,2389,2418,2440,2443,2449,2455,2435,2444,2453,2444,2434,2424,2410,2391,2340,2334,2282,2264,2246,2253,2279
Rubiks,2360,2346,2425,2531,2630,2668,2740,2707,2694,2686,2647,2606,2531,2524,2475,2461,2514,2485,2488,2508,2548,2567,2595,2590,2616,2636,2658,2685,2678,2691,2675,2685,2692,2681,2661,2673,2653,2653,2635,2623,2595,2547,2475,2470,2347,2334,2249,2283,2395,2344,2365,2351,2338,2329,2336,2333,2328,2390,2340,2354,2367,2364,2349,2353,2340,2333,2339,2340,2329,2310,2310,2311,2303,2321,2323,2320,2287,2281,2321,2415,2403,2533,2604,2697,2674,2653,2652,2620,2546,2496,2503,2443,2432,2415,2425,2421,2440,2455,2466,2530,2483,2502,2546,2567,2598,2598,2620,2616,2637,2637,2609,2603,2588,2623,2577,2537,2510,2522,2453,2401,2303,2240,2235,2260,2296,2303,2291,2295,2281,2298,2301,2312,2336,2345,2340,2350,2363,2370,2365,2352,2359,2354,2361,2354,2339,2319,2303,2281,2278,2310,2266,2276,2278,2283,2282,2373,2484,2592,2646,2664,2674,2665,2651,2620,2621,2567,2531,2485,2473,2467,2454,2438,2432,2444,2460,2451,2469,2496,2542,2548,2575,2634,2610,2672,2633,2635,2637,2633,2623,2585,2592,2558,2559,2493,2417,2340,2340,2264,2209,0,2235,2254,0,2294,2308,0,2303,2303,0,2236,2234,0,2242,2269,0,2275,2303,0,2315,2328,2328,2335,2342,2366,2383,2376,2419,2364,2365,2346,2325,2329,2335,2314,2281,2276,2384,2380,2609,2600,2650,2683,2684,2651,2633,2566,2546,2532,2530,2536,2533,2537,2576,2606,2608,2610,2666,2654,2683,2722,2687,2691,2704,2712,2711,2712,2711,2697,2707,2699,2697,2676,2650,2627,2635,2619,2545,2487,2365,2321,2264,2260,2279,2323,2355,2410,2379,2385,2397,2396,2400,2459,2459,2452,2455,2468,2456,2443,2436,2425,2419,2389,2334,2327,2268,2252,2277,2285,2281,2301,2310,2381,2468,2587,2673,2668,2682,2707,2698,2661
Rubiks,2497,2500,2527,2470,2469,2485,2512,2516,2537,2576,2623,2608,2648,2645,2658,2669,2731,2692,2689,2684,2685,2674,2663,2657,2656,2637,2630,2588,2594,2546,2465,2351,2303,2249,2290,2357,2365,2354,2334,2341,2334,2378,2330,2345,2337,2347,2364,2410,2354,2392,2343,2349,2331,2326,2309,2310,2321,2339,2302,2303,2320,2317,2296,2303,2288,2335,2467,2602,2556,2622,2672,2671,2640,2599,2595,2535,2484,2453,2432,2422,2434,2427,2435,2446,2460,2469,2497,2533,2558,2594,2593,2602,2619,2619,2628,2608,2663,2604,2591,2577,2579,2567,2542,2488,2432,2443,2357,2279,2240,2263,2258,2297,2295,2291,2294,2291,2303,2296,2303,2332,2379,2359,2369,2361,2355,2363,2360,2357,2363,2387,2335,2320,2296,2277,2261,2266,2274,2272,2267,2312,2416,2515,2517,2620,2660,2680,2662,2650,2632,2593,2548,2512,2531,2487,2435,2433,2439,2421,2441,2460,2489,2485,2517,2554,2594,2622,2603,2664,2623,2619,2641,2645,2649,2622,2605,2572,2581,2576,2528,2485,2413,2412,2327,2273,2224,2288,2240,2249,2290,2303,2280,2237,2246,2237,2276,2250,2283,2303,2310,2310,2363,2332,0,2339,2355,0,2374,2361,0,2348,2367,0,2343,2347,0,2335,2326,0,2308,2289,0,2279,2356,0,2476,2606,2652,2646,2673,2665,2627,2636,2567,2537,2551,2574,2532,2521,2586,2576,2581,2623,2622,2672,2660,2653,2732,2684,2696,2712,2712,2699,2754,2697,2748,2687,2695,2695,2682,2640,2622,2616,2559,2559,2485,2372,2311,2279,2263,2303,2289,2311,2400,2362,2390,2433,2395,2410,2425,2442,2459,2454,2450,2440,2442,2444,2443,2440,2420,2455,2369,2321,2258,2252,2262,2257,2311,2303,2319,2320,2349,2423,2548,2632,2685,2701,2687,2732,2685,2646,2576,2534,2531,2483,2461,2453,2490,2477,2513,2542
Rubiks,2610,2637,2622,2646,2661,2670,2681,2692,2693,2687,2692,2681,2668,2675,2643,2640,2649,2615,2581,2576,2501,2414,2320,2317,2268,2275,2326,2381,2364,2334,2337,2340,2336,2335,2349,2353,2366,2367,2365,2365,2363,2341,2340,2377,2378,2335,2316,2316,2320,2301,2303,2303,2356,2303,2294,2294,2300,2372,2510,2597,2641,2657,2668,2662,2646,2647,2592,2518,2460,2445,2434,2432,2416,2427,2441,2472,2481,2488,2491,2524,2554,2571,2606,2614,2627,2634,2602,2608,2606,2584,2559,2555,2523,2507,2549,2439,2362,2291,2225,2255,2260,2303,2296,2332,2294,2274,2297,2303,2325,2323,2325,2350,2359,2359,2359,2360,2355,2362,2405,2342,2327,2329,2320,2286,2265,2272,2268,2279,2279,2270,2320,2411,2523,2519,2619,2660,2670,2672,2665,2650,2577,2536,2520,2516,2504,2456,2428,2432,2440,2455,2471,2471,2473,2506,2547,2593,2591,2585,2634,2636,2628,2644,2643,2636,2623,2661,2581,2571,2556,2559,2499,2427,2355,2348,2280,2241,2226,2300,2274,2312,2266,2264,2255,2234,2244,2261,2262,2275,2287,2311,2332,2373,2329,2349,2356,2357,2378,2359,2358,2366,2340,2366,2324,2300,2303,2261,2315,2438,2568,2639,2665,2666,2661,2628,2596,2556,2558,2566,2546,2529,2551,2540,2597,2580,2620,2638,2633,2647,2668,2687,2687,2704,2697,2699,2753,2712,2696,2704,2697,2709,2699,2686,2650,2660,2633,2608,2567,2508,2410,2321,2310,2275,2258,2269,2277,2320,2401,2380,2394,2380,2413,2408,2427,2451,2449,2455,2451,2486,2456,2449,2452,2428,2416,2452,2378,2327,2286,2281,2259,2253,2270,2295,2285,2311,2335,2365,2485,2529,2594,2670,2743,2707,2683,2691,2670,2609,2547,2547,2498,2470,2512,2515,2504,2537,2532,2598,2592,2606,2674,2658,2657,2712,2721,2681,2691,2693,2722,2692,2678,2663
Rubiks,2674,2641,2617,2633,2601,2550,2483,2367,2282,2265,2258,2303,2352,2354,2348,2352,2329,2327,2335,2320,2340,2355,2369,2360,2366,2365,2344,2350,2331,2330,2313,2315,2366,2321,2310,2296,2320,2320,2312,2303,2302,2281,2335,2428,2419,2529,2610,2650,2667,2652,2628,2636,2612,2493,2469,2442,2444,2435,2420,2429,2436,2456,2458,2496,2577,2524,2559,2585,2611,2610,2681,2638,2623,2620,2604,2587,2622,2566,2553,2534,2470,2402,2328,2260,2246,2241,2273,2297,2303,2281,2284,2291,2303,2295,2311,2335,2353,2346,2409,2355,2369,2362,2359,2367,2363,2351,2321,2309,2287,2333,2275,2268,2274,2309,2265,2274,2348,2358,2515,2590,2638,2663,2672,2674,2662,2657,2559,2553,2468,2442,2435,2445,2429,2432,2441,2449,2480,2507,2556,2584,2576,2616,2635,2634,2623,2623,2687,2644,2647,2623,2651,2593,2579,2575,2537,2476,2401,2309,2251,2219,2245,2244,2254,2300,2298,2300,2265,2243,2240,2232,2249,2263,2282,2295,2315,2318,2342,2346,2364,2365,2370,2380,2356,2359,2354,2341,2329,2335,2321,2303,2286,2328,2378,2498,2604,2663,2644,2664,2661,2633,2675,2577,2532,2539,2531,2524,2533,2545,2566,2606,2615,2626,2633,2656,2675,2680,2689,2703,2708,2711,2707,2708,2708,2749,2708,2695,2693,2693,2672,2646,2631,2627,2534,2535,2427,2349,2288,2260,2274,2309,2375,2374,2439,2382,2376,2414,2410,2423,2432,2446,2458,2445,2451,2446,2438,2429,2424,2411,2414,2410,2335,2280,2269,2261,2263,2262,2289,2346,2335,2379,2462,2468,2559,2660,2689,2697,2745,2675,2672,2625,2559,2504,2465,2470,2507,2470,2502,2559,2559,2588,2600,2606,2627,2649,2672,2673,2724,2687,2693,2682,2691,2676,2673,2673,2648,2637,2634,2616,2569,2578,2501,2404,2303,2272,2270,2329,2384,2371,2341,2345
Rubiks,2371,2328,2335,2348,2350,2352,2391,2359,2345,2332,2326,2330,2324,2325,2321,2319,2297,2309,2303,2303,2295,2299,2294,2283,2335,2447,2577,2641,2643,2718,2670,2651,2640,2597,2533,2476,2449,2432,2425,2408,2438,2451,2454,2468,2486,2519,2539,2559,2596,2610,2619,2620,2628,2677,2601,2631,2591,2587,2567,2559,2521,2508,2470,2377,2339,2326,2256,2283,2268,2277,2303,2295,2288,2290,2309,2315,2322,2313,2338,2339,2404,2364,2364,2357,2360,2358,2351,2334,2324,2320,2292,2285,2316,2266,2266,2275,2273,2301,2397,2392,2494,2594,2659,2672,2670,2661,2641,2600,2535,2507,2484,2459,2448,2432,2440,2439,2432,2440,2504,2486,2534,2572,2569,2603,2612,2632,2667,2630,2639,2647,2649,2607,2580,2591,2580,2580,2520,2453,2386,2302,2296,2303,2219,2231,2295,2350,2303,2296,2246,2243,2238,2233,2275,2294,2284,2303,2311,2324,2338,2353,2349,2361,2367,2373,2356,2350,2354,2353,2324,2329,2314,2292,2293,2282,2405,2485,2592,2653,2674,2671,2670,2622,2585,2539,2523,2530,2530,2525,2548,2559,2589,2590,2663,2669,2650,2707,2693,2701,2707,2710,2712,2712,2704,2750,2707,2696,2700,2672,2679,2636,2631,2632,2545,2474,2470,2399,2303,2274,2264,2293,2288,2329,2411,2362,2395,2395,2401,2432,2420,2447,2444,2460,2455,2450,2500,2444,2433,2427,2429,2339,2278,2308,2303,2261,2258,2280,2303,2303,2323,2350,2438,2537,2634,2678,2700,2689,2732,2736,2648,2601,2528,2479,2482,2455,2458,2471,2507,2546,2570,2591,2661,2610,2622,2656,2675,2662,2720,2679,2687,2693,2693,2675,2724,2659,2701,2647,2628,2630,2587,2538,2481,2400,2290,2249,2280,2365,2362,2354,2353,2341,2327,2333,2363,2354,2344,2382,2363,2365,2361,2354,2350,2347,2335,2318,2360,2318,2320,2322,2303,2316
Rubiks,2274,2295,2283,2292,2379,2548,2603,2663,2657,2672,2648,2635,2593,2594,2519,2460,2494,2427,2424,2432,2438,2461,2485,2510,2533,2534,2559,2588,2650,2623,2618,2617,2619,2611,2595,2577,2568,2575,2556,2534,2481,2480,2359,2284,2280,2244,2253,2303,2303,2295,2284,2303,2309,2303,2355,2326,2355,2343,2357,2360,2411,2370,2369,2362,2357,2349,2326,2303,2287,2283,2266,2261,2265,2276,2275,2319,2461,2551,2545,2623,2661,2672,2665,2637,2595,2580,2531,2497,2456,2487,2426,2437,2432,2441,2453,2456,2473,2496,2544,2568,2605,2649,2623,2633,2634,2626,2646,2623,2609,2621,2581,2577,2596,2545,2420,2354,2343,2286,2227,2227,2261,2250,2276,2302,2264,2261,2231,2234,2235,2257,2313,2290,2309,2302,2335,2332,2341,2338,2356,2382,2381,2369,2366,2350,2335,2329,2326,2337,2297,2288,2282,2396,2532,2626,2664,2675,2711,2648,2610,2576,2553,2538,2534,2525,2535,2541,2537,2568,2603,2629,2650,2651,2662,2683,2687,2704,2704,2739,2710,2705,2710,2708,2707,2697,2696,2692,2687,2616,2637,2625,2592,2518,2396,2339,2324,2270,2252,2282,2292,2308,2406,2375,2397,2399,2386,2401,2417,2490,2454,2444,2474,2457,2449,2446,2432,2440,2421,2448,2363,2310,2323,2273,2254,2256,2303,2353,2319,2354,2340,2425,2532,2623,2683,2732,2690,2693,2675,2649,2604,2524,2476,2488,2458,2454,2480,2509,2540,2611,2591,2605,2621,2633,2647,2664,2668,2684,2684,2690,2681,2682,2675,2673,2660,2659,2636,2632,2625,2559,2594,2484,2380,2289,2255,2261,2289,2408,2361,2344,2341,2331,2327,2337,2333,2352,2352,2400,2356,2361,2364,2343,2343,2333,2335,2317,2322,2310,2319,2303,2303,2311,2320,2319,2280,2291,2371,2356,2476,2589,2698,2670,2690,2662,2632,2617,2556,2468,2440,2432,2424,2432
Rubiks,2461,2471,2470,2508,2548,2559,2633,2620,2608,2620,2613,2615,2609,2605,2585,2593,2580,2554,2534,2474,2429,2462,2331,2265,2242,2256,2303,2289,2303,2276,2294,2293,2294,2303,2315,2339,2338,2352,2350,2364,2362,2354,2370,2367,2356,2350,2331,2301,2294,2281,2256,2274,2270,2274,2274,2271,2335,2424,2542,2544,2614,2708,2672,2671,2640,2649,2590,2513,2542,2471,2461,2448,2427,2436,2483,2460,2464,2472,2505,2532,2566,2608,2615,2621,2627,2618,2643,2637,2647,2632,2600,2638,2580,2570,2553,2504,2437,2332,2291,2237,2226,2228,2277,2263,2278,2303,2284,2259,2234,2244,2256,2290,2269,2291,2287,2380,2338,2365,2341,2348,2367,2381,2367,2366,2357,2337,2375,2326,2335,2324,2282,2279,2384,2380,2494,2618,2715,2716,2665,2673,2622,2586,2539,2523,2546,2548,2532,2524,2555,2585,2579,2608,2619,2643,2672,2681,2684,2707,2696,2704,2710,2701,2704,2707,2697,2705,2695,2673,2699,2634,2623,2620,2576,2502,2456,2320,2313,2277,2256,2280,2309,2410,2400,2370,2391,2386,2396,2432,2425,2441,2452,2466,2454,2448,2457,2440,2435,2416,2402,2413,2363,2293,2273,2291,2248,2279,2268,2294,2317,2343,2432,2429,2538,2633,2682,2690,2700,2685,2673,2633,2582,2508,2484,2465,2463,2468,2512,2511,2546,2567,2592,2609,2611,2633,2657,2661,2668,2692,2694,2693,2690,2730,2673,2682,2667,2649,2644,2647,2646,2609,2546,2486,2387,2309,2344,2250,2276,2355,2375,2352,2349,2350,2333,2324,2331,2349,2344,2387,2364,2363,2412,2370,2355,2346,2378,2337,2315,2325,2365,2356,2320,2288,2315,2321,2315,2296,2277,2383,2455,2571,2643,2675,2673,2669,2687,2580,2518,2518,2470,2487,2440,2466,2427,2426,2448,2469,2492,2513,2554,2542,2634,2593,2607,2626,2634,2628,2623,2606,2610,2582
Rubiks,2528,2530,2544,2440,2370,2365,2303,2240,2284,2244,2337,2303,2280,2272,2349,2310,2295,2303,2335,2348,2346,2336,2356,2356,2370,2365,2350,2401,2408,2350,2339,2325,2303,2282,2274,2264,2265,2274,2285,2285,2314,2439,2544,2616,2670,2674,2668,2659,2614,2622,2525,2527,2549,2471,2452,2441,2441,2442,2441,2454,2466,2505,2531,2547,2585,2595,2620,2617,2627,2632,2641,2648,2621,2635,2656,2576,2558,2541,2472,2456,2333,2274,2269,2228,2241,2257,2286,2324,2276,2269,2259,2276,2243,2258,2270,2309,2302,2300,2326,2328,2395,2369,2362,2357,2380,2380,2359,2354,2350,2323,2326,2324,2300,2303,2289,2330,2487,2581,2576,2649,2671,2665,2640,2635,2596,2541,2582,2538,2535,2525,2530,2549,2559,2606,2597,2623,2646,2645,2682,2676,2690,2687,2704,2701,2710,2708,2707,2695,2697,2700,2676,2716,2640,2642,2625,2610,2605,2575,2440,2376,2331,2260,2273,2318,2287,2371,2379,2398,2391,2395,2400,2415,2419,2457,2447,2454,2451,2452,2439,2437,2426,2422,2396,2365,2303,2265,2261,2250,2250,2265,2344,2309,2323,2415,2512,2558,2619,2672,2744,2700,2690,2686,2661,2602,2521,2477,2475,2463,2502,2461,2519,2537,2570,2575,2584,2609,2627,2650,2663,2725,2692,2682,2691,2675,2732,2685,2669,2654,2648,2656,2642,2622,2607,2567,2517,2437,2314,2315,2273,2277,2315,2321,2374,2350,2354,2347,2329,2337,2329,2352,2337,2334,2367,2360,2359,2345,2336,2339,2328,2329,2325,2310,2321,2324,2310,2303,2318,2311,2296,2326,2324,2415,2539,2548,2631,2658,2672,2645,2654,2605,2533,2475,2456,2428,2420,2417,2419,2432,2456,2473,2462,2504,2531,2554,2572,2594,2606,2619,2626,2636,2625,2610,2596,2594,2580,2620,2553,2545,2492,2422,2357,2365,2284,2237,2233,2285,2301,2303,2290,2299
Rubiks,2314,2321,2335,2385,2355,2350,2400,2365,2367,2349,2366,2370,2362,2379,2320,2293,2303,2289,2261,2264,2270,2270,2342,2400,2383,2505,2605,2649,2660,2659,2662,2647,2617,2549,2602,2519,2482,2458,2435,2437,2426,2427,2455,2469,2459,2474,2531,2551,2590,2623,2609,2622,2669,2636,2648,2644,2647,2617,2596,2576,2571,2526,2457,2451,2362,2296,2233,2221,2287,2270,2303,2320,2287,2257,2253,2242,2234,2251,2267,2286,2303,2340,2337,2380,2341,2335,2356,2377,2419,2368,2398,2347,2345,2325,2380,2334,2301,2281,2299,2397,2400,2535,2632,2710,2671,2670,2661,2605,2558,2559,2547,2583,2526,2528,2537,2557,2595,2621,2633,2663,2643,2670,2686,2701,2704,2706,2712,2712,2697,2697,2708,2689,2698,2679,2645,2637,2631,2610,2559,2487,2451,2319,2265,2264,2252,2286,2378,2441,2424,2395,2391,2402,2429,2424,2447,2489,2499,2449,2460,2447,2437,2436,2471,2399,2394,2384,2303,2266,2260,2251,2259,2291,2303,2336,2381,2465,2456,2592,2653,2699,2705,2707,2691,2705,2635,2559,2557,2505,2467,2505,2460,2508,2496,2532,2557,2621,2609,2595,2623,2657,2662,2674,2728,2680,2681,2681,2725,2687,2669,2670,2663,2652,2649,2687,2621,2582,2524,2434,2439,2378,2266,2279,2325,2318,2379,2357,2333,2345,2340,2329,2335,2336,2337,2345,2370,2358,2361,2360,2342,2352,2340,2327,2335,2315,2321,2316,2303,2303,2309,2320,2300,2291,2303,2308,2380,2485,2606,2657,2675,2674,2644,2633,2559,2508,2464,2470,2426,2424,2421,2432,2452,2468,2463,2486,2517,2583,2579,2577,2596,2610,2656,2634,2620,2618,2593,2578,2580,2576,2551,2508,2458,2387,2396,2321,2265,2242,2261,2301,2309,2295,2286,2281,2303,2315,2312,2350,2353,2337,2361,2354,2350,2341,2369,2359,2355,2353,2375,2286,2276,2266
Rubiks,2257,2274,2264,2310,2289,2402,2512,2608,2609,2651,2658,2660,2701,2605,2548,2507,2484,2473,2499,2440,2436,2442,2477,2459,2444,2469,2515,2559,2590,2611,2637,2660,2645,2652,2647,2647,2621,2590,2608,2581,2575,2532,2456,2452,2368,2294,2253,2227,2229,2256,2310,2298,2294,2251,2245,2244,2241,2276,2273,2287,2303,2303,2371,2324,2349,2353,2395,2355,2378,2356,2356,2354,2345,2352,2335,2324,2302,2294,2291,2284,2382,2502,2612,2674,2667,2728,2657,2663,2581,2569,2540,2546,2528,2513,2547,2579,2610,2609,2610,2646,2659,2678,2683,2682,2699,2706,2711,2708,2701,2711,2750,2707,2698,2687,2701,2669,2642,2623,2620,2578,2491,2410,2319,2267,2262,2251,2290,2311,2414,2406,2381,2394,2396,2398,2409,2470,2441,2456,2447,2441,2462,2446,2441,2475,2414,2422,2381,2361,2292,2265,2260,2255,2262,2279,2296,2311,2365,2453,2559,2653,2683,2701,2701,2695,2670,2640,2642,2620,2504,2465,2473,2463,2461,2486,2528,2559,2559,2600,2607,2632,2637,2670,2665,2683,2692,2681,2680,2723,2682,2664,2672,2652,2704,2635,2638,2584,2589,2529,2454,2349,2267,2259,2295,2361,2358,2355,2350,2340,2325,2339,2331,2324,2339,2346,2353,2409,2354,2363,2353,2345,2339,2321,2326,2308,2302,2315,2324,2303,2288,2321,2308,2289,2293,2291,2324,2441,2559,2646,2664,2672,2703,2596,2587,2573,2476,2442,2437,2418,2428,2424,2437,2445,2461,2537,2518,2528,2592,2592,2599,2608,2605,2622,2625,2619,2604,2597,2592,2576,2552,2523,2480,2429,2345,2345,2283,2246,2236,2263,2300,2303,2282,2289,2296,2295,2301,2337,2332,2340,2356,2355,2359,2366,2364,2363,2359,2367,2345,2334,2318,2281,2275,2278,2310,2274,2270,2277,2308,2406,2512,2517,2601,2650,2682,2684,2710,2660,2612,2552,2546,2517
Rubiks,2432,2435,2436,2477,2432,2485,2436,2524,2518,2540,2582,2621,2626,2633,2620,2636,2644,2644,2623,2608,2605,2586,2559,2533,2470,2361,2383,2303,2240,2216,2243,2265,2295,2286,2264,2250,2232,2236,2246,2277,2267,2281,2294,2326,2334,2328,2328,2352,2361,2362,2376,2371,2346,2345,2383,2337,2334,2332,2295,2281,2303,2408,2537,2577,2623,2669,2663,2651,2702,2606,2558,2545,2548,2532,2525,2533,2559,2569,2600,2629,2634,2652,2644,2712,2692,2699,2708,2707,2700,2712,2701,2694,2691,2733,2682,2680,2664,2684,2623,2600,2557,2558,2505,2379,2301,2265,2264,2288,2385,2349,2404,2425,2395,2396,2386,2395,2443,2446,2456,2466,2453,2445,2487,2435,2427,2400,2393,2348,2296,2303,2265,2254,2255,2286,2300,2295,2369,2366,2458,2571,2664,2651,2691,2707,2696,2657,2631,2553,2523,2501,2515,2468,2466,2508,2493,2528,2556,2559,2634,2679,2637,2657,2672,2671,2689,2681,2692,2687,2693,2681,2661,2651,2640,2639,2648,2618,2556,2525,2433,2324,2320,2274,2312,2325,2375,2381,2351,2348,2385,2330,2315,2326,2351,2338,2369,2365,2353,2358,2352,2336,2342,2338,2332,2329,2321,2318,2324,2321,2303,2297,2321,2302,2322,2303,2284,2335,2475,2557,2631,2664,2672,2663,2648,2602,2524,2480,2477,2446,2439,2420,2427,2438,2432,2456,2457,2492,2531,2524,2550,2589,2595,2606,2619,2659,2671,2618,2601,2590,2592,2567,2558,2528,2521,2426,2428,2350,2289,2238,2260,2340,2293,2285,2334,2297,2298,2295,2321,2335,2344,2363,2360,2366,2392,2398,2367,2401,2363,2380,2334,2302,2283,2291,2271,2264,2311,2278,2303,2274,2331,2425,2548,2637,2623,2670,2661,2673,2641,2583,2583,2546,2509,2460,2454,2444,2432,2432,2426,2456,2473,2464,2485,2567,2577,2603,2607,2610,2633,2635,2626,2645
Rubiks,2600,2596,2587,2559,2559,2496,2434,2338,2328,2270,2232,2224,2254,2282,2324,2279,2268,2256,2281,2231,2252,2273,2302,2312,2323,2331,2340,2350,2362,2359,2366,2382,2367,2361,2392,2363,2320,2320,2294,2278,2283,2381,2518,2623,2672,2665,2672,2658,2600,2559,2552,2544,2592,2535,2522,2557,2576,2601,2637,2642,2650,2646,2682,2686,2700,2706,2710,2711,2711,2704,2707,2707,2696,2700,2678,2649,2626,2632,2626,2592,2571,2435,2438,2351,2276,2266,2275,2268,2290,2384,2401,2373,2389,2386,2392,2400,2423,2458,2444,2452,2461,2461,2468,2454,2443,2438,2423,2393,2342,2292,2270,2254,2258,2314,2280,2309,2300,2377,2380,2508,2579,2582,2662,2696,2708,2690,2652,2620,2547,2540,2502,2459,2459,2510,2547,2532,2544,2559,2577,2593,2623,2657,2658,2667,2673,2689,2687,2683,2681,2672,2704,2661,2651,2638,2648,2607,2569,2520,2405,2413,2303,2258,2275,2334,2408,2345,2355,2342,2352,2335,2330,2380,2334,2339,2391,2365,2366,2359,2365,2339,2351,2335,2334,2324,2319,2303,2303,2303,2303,2313,2320,2296,2278,2298,2385,2509,2503,2631,2680,2665,2661,2673,2643,2582,2519,2459,2437,2441,2414,2438,2444,2432,2466,2459,2496,2536,2580,2567,2591,2603,2664,2633,2637,2633,2620,2604,2595,2576,2579,2528,2526,2520,2401,2351,2279,2269,2244,2346,2303,2303,2282,2290,2301,2296,2303,2303,2341,2355,2367,2363,2358,2354,2365,2360,2364,2354,2396,2312,2296,2289,2277,2277,2276,2272,2274,2273,2421,2474,2489,2582,2661,2672,2705,2649,2623,2604,2558,2517,2476,2452,2449,2432,2432,2439,2432,2446,2474,2460,2518,2547,2593,2590,2587,2623,2634,2628,2621,2646,2636,2622,2625,2584,2584,2576,2554,2492,2416,2326,2275,2230,2218,2241,2252,2290,2324,2308,2265,2238,2278,2243
Rubiks,2297,2309,2335,2366,2354,2353,2379,2411,2380,2372,2373,2366,2344,2382,2328,2332,2303,2308,2272,2303,2409,2528,2636,2673,2711,2715,2644,2593,2545,2531,2533,2534,2531,2572,2550,2581,2607,2631,2668,2631,2659,2691,2691,2687,2706,2756,2711,2709,2708,2704,2708,2687,2698,2701,2714,2640,2635,2613,2618,2566,2474,2387,2324,2262,2269,2286,2329,2323,2411,2414,2387,2391,2396,2400,2432,2457,2453,2458,2459,2437,2497,2445,2432,2425,2409,2357,2365,2355,2290,2251,2250,2273,2275,2293,2310,2329,2416,2427,2526,2635,2683,2689,2699,2663,2635,2623,2523,2517,2470,2468,2457,2476,2522,2517,2545,2567,2588,2663,2636,2641,2672,2666,2676,2685,2676,2692,2681,2683,2670,2653,2650,2640,2637,2619,2625,2523,2460,2347,2269,2272,2259,2312,2381,2357,2350,2355,2344,2334,2325,2324,2341,2345,2366,2367,2359,2408,2350,2341,2327,2330,2331,2303,2320,2312,2299,2303,2303,2303,2303,2289,2282,2362,2465,2577,2632,2674,2672,2668,2642,2596,2599,2523,2482,2452,2432,2425,2432,2433,2440,2453,2456,2489,2472,2514,2592,2566,2610,2598,2610,2609,2623,2633,2609,2623,2594,2566,2578,2536,2507,2449,2380,2382,2303,2249,2224,2294,2289,2290,2345,2289,2293,2303,2300,2323,2319,2346,2392,2364,2370,2351,2364,2395,2363,2366,2345,2339,2320,2303,2289,2279,2270,2270,2278,2276,2294,2392,2509,2620,2659,2669,2683,2712,2658,2617,2554,2509,2476,2449,2445,2483,2438,2426,2446,2446,2469,2481,2559,2566,2596,2582,2608,2623,2622,2636,2641,2647,2630,2634,2636,2584,2578,2576,2539,2483,2488,2387,2303,2251,2258,2240,2251,2261,2281,2365,2274,2242,2247,2233,2241,2250,2289,2294,2292,2321,2366,2328,2345,2339,2348,2370,2360,2370,2360,2355,2346,2379,2339,2321,2312,2303
Rubiks,2456,2512,2508,2663,2649,2672,2653,2614,2622,2576,2537,2534,2539,2534,2533,2589,2559,2607,2608,2641,2638,2653,2672,2693,2743,2694,2708,2700,2712,2700,2708,2707,2696,2740,2680,2658,2640,2639,2597,2551,2458,2504,2364,2289,2243,2257,2342,2435,2394,2390,2395,2382,2386,2472,2418,2426,2444,2456,2463,2469,2457,2436,2423,2429,2416,2394,2348,2283,2278,2310,2242,2267,2280,2303,2329,2334,2381,2466,2617,2658,2687,2707,2687,2665,2662,2614,2552,2495,2462,2469,2466,2466,2487,2537,2566,2559,2579,2598,2633,2661,2662,2710,2667,2691,2691,2679,2694,2683,2683,2669,2649,2645,2687,2637,2616,2557,2514,2420,2317,2266,2279,2261,2329,2358,2346,2350,2334,2335,2328,2352,2338,2345,2364,2399,2357,2369,2344,2338,2341,2336,2334,2365,2320,2303,2311,2320,2318,2311,2309,2299,2280,2303,2387,2533,2608,2659,2659,2664,2662,2620,2550,2534,2474,2444,2439,2439,2417,2444,2422,2435,2448,2509,2499,2488,2532,2552,2580,2610,2605,2608,2630,2623,2623,2600,2576,2567,2576,2559,2538,2488,2432,2362,2275,2234,2254,2248,2338,2303,2280,2294,2292,2292,2349,2310,2321,2345,2348,2355,2358,2364,2354,2369,2369,2356,2341,2336,2308,2297,2276,2272,2265,2263,2260,2282,2334,2445,2434,2559,2622,2713,2684,2667,2663,2639,2583,2566,2509,2492,2466,2492,2423,2432,2484,2438,2454,2457,2502,2530,2539,2569,2601,2665,2637,2636,2623,2635,2648,2634,2608,2585,2580,2572,2553,2520,2423,2347,2274,2246,2226,2233,2261,2275,2325,2294,2278,2260,2240,2234,2242,2303,2292,2290,2318,2324,2339,2330,2339,2350,2362,2369,2380,2371,2357,2350,2318,2339,2335,2303,2294,2269,2289,2446,2411,2547,2637,2672,2653,2636,2681,2593,2553,2524,2551,2547,2559,2571,2555,2543,2636,2619
Rubiks,2662,2684,2668,2682,2699,2705,2741,2700,2755,2701,2704,2697,2691,2685,2692,2661,2645,2637,2625,2605,2538,2475,2367,2301,2296,2274,2268,2297,2380,2374,2383,2394,2424,2400,2401,2400,2432,2493,2445,2459,2483,2500,2456,2438,2444,2425,2404,2382,2367,2280,2260,2249,2264,2289,2300,2340,2384,2370,2464,2576,2648,2693,2697,2701,2687,2663,2620,2550,2557,2549,2468,2453,2509,2480,2489,2528,2559,2578,2598,2595,2617,2629,2673,2685,2664,2683,2692,2681,2693,2685,2673,2665,2704,2645,2676,2671,2604,2507,2541,2394,2303,2312,2270,2276,2392,2366,2349,2333,2343,2330,2328,2325,2339,2348,2357,2370,2367,2354,2351,2342,2335,2339,2328,2320,2315,2312,2320,2301,2359,2324,2308,2295,2278,2347,2487,2559,2559,2623,2670,2652,2662,2662,2600,2570,2485,2451,2428,2442,2424,2467,2424,2450,2465,2468,2524,2517,2556,2583,2592,2605,2615,2633,2626,2623,2622,2610,2589,2591,2632,2574,2544,2505,2457,2384,2377,2358,2303,2236,2276,2296,2285,2292,2309,2299,2349,2317,2328,2352,2345,2341,2366,2357,2409,2367,2362,2365,2365,2333,2317,2310,2303,2325,2275,2280,2268,2262,2266,2296,2414,2412,2536,2601,2667,2671,2668,2663,2638,2604,2547,2508,2474,2459,2453,2432,2439,2438,2459,2452,2467,2544,2533,2572,2619,2605,2618,2633,2635,2623,2635,2645,2623,2614,2616,2596,2577,2559,2514,2435,2354,2350,2280,2240,2230,2228,2238,2319,2321,2282,2262,2259,2238,2234,2252,2270,2272,2291,2303,2332,2337,2333,2348,2393,2359,2381,2375,2378,2403,2347,2342,2339,2335,2335,2308,2288,2285,2381,2382,2498,2612,2669,2672,2674,2656,2620,2576,2537,2536,2547,2528,2575,2552,2550,2607,2586,2623,2647,2654,2669,2690,2694,2701,2706,2709,2712,2736,2748,2696,2692,2690,2693
Rubiks,2626,2677,2617,2574,2492,2411,2324,2311,2275,2272,2281,2332,2411,2369,2441,2393,2393,2402,2412,2486,2449,2452,2471,2490,2446,2460,2453,2432,2426,2400,2370,2357,2332,2268,2251,2251,2293,2283,2303,2320,2356,2440,2553,2649,2683,2691,2696,2700,2663,2640,2647,2572,2509,2471,2501,2473,2468,2471,2510,2548,2581,2576,2593,2618,2651,2652,2645,2725,2692,2678,2725,2692,2675,2727,2683,2652,2663,2646,2677,2631,2597,2534,2470,2464,2364,2275,2252,2303,2356,2355,2344,2392,2327,2338,2326,2335,2340,2341,2356,2363,2360,2358,2339,2347,2331,2327,2335,2320,2303,2318,2312,2299,2297,2311,2303,2286,2336,2400,2386,2509,2602,2653,2660,2659,2649,2617,2577,2505,2470,2473,2436,2425,2424,2437,2443,2474,2464,2484,2503,2578,2559,2643,2665,2617,2612,2623,2626,2635,2620,2592,2587,2569,2552,2533,2490,2520,2436,2365,2288,2235,2237,2278,2338,2297,2281,2291,2291,2342,2349,2320,2328,2333,2346,2357,2352,2369,2410,2357,2360,2356,2338,2333,2315,2309,2300,2277,2270,2311,2313,2264,2303,2399,2523,2559,2656,2698,2662,2712,2673,2657,2594,2551,2517,2528,2458,2442,2441,2436,2435,2446,2464,2475,2536,2528,2603,2588,2610,2623,2636,2630,2645,2641,2690,2619,2596,2598,2578,2573,2587,2469,2436,2324,2302,2259,2227,2240,2264,2260,2298,2293,2267,2258,2243,2231,2273,2274,2288,2297,2319,2334,2339,2327,2347,2356,2380,2375,2381,2364,2365,2388,2339,2338,2327,2314,2303,2266,2320,2424,2551,2545,2628,2662,2674,2674,2637,2603,2557,2531,2537,2577,2516,2567,2559,2576,2597,2611,2652,2681,2672,2670,2692,2700,2690,2754,2713,2749,2695,2706,2708,2707,2699,2675,2653,2644,2623,2623,2636,2521,2435,2432,2349,2284,2264,2295,2284,2320,2394,2400,2419,2377
Rubiks,2417,2418,2441,2446,2458,2449,2459,2458,2454,2440,2432,2428,2415,2432,2324,2324,2267,2264,2251,2274,2279,2310,2335,2390,2386,2486,2591,2663,2696,2706,2697,2690,2672,2669,2619,2534,2495,2471,2473,2474,2462,2537,2567,2557,2617,2594,2631,2633,2659,2684,2682,2692,2681,2681,2677,2676,2684,2662,2652,2646,2638,2634,2575,2585,2534,2453,2326,2264,2261,2296,2321,2365,2339,2336,2341,2352,2324,2335,2344,2348,2351,2339,2356,2359,2354,2361,2340,2340,2339,2374,2324,2318,2315,2309,2355,2363,2324,2303,2295,2288,2343,2396,2388,2496,2651,2650,2715,2659,2628,2633,2559,2531,2438,2432,2438,2425,2426,2440,2432,2448,2517,2507,2501,2526,2577,2578,2608,2621,2609,2632,2631,2608,2609,2604,2582,2604,2559,2572,2517,2424,2425,2349,2261,2283,2243,2253,2350,2303,2288,2292,2323,2299,2291,2302,2330,2349,2345,2350,2363,2364,2358,2367,2353,2365,2348,2343,2317,2347,2300,2286,2319,2267,2277,2261,2280,2268,2317,2416,2547,2627,2658,2662,2673,2660,2641,2591,2544,2499,2470,2449,2447,2441,2422,2440,2458,2474,2510,2488,2522,2574,2585,2662,2634,2637,2623,2646,2640,2632,2619,2598,2581,2579,2553,2515,2433,2351,2287,2230,2227,2227,2258,2267,2319,2318,2325,2261,2245,2236,2242,2244,2266,2294,2308,2296,2335,2334,2342,2352,2364,2404,2379,2375,2353,2367,2337,2328,2335,2324,2315,2308,2288,2280,2380,2508,2506,2619,2658,2680,2652,2656,2609,2567,2547,2548,2538,2547,2531,2546,2566,2554,2582,2605,2612,2648,2672,2673,2681,2700,2705,2704,2709,2701,2701,2706,2698,2697,2700,2701,2683,2649,2619,2619,2645,2577,2518,2408,2321,2279,2268,2275,2274,2326,2410,2402,2380,2386,2387,2402,2441,2443,2439,2444,2453,2471,2467,2456,2428,2437,2420,2390
Rubiks,2269,2264,2259,2259,2274,2286,2303,2328,2379,2371,2469,2566,2700,2681,2701,2700,2687,2650,2620,2540,2542,2504,2470,2473,2472,2458,2502,2522,2559,2557,2571,2646,2630,2651,2674,2671,2679,2691,2693,2693,2690,2676,2723,2699,2653,2660,2650,2638,2633,2595,2547,2550,2488,2374,2292,2251,2254,2284,2365,2361,2349,2351,2331,2377,2334,2333,2343,2348,2350,2363,2365,2365,2367,2387,2341,2328,2328,2323,2323,2315,2319,2302,2297,2321,2311,2290,2285,2288,2362,2446,2576,2645,2664,2668,2663,2647,2589,2509,2468,2446,2443,2424,2427,2438,2437,2471,2473,2467,2503,2522,2556,2577,2610,2611,2634,2625,2625,2616,2641,2630,2593,2614,2576,2528,2480,2443,2438,2356,2289,2235,2244,2303,2296,2298,2279,2289,2303,2303,2311,2320,2330,2349,2349,2360,2364,2397,2356,2367,2366,2367,2366,2333,2312,2309,2294,2280,2274,2273,2272,2264,2294,2353,2349,2453,2614,2579,2627,2716,2672,2671,2662,2646,2579,2535,2539,2473,2454,2453,2438,2472,2443,2439,2463,2507,2500,2540,2576,2604,2608,2662,2633,2622,2635,2649,2643,2631,2663,2589,2574,2566,2552,2517,2436,2336,2352,2287,2217,2242,2257,2280,2320,2282,2256,2247,2246,2241,2250,2274,2294,2279,2363,2335,2337,2353,2352,2353,2361,2379,2418,2367,2346,2392,2332,2331,2324,2297,2275,2308,2300,2411,2547,2631,2672,2669,2665,2647,2594,2555,2581,2586,2537,2532,2531,2548,2577,2575,2583,2603,2636,2656,2680,2675,2690,2699,2748,2706,2707,2743,2710,2739,2707,2706,2687,2741,2669,2647,2637,2635,2568,2484,2398,2401,2320,2269,2275,2272,2284,2338,2396,2372,2400,2390,2384,2401,2439,2440,2446,2453,2449,2474,2470,2445,2441,2437,2422,2400,2394,2347,2341,2276,2273,2303,2259,2281,2302,2298,2324,2475,2463,2615
Rubiks,2704,2704,2701,2664,2677,2635,2557,2494,2465,2468,2472,2489,2485,2553,2545,2621,2580,2602,2609,2640,2672,2685,2684,2724,2694,2734,2687,2679,2675,2669,2686,2638,2631,2610,2593,2559,2499,2454,2364,2281,2260,2278,2359,2358,2348,2338,2347,2318,2330,2337,2317,2350,2350,2360,2356,2364,2361,2393,2350,2344,2335,2334,2335,2322,2320,2318,2296,2303,2318,2323,2303,2287,2281,2367,2471,2575,2643,2674,2673,2658,2633,2605,2526,2475,2483,2454,2424,2426,2423,2432,2456,2448,2453,2546,2530,2552,2586,2593,2651,2609,2619,2626,2619,2600,2607,2591,2570,2556,2579,2533,2515,2424,2347,2281,2234,2263,2309,2303,2302,2325,2293,2279,2298,2298,2313,2322,2346,2359,2367,2363,2406,2355,2370,2369,2365,2362,2328,2377,2318,2302,2332,2264,2279,2276,2273,2269,2294,2367,2479,2474,2579,2658,2662,2661,2670,2701,2621,2623,2559,2533,2490,2456,2452,2432,2432,2444,2440,2454,2450,2496,2545,2609,2609,2604,2610,2634,2646,2638,2650,2627,2618,2646,2592,2569,2568,2547,2480,2459,2320,2256,2222,2224,2233,2261,2293,2285,2303,2272,2286,2233,2245,2287,2274,2328,2296,2296,2338,2335,2333,2342,2370,2358,2374,2380,2407,2340,2349,2338,2335,2334,2314,2293,2293,2290,2332,2486,2582,2658,2685,2683,2670,2630,2576,2546,2523,2531,2547,2530,2531,2558,2589,2621,2613,2670,2660,2670,2693,2692,2695,2704,2700,2710,2701,2706,2708,2708,2707,2700,2700,2679,2650,2623,2601,2582,2537,2534,2432,2337,2278,2296,2271,2323,2314,2402,2432,2398,2392,2386,2410,2458,2432,2458,2446,2443,2462,2456,2456,2504,2439,2421,2401,2372,2318,2279,2274,2251,2260,2272,2302,2303,2339,2432,2412,2524,2667,2680,2675,2690,2740,2687,2693,2651,2632,2517,2483,2462,2470,2471,2484,2544
Rubiks,2594,2619,2634,2623,2650,2661,2682,2719,2685,2692,2691,2682,2669,2713,2663,2659,2651,2633,2601,2625,2534,2458,2446,2348,2317,2278,2245,2296,2369,2350,2334,2348,2340,2334,2320,2324,2350,2342,2408,2364,2356,2356,2348,2354,2329,2335,2326,2309,2310,2320,2349,2362,2303,2300,2319,2293,2283,2280,2292,2366,2515,2574,2642,2670,2673,2668,2636,2598,2532,2468,2445,2444,2442,2426,2425,2428,2490,2460,2460,2473,2517,2559,2581,2592,2642,2620,2631,2625,2623,2633,2616,2590,2589,2553,2551,2541,2504,2440,2348,2300,2303,2234,2232,2289,2300,2309,2303,2288,2272,2296,2303,2295,2326,2341,2381,2364,2358,2360,2362,2355,2357,2364,2340,2320,2347,2303,2280,2267,2265,2270,2265,2270,2315,2362,2424,2541,2541,2623,2663,2683,2678,2654,2648,2601,2559,2559,2521,2474,2470,2489,2451,2427,2437,2484,2442,2459,2549,2505,2549,2612,2590,2618,2629,2634,2647,2638,2626,2630,2621,2590,2572,2545,2559,2495,2415,2332,2261,2216,2226,2258,2290,2283,2310,2273,2252,2223,2229,2260,2310,2288,2291,2312,2335,2325,2341,2353,2341,2410,2380,2361,2364,2352,2352,2370,2335,2322,2340,2276,2303,2296,2410,2559,2617,2661,2672,2674,2656,2595,2559,2584,2552,2536,2526,2520,2544,2567,2565,2607,2623,2646,2668,2675,2685,2693,2739,2697,2710,2703,2711,2700,2749,2707,2706,2696,2691,2675,2672,2684,2627,2605,2559,2507,2383,2381,2310,2273,2270,2281,2348,2414,2374,2382,2394,2428,2411,2429,2427,2490,2453,2499,2487,2453,2444,2444,2437,2413,2397,2364,2359,2365,2272,2255,2262,2274,2269,2293,2360,2404,2440,2550,2585,2633,2679,2739,2700,2698,2682,2681,2567,2576,2506,2480,2515,2471,2473,2474,2506,2540,2578,2585,2616,2620,2636,2715,2682,2689,2693,2691,2687,2678
Rubiks,2651,2696,2659,2640,2647,2633,2571,2537,2474,2460,2399,2284,2245,2278,2364,2358,2365,2348,2389,2330,2326,2317,2324,2351,2332,2365,2370,2356,2363,2362,2341,2339,2332,2330,2335,2321,2315,2322,2320,2303,2310,2313,2300,2301,2289,2303,2372,2487,2481,2579,2648,2671,2672,2674,2634,2566,2515,2465,2429,2423,2442,2416,2409,2429,2456,2470,2492,2502,2530,2552,2580,2584,2609,2613,2623,2636,2627,2609,2605,2592,2580,2613,2551,2537,2476,2425,2367,2294,2288,2238,2225,2309,2288,2301,2282,2288,2296,2299,2321,2322,2348,2365,2367,2364,2356,2361,2365,2361,2408,2365,2332,2324,2308,2302,2287,2318,2269,2267,2265,2274,2286,2357,2363,2464,2592,2658,2674,2716,2671,2672,2623,2620,2572,2576,2503,2465,2473,2444,2436,2434,2439,2459,2474,2453,2494,2534,2559,2568,2593,2614,2677,2634,2651,2650,2647,2626,2608,2608,2603,2581,2576,2538,2468,2394,2314,2313,2260,2223,2238,2267,2295,2340,2296,2274,2235,2246,2237,2225,2274,2288,2297,2320,2323,2374,2335,2347,2356,2424,2376,2380,2366,2363,2341,2333,2327,2365,2322,2332,2290,2335,2483,2610,2604,2653,2683,2659,2650,2559,2541,2537,2533,2530,2520,2548,2544,2571,2633,2616,2625,2663,2657,2672,2681,2741,2708,2708,2712,2712,2709,2706,2708,2699,2690,2696,2679,2639,2636,2619,2663,2621,2507,2499,2402,2325,2288,2268,2309,2303,2303,2397,2370,2434,2386,2406,2413,2439,2449,2455,2463,2513,2456,2458,2448,2440,2432,2401,2381,2382,2335,2288,2259,2261,2270,2293,2281,2319,2340,2411,2501,2652,2656,2702,2695,2701,2693,2662,2654,2592,2559,2528,2468,2474,2450,2494,2579,2566,2600,2580,2619,2616,2654,2653,2671,2679,2678,2674,2731,2693,2681,2682,2659,2692,2640,2645,2623,2590,2552,2486,2381,2382
Rubiks,2285,2300,2361,2357,2349,2354,2325,2330,2326,2334,2340,2340,2365,2367,2360,2366,2349,2344,2353,2329,2325,2335,2311,2319,2303,2303,2324,2320,2316,2298,2289,2334,2421,2412,2526,2605,2657,2673,2660,2696,2674,2580,2578,2505,2438,2432,2438,2422,2444,2439,2452,2466,2485,2504,2545,2546,2573,2599,2606,2609,2627,2633,2632,2620,2605,2584,2612,2555,2506,2462,2387,2337,2325,2302,2241,2316,2294,2295,2291,2291,2309,2297,2350,2364,2332,2347,2364,2352,2366,2367,2363,2362,2366,2354,2315,2303,2296,2280,2274,2264,2279,2313,2274,2281,2337,2441,2568,2568,2638,2663,2682,2671,2628,2570,2573,2571,2503,2464,2440,2454,2470,2484,2435,2446,2455,2508,2504,2523,2602,2603,2657,2627,2632,2645,2646,2645,2643,2633,2600,2598,2576,2566,2537,2472,2390,2315,2319,2257,2221,2238,2263,2295,2303,2316,2303,2242,2232,2240,2268,2276,2289,2295,2320,2332,2326,2354,2340,2366,2361,2380,2364,2360,2352,2350,2332,2325,2348,2280,2284,2338,2337,2454,2572,2660,2672,2654,2672,2633,2559,2547,2537,2522,2521,2550,2567,2553,2589,2611,2621,2635,2651,2672,2687,2694,2707,2698,2753,2712,2711,2697,2707,2702,2707,2700,2701,2672,2637,2622,2600,2571,2566,2516,2463,2338,2293,2291,2259,2278,2313,2442,2420,2385,2392,2415,2410,2421,2476,2441,2458,2447,2445,2448,2443,2436,2480,2424,2402,2395,2338,2309,2278,2256,2249,2275,2280,2303,2329,2418,2469,2572,2653,2659,2687,2749,2700,2701,2675,2619,2544,2505,2470,2463,2511,2468,2501,2527,2530,2552,2555,2598,2627,2636,2644,2662,2672,2694,2693,2691,2722,2687,2671,2666,2662,2648,2658,2687,2621,2613,2577,2506,2432,2377,2278,2270,2275,2318,2377,2392,2338,2353,2352,2322,2370,2340,2342,2356,2367,2350,2405,2364
Rubiks,2373,2334,2335,2320,2359,2312,2309,2323,2303,2353,2322,2291,2285,2296,2385,2497,2546,2604,2651,2655,2656,2650,2648,2580,2517,2512,2469,2450,2440,2455,2432,2428,2453,2457,2459,2503,2524,2559,2559,2588,2608,2601,2674,2635,2619,2652,2594,2570,2577,2559,2531,2488,2487,2413,2383,2288,2237,2248,2302,2291,2289,2293,2291,2303,2289,2357,2323,2341,2357,2410,2366,2366,2367,2362,2401,2336,2377,2325,2301,2290,2287,2315,2276,2272,2319,2257,2359,2402,2504,2616,2619,2670,2672,2671,2683,2610,2540,2543,2498,2477,2456,2436,2432,2439,2452,2450,2462,2482,2559,2508,2559,2583,2620,2662,2622,2622,2646,2650,2648,2645,2632,2648,2590,2591,2559,2544,2504,2414,2337,2375,2273,2224,2246,2244,2257,2285,2303,2291,2283,2260,2241,2237,2244,2233,2273,2290,2311,2320,2331,2325,2341,2339,2367,2366,2376,2418,2369,2367,2353,2323,2334,2315,2309,2296,2280,2342,2401,2578,2628,2715,2674,2705,2645,2584,2552,2548,2548,2537,2523,2520,2556,2567,2606,2631,2623,2647,2704,2675,2740,2706,2701,2706,2710,2709,2711,2706,2748,2696,2700,2686,2641,2672,2633,2585,2582,2533,2453,2363,2367,2289,2296,2270,2296,2388,2397,2400,2398,2393,2383,2400,2432,2450,2446,2444,2456,2445,2451,2439,2435,2424,2410,2385,2350,2343,2303,2270,2254,2311,2294,2280,2303,2318,2417,2455,2445,2609,2647,2692,2699,2700,2699,2675,2644,2581,2523,2547,2502,2459,2461,2467,2519,2542,2576,2599,2604,2618,2673,2670,2684,2683,2676,2733,2676,2691,2675,2664,2664,2660,2659,2638,2678,2582,2536,2533,2456,2349,2280,2269,2299,2298,2370,2349,2343,2344,2330,2326,2334,2347,2388,2369,2365,2365,2361,2362,2344,2348,2346,2380,2329,2315,2314,2320,2318,2299,2313,2323,2322,2303,2285,2303
Rubiks,2613,2640,2660,2666,2661,2614,2616,2551,2499,2469,2435,2480,2429,2422,2473,2441,2471,2503,2551,2534,2530,2552,2595,2595,2661,2605,2634,2669,2613,2618,2602,2636,2570,2559,2537,2489,2404,2336,2370,2275,2233,2259,2303,2309,2339,2289,2278,2303,2295,2303,2303,2334,2346,2350,2364,2364,2357,2363,2355,2364,2348,2337,2328,2302,2333,2258,2265,2265,2266,2268,2267,2301,2323,2415,2546,2632,2666,2670,2673,2672,2621,2580,2548,2543,2497,2513,2443,2432,2441,2443,2434,2455,2471,2501,2544,2547,2574,2596,2614,2637,2614,2629,2641,2645,2643,2661,2619,2585,2579,2576,2528,2522,2456,2363,2298,2245,2240,2218,2230,2273,2337,2294,2287,2293,2242,2238,2243,2270,2268,2282,2297,2332,2333,2335,2373,2351,2363,2356,2365,2377,2356,2363,2345,2330,2337,2337,2315,2288,2281,2346,2509,2596,2589,2641,2715,2671,2625,2595,2588,2580,2520,2544,2516,2596,2548,2567,2581,2611,2668,2653,2659,2664,2680,2739,2707,2699,2706,2711,2711,2697,2696,2702,2701,2700,2672,2637,2629,2615,2599,2551,2460,2372,2289,2303,2321,2308,2297,2364,2388,2380,2384,2371,2410,2422,2415,2428,2468,2427,2456,2468,2448,2444,2429,2417,2406,2381,2345,2284,2292,2267,2252,2249,2268,2263,2300,2321,2348,2425,2532,2637,2636,2672,2699,2699,2677,2657,2647,2595,2531,2476,2453,2452,2464,2462,2504,2543,2552,2590,2579,2608,2647,2645,2662,2670,2676,2692,2680,2691,2686,2682,2675,2716,2687,2636,2622,2640,2540,2534,2459,2381,2294,2254,2291,2347,2350,2365,2337,2325,2330,2327,2331,2327,2340,2350,2355,2366,2400,2354,2349,2340,2335,2331,2333,2326,2312,2311,2313,2345,2321,2321,2298,2301,2281,2350,2450,2449,2559,2627,2698,2672,2657,2692,2609,2545,2477,2449,2443,2441,2417,2423
Rubiks,2463,2476,2503,2528,2567,2559,2591,2644,2612,2633,2625,2618,2609,2600,2591,2574,2567,2537,2486,2432,2351,2293,2284,2234,2255,2349,2292,2302,2280,2289,2300,2350,2315,2331,2353,2339,2356,2365,2359,2365,2355,2355,2366,2349,2341,2335,2318,2289,2271,2274,2273,2266,2275,2268,2366,2317,2422,2549,2632,2660,2675,2673,2664,2646,2576,2542,2536,2516,2466,2445,2481,2440,2438,2448,2473,2469,2499,2539,2621,2646,2623,2611,2623,2666,2689,2642,2629,2666,2592,2578,2559,2559,2525,2442,2356,2281,2246,2233,2227,2259,2282,2321,2323,2280,2259,2228,2247,2242,2231,2267,2291,2300,2303,2326,2335,2373,2331,2371,2409,2380,2378,2350,2341,2341,2338,2326,2334,2314,2278,2281,2404,2356,2483,2595,2650,2664,2659,2659,2633,2620,2548,2528,2550,2559,2530,2593,2568,2587,2622,2610,2635,2646,2670,2679,2700,2707,2711,2754,2711,2707,2704,2694,2690,2701,2687,2661,2641,2646,2673,2606,2538,2551,2358,2367,2300,2272,2265,2289,2369,2355,2394,2395,2384,2390,2402,2438,2460,2457,2453,2467,2496,2456,2429,2420,2429,2415,2387,2350,2282,2266,2272,2250,2275,2289,2301,2329,2387,2490,2487,2630,2700,2693,2698,2701,2694,2671,2623,2556,2502,2474,2474,2463,2459,2484,2509,2567,2571,2571,2605,2608,2693,2647,2656,2676,2692,2692,2687,2692,2686,2673,2672,2664,2647,2659,2643,2620,2593,2527,2444,2432,2325,2262,2263,2303,2303,2360,2357,2366,2333,2338,2327,2327,2338,2366,2337,2365,2356,2367,2363,2365,2386,2344,2327,2335,2334,2316,2357,2315,2322,2303,2314,2310,2295,2289,2302,2428,2549,2539,2621,2656,2662,2648,2625,2600,2553,2499,2494,2440,2429,2413,2412,2418,2442,2467,2484,2473,2519,2546,2567,2591,2620,2623,2637,2623,2623,2613,2595,2595,2579,2619
Rubiks,2459,2446,2376,2360,2299,2244,2273,2275,2303,2303,2284,2292,2288,2301,2312,2319,2341,2351,2369,2370,2370,2365,2361,2356,2356,2349,2349,2303,2297,2280,2314,2279,2273,2274,2264,2283,2283,2340,2469,2581,2663,2672,2662,2672,2661,2644,2551,2531,2489,2472,2472,2434,2432,2436,2449,2461,2488,2483,2508,2547,2589,2653,2620,2630,2623,2648,2637,2649,2646,2616,2642,2592,2581,2546,2480,2414,2325,2362,2276,2217,2237,2263,2251,2303,2320,2262,2254,2236,2238,2233,2255,2285,2294,2340,2322,2350,2349,2341,2360,2366,2381,2384,2372,2366,2345,2328,2313,2311,2303,2261,2280,2282,2391,2506,2606,2659,2701,2663,2657,2614,2559,2535,2550,2537,2529,2578,2540,2622,2591,2623,2623,2621,2659,2674,2694,2679,2696,2706,2708,2711,2707,2702,2708,2706,2689,2701,2691,2662,2647,2632,2599,2544,2545,2445,2366,2299,2303,2274,2272,2279,2365,2390,2438,2369,2372,2429,2416,2440,2444,2454,2475,2505,2439,2444,2473,2427,2424,2408,2380,2329,2326,2275,2259,2279,2275,2276,2290,2340,2380,2471,2570,2574,2647,2692,2690,2689,2680,2639,2559,2522,2522,2462,2471,2471,2485,2515,2548,2611,2574,2592,2604,2636,2702,2664,2680,2685,2692,2681,2733,2692,2682,2673,2658,2666,2647,2681,2635,2604,2566,2559,2472,2384,2303,2241,2322,2276,2335,2370,2354,2343,2388,2335,2378,2324,2353,2350,2395,2365,2350,2355,2351,2348,2325,2329,2324,2313,2321,2303,2311,2303,2340,2310,2303,2342,2289,2349,2465,2514,2569,2691,2672,2661,2638,2679,2596,2547,2483,2449,2445,2439,2418,2425,2428,2458,2444,2463,2480,2513,2552,2566,2577,2606,2618,2668,2635,2631,2609,2585,2587,2620,2559,2536,2509,2503,2454,2360,2303,2263,2303,2242,2275,2292,2303,2303,2320,2282,2303,2309,2315,2311
Rubiks,2367,2360,2357,2365,2364,2369,2365,2364,2343,2334,2330,2303,2289,2256,2265,2271,2314,2280,2275,2315,2441,2559,2554,2675,2657,2670,2674,2651,2617,2567,2524,2503,2474,2460,2450,2483,2426,2440,2456,2480,2486,2519,2559,2586,2652,2627,2623,2622,2646,2647,2648,2638,2601,2581,2581,2571,2517,2471,2378,2294,2246,2235,2218,2242,2311,2297,2296,2250,2242,2224,2233,2244,2310,2332,2297,2328,2380,2324,2349,2384,2366,2380,2364,2383,2361,2343,2337,2337,2325,2317,2289,2281,2295,2283,2355,2475,2604,2660,2675,2671,2663,2634,2572,2544,2534,2533,2523,2534,2533,2551,2593,2591,2618,2634,2651,2649,2662,2691,2697,2708,2697,2697,2700,2712,2710,2712,2707,2698,2730,2687,2648,2648,2608,2580,2533,2434,2442,2348,2282,2303,2277,2265,2317,2411,2419,2441,2387,2411,2411,2426,2435,2447,2452,2508,2473,2444,2449,2429,2406,2412,2365,2323,2310,2281,2250,2260,2272,2345,2303,2309,2347,2480,2531,2637,2636,2711,2698,2750,2684,2691,2650,2592,2529,2487,2503,2467,2471,2473,2496,2549,2559,2595,2594,2610,2642,2660,2672,2682,2687,2694,2689,2686,2693,2684,2685,2650,2650,2660,2647,2621,2585,2577,2534,2452,2381,2351,2278,2298,2289,2364,2359,2347,2354,2348,2372,2362,2323,2350,2348,2362,2367,2358,2359,2350,2349,2373,2325,2379,2319,2318,2311,2349,2314,2357,2312,2319,2349,2292,2293,2366,2470,2581,2692,2663,2662,2712,2647,2601,2537,2533,2467,2444,2432,2422,2432,2441,2444,2448,2486,2490,2529,2536,2584,2609,2611,2610,2623,2635,2637,2660,2606,2589,2585,2559,2539,2523,2519,2450,2425,2303,2256,2253,2240,2274,2290,2303,2284,2283,2309,2303,2303,2334,2348,2349,2363,2361,2360,2361,2356,2357,2370,2361,2340,2320,2313,2283,2279,2265,2259,2320
Rubiks,2302,2335,2404,2410,2533,2618,2709,2685,2672,2667,2640,2602,2552,2519,2509,2475,2434,2437,2432,2441,2445,2464,2513,2476,2525,2578,2604,2613,2620,2625,2622,2645,2637,2633,2617,2609,2635,2625,2577,2524,2536,2462,2370,2303,2238,2242,2218,2241,2258,2355,2289,2256,2234,2246,2230,2288,2276,2269,2281,2303,2331,2330,2355,2353,2351,2360,2376,2381,2367,2342,2345,2341,2325,2318,2302,2279,2286,2283,2366,2535,2599,2660,2660,2668,2668,2614,2631,2576,2536,2552,2537,2559,2578,2552,2580,2574,2586,2633,2645,2660,2662,2682,2687,2747,2708,2710,2753,2712,2707,2708,2707,2695,2693,2674,2673,2686,2633,2590,2600,2488,2481,2373,2303,2263,2255,2289,2345,2350,2386,2362,2432,2415,2404,2394,2401,2412,2439,2513,2465,2450,2429,2420,2411,2411,2386,2369,2303,2278,2274,2257,2261,2289,2296,2339,2335,2346,2492,2547,2648,2680,2690,2701,2690,2682,2630,2577,2517,2479,2511,2475,2468,2477,2513,2542,2556,2554,2581,2608,2632,2653,2647,2659,2691,2681,2687,2692,2679,2684,2671,2684,2663,2659,2645,2684,2606,2580,2618,2492,2423,2325,2278,2278,2261,2303,2376,2367,2385,2387,2339,2336,2334,2335,2331,2354,2361,2361,2355,2365,2380,2350,2334,2331,2315,2324,2302,2309,2309,2342,2320,2310,2303,2294,2345,2343,2452,2649,2650,2666,2716,2646,2601,2605,2542,2522,2436,2445,2420,2461,2436,2429,2454,2462,2487,2518,2542,2549,2570,2604,2608,2628,2636,2623,2623,2605,2591,2588,2568,2541,2513,2459,2379,2425,2303,2240,2235,2294,2281,2296,2303,2285,2334,2286,2299,2294,2330,2342,2348,2367,2350,2356,2404,2361,2365,2366,2354,2378,2325,2290,2292,2280,2275,2275,2275,2274,2272,2309,2301,2397,2511,2615,2663,2658,2665,2673,2650,2594,2559,2523,2520,2484
Rubiks,2427,2439,2444,2429,2455,2461,2478,2538,2566,2555,2595,2604,2633,2631,2642,2650,2643,2670,2617,2584,2592,2590,2574,2523,2462,2385,2384,2303,2279,2227,2236,2279,2261,2365,2284,2252,2242,2244,2233,2241,2269,2277,2365,2322,2329,2334,2341,2341,2362,2360,2370,2380,2364,2343,2350,2350,2332,2324,2317,2281,2293,2369,2360,2473,2605,2699,2716,2673,2657,2625,2578,2534,2523,2523,2538,2533,2546,2554,2593,2591,2615,2621,2628,2672,2677,2672,2695,2708,2736,2705,2700,2701,2711,2750,2694,2705,2701,2690,2674,2664,2647,2620,2590,2566,2559,2461,2417,2296,2267,2279,2277,2285,2350,2406,2425,2434,2392,2426,2427,2499,2455,2441,2448,2472,2446,2432,2442,2456,2398,2387,2354,2352,2283,2254,2262,2266,2275,2303,2324,2312,2364,2452,2555,2552,2648,2691,2691,2690,2697,2684,2647,2567,2523,2559,2522,2461,2463,2476,2518,2515,2533,2621,2585,2604,2651,2646,2696,2723,2683,2689,2693,2692,2680,2693,2681,2661,2674,2659,2643,2633,2618,2556,2496,2405,2298,2278,2272,2265,2322,2372,2349,2387,2344,2339,2328,2327,2350,2339,2404,2369,2365,2360,2367,2352,2348,2392,2316,2334,2303,2365,2317,2322,2303,2318,2300,2320,2302,2303,2280,2361,2530,2595,2581,2628,2672,2671,2637,2600,2608,2532,2470,2451,2433,2432,2422,2425,2437,2448,2470,2482,2509,2559,2582,2590,2604,2615,2633,2624,2659,2606,2606,2572,2584,2577,2548,2491,2435,2439,2396,2283,2240,2289,2293,2288,2294,2303,2293,2286,2303,2291,2359,2335,2351,2353,2339,2356,2357,2369,2364,2360,2405,2363,2341,2386,2319,2335,2281,2275,2270,2261,2258,2272,2262,2334,2335,2432,2552,2548,2631,2661,2675,2670,2659,2629,2604,2573,2522,2487,2478,2455,2429,2429,2432,2436,2454,2484,2475,2516,2553,2637
Rubiks,2626,2632,2632,2638,2644,2615,2622,2619,2588,2566,2545,2496,2506,2439,2335,2313,2224,2280,2254,2256,2303,2320,2272,2257,2260,2234,2233,2260,2281,2298,2310,2327,2334,2355,2350,2354,2360,2385,2374,2355,2366,2348,2324,2335,2315,2294,2289,2280,2319,2456,2444,2613,2631,2704,2675,2673,2637,2570,2541,2580,2550,2546,2528,2536,2559,2567,2605,2599,2666,2645,2669,2672,2699,2703,2707,2711,2709,2708,2707,2702,2705,2707,2686,2682,2669,2637,2631,2595,2628,2545,2445,2382,2300,2275,2273,2272,2290,2348,2414,2413,2433,2385,2383,2413,2396,2429,2451,2484,2451,2455,2456,2451,2445,2439,2423,2399,2361,2360,2303,2303,2259,2258,2263,2319,2302,2303,2352,2441,2429,2539,2631,2673,2683,2699,2690,2692,2656,2645,2537,2525,2485,2469,2466,2468,2480,2507,2592,2559,2582,2593,2619,2628,2652,2672,2724,2733,2680,2691,2690,2692,2692,2678,2672,2660,2647,2650,2647,2620,2574,2505,2424,2312,2269,2275,2266,2364,2377,2371,2364,2340,2333,2339,2333,2379,2342,2352,2346,2386,2365,2367,2353,2355,2348,2351,2333,2320,2332,2363,2323,2310,2312,2318,2303,2324,2313,2301,2283,2303,2393,2536,2623,2602,2660,2670,2710,2671,2633,2575,2493,2459,2453,2432,2439,2414,2444,2441,2445,2469,2482,2533,2537,2532,2549,2574,2620,2601,2622,2637,2622,2609,2604,2580,2576,2566,2552,2545,2496,2429,2369,2358,2280,2241,2257,2309,2303,2300,2289,2272,2346,2290,2303,2320,2334,2348,2367,2363,2359,2366,2365,2356,2366,2367,2351,2342,2362,2303,2292,2281,2273,2310,2303,2278,2277,2280,2333,2481,2566,2649,2644,2672,2657,2672,2632,2569,2576,2546,2537,2470,2444,2428,2441,2444,2441,2453,2462,2489,2485,2530,2598,2579,2654,2605,2623,2636,2632,2639,2647,2637,2633,2606
Rubiks,2536,2532,2486,2429,2416,2334,2272,2272,2245,2240,2256,2294,2338,2264,2257,2297,2242,2235,2266,2281,2291,2292,2360,2325,2343,2340,2340,2390,2380,2377,2409,2351,2348,2325,2326,2318,2342,2277,2288,2424,2502,2625,2621,2672,2653,2651,2662,2609,2576,2546,2537,2577,2536,2526,2549,2574,2586,2609,2603,2616,2659,2669,2692,2693,2699,2705,2710,2711,2701,2701,2693,2702,2699,2699,2675,2651,2674,2623,2617,2554,2464,2400,2435,2332,2272,2250,2293,2293,2358,2391,2380,2378,2389,2414,2411,2416,2440,2454,2459,2454,2467,2460,2452,2435,2455,2414,2406,2372,2319,2290,2292,2259,2246,2269,2288,2317,2340,2337,2402,2523,2617,2684,2726,2699,2697,2691,2681,2600,2549,2541,2496,2458,2474,2472,2470,2502,2528,2559,2580,2603,2622,2704,2670,2659,2723,2692,2686,2691,2677,2675,2675,2663,2659,2676,2690,2621,2619,2568,2493,2424,2327,2268,2268,2309,2298,2420,2364,2348,2355,2350,2318,2372,2351,2347,2349,2349,2362,2365,2408,2348,2349,2348,2328,2339,2323,2312,2319,2310,2311,2303,2303,2359,2315,2297,2276,2330,2443,2543,2543,2628,2697,0,2659,2659,0,2659,2580,2578,2494,2462,2433,2440,2408,2432,2460,2490,2461,2482,2498,2536,2571,2594,2587,2662,2620,2634,2620,2666,2644,2606,2597,2587,2567,2559,2524,2489,2483,2402,2323,2260,2245,2235,2259,2303,2301,2281,2294,2279,2298,2303,2317,2315,2335,2345,2355,2345,2347,2367,2366,2348,2356,2352,2331,2325,2308,2285,2254,2271,2268,2263,2272,2324,2316,2405,2516,2608,2715,2658,2674,2672,2636,2581,2553,2539,2510,2468,2446,2433,2432,2481,2456,2454,2487,2512,2512,2553,2612,2619,2627,2635,2646,2646,2649,2648,2630,2593,2585,2573,2566,2553,2503,2421,2354,2340,2312,2219,2279,2295,2290,2286
Rubiks,2230,2243,2239,2245,2242,2274,2280,2303,2325,2325,2354,2349,2366,2378,2422,2362,2348,2332,2333,2337,2334,2331,2334,2289,2303,2416,2543,2636,2623,2673,2665,2630,2591,2544,2533,2546,2537,2536,2544,2541,2591,2620,2623,2651,2659,2713,2692,2699,2748,2707,2697,2756,2699,2695,2739,2696,2698,2744,2701,2682,2636,2633,2610,2607,2548,2469,2371,2303,2269,2266,2273,2331,2349,2404,2385,2398,2390,2386,2407,2481,2440,2450,2460,2445,2466,2443,2452,2436,2426,2411,2412,2354,2316,2286,2249,2256,2320,2285,2279,2321,2348,2419,2421,2581,2621,2671,2687,2742,2700,2690,2692,2591,2544,2486,2478,2467,2458,2472,2509,2533,2533,2572,2587,0,2620,2683,0,2662,2675,2680,2686,2676,2685,2674,2667,2661,2658,2698,2640,2640,2631,2581,2523,2519,2439,2331,2276,2279,2268,2297,2367,2353,2341,2350,2340,2339,2326,2346,2339,2365,2355,2362,2360,2359,2351,2340,2331,2326,2321,2314,2358,2303,2300,2312,2313,2300,2302,2287,2297,2382,2498,2494,2596,2690,2672,2666,2692,2606,2519,2490,2484,2483,2427,2428,2416,2416,2441,2454,2460,2504,2538,2556,2551,2590,2598,2596,2616,2614,2623,2620,2588,2583,2566,2582,2576,2581,2506,2439,2367,2366,2289,2236,2261,2296,2303,2293,2288,2289,2303,2296,2348,2331,2345,2360,2369,2355,2348,2357,2366,2367,2353,2348,2369,2319,2295,2269,2265,2274,2272,2269,2272,2345,2398,2394,2507,2657,2672,2673,2673,2672,2647,2596,2592,2536,2507,2469,2459,2477,2440,2440,2449,2468,2494,2503,2532,2570,2580,2664,2621,2636,2635,2648,2642,2647,2603,2611,2597,2592,2577,2544,2549,2419,2466,2332,2273,2218,2232,2224,2247,2291,2315,2320,2257,2242,2233,2231,2259,2261,2289,2315,2321,2337,2348,2337,2354,2401,2403,2380,2380,2360
Rubiks,2329,2379,2324,2303,2346,2309,2280,2328,2447,2575,2641,2660,2661,2647,2593,2594,2546,2529,2551,2523,2541,2580,2568,2581,2618,2630,2635,2695,2669,2681,2697,2704,2700,2701,2752,2708,2706,2697,2699,2687,2664,2668,2636,2619,2582,2553,2541,2481,2356,2303,2275,2279,2274,2284,2366,2411,2388,2386,2381,2394,2446,2440,2492,2455,2446,2459,2454,2454,2454,2471,2397,2384,2381,2318,2289,2265,2242,2303,2279,2274,2332,2325,2371,2449,2444,2559,2641,2687,2696,2708,2741,2671,2639,2580,2576,2557,2466,2459,2515,2484,2525,2551,2543,2608,2579,2637,2650,2665,2672,2670,2685,2691,2694,2692,2693,2671,2660,2642,2684,2637,2647,2633,2588,2537,2533,2434,2335,2273,2251,2297,2303,2366,2366,2349,2352,2340,2331,2335,2350,2348,2387,2370,2402,2371,2360,2395,2339,2339,2333,2315,2316,2365,2310,2302,2325,2320,2314,2296,2281,2303,2363,2491,2599,2596,2658,2671,2672,2677,2579,2583,2529,2475,2445,2444,2441,2425,2412,2477,2439,2447,2469,2467,2518,2534,2557,2598,2612,2612,2659,2624,2623,2621,2604,2586,2582,2574,2552,2524,2470,2461,2384,2376,2302,2243,2259,2264,2303,2295,2281,2295,2280,2345,2294,2310,2376,2352,2363,2360,2369,2369,2365,2364,2356,2337,2350,2313,2294,2276,2271,2275,2257,2267,2291,2288,2332,2469,2555,2639,2665,2668,2664,2662,2622,2559,2525,2505,2465,2473,2455,2476,2432,2432,2450,2456,2468,2506,2538,2577,2574,2606,2612,2616,2616,2641,2640,2638,2629,2611,2571,2618,2559,2515,2443,2356,2285,2243,2243,2264,2261,2274,2312,2284,2280,2252,2230,2242,2290,2241,2267,2284,2302,2297,2323,2336,2337,2346,2354,2381,2374,2359,2345,2340,2341,2331,2338,2314,2314,2291,2285,2405,2367,2456,2620,2649,2672,2657,2637,2619,2617,2586
Rubiks,2523,2524,2551,2537,2613,2606,2612,2608,2623,2649,2683,2701,2697,2708,2709,2749,2707,2712,2708,2708,2707,2733,2694,2729,2672,2680,2667,2600,2530,2476,2350,2324,2261,2263,2266,2303,2414,2400,2382,2369,2386,2397,2414,2426,2444,2432,2437,2471,2469,2484,2427,2459,2416,2448,2384,2339,2375,2280,2272,2259,2290,2282,2296,2317,2345,2448,2581,2577,2649,2686,2700,2690,2681,2685,2632,2580,2517,2474,2517,2461,2478,2478,2499,2538,0,2616,2641,0,2614,2634,0,2653,2699,2676,0,2686,2687,0,2693,2693,0,2690,2736,0,2658,2650,0,2657,2648,0,2619,2591,2535,2534,2486,2363,2281,2261,2261,2263,2341,2366,2384,2354,2338,2371,2358,2325,2355,2391,2338,2362,2404,2358,2355,2339,2339,2334,2334,2365,2335,2319,2347,2309,2340,2303,2310,2310,2300,2294,2290,2312,2433,2559,2559,2611,2669,2660,2649,2623,2622,2551,2496,2454,2433,2418,2414,2435,2459,2454,2468,2476,2523,2522,2579,2576,2604,2623,2623,2615,2623,2630,2609,2609,2596,2593,2567,2542,2580,2504,2445,2429,2356,2289,2235,2251,2283,2310,2291,2284,2325,2293,2303,2296,2316,2339,2326,2348,2357,2367,2364,2354,2354,2363,2402,2357,2340,2323,2320,2296,2285,2291,2273,2272,2267,2265,2328,2373,2482,2596,2591,2658,2716,2701,2660,2610,2606,2553,2556,2467,2494,2445,2434,2484,2445,2451,2480,2478,2518,2559,2586,2606,2618,2619,2625,2648,2642,2687,2614,2608,2595,2590,2566,2559,2503,2422,2341,2274,2267,2219,2225,2256,2284,2324,2278,2265,2254,2285,2236,2242,2254,2267,2290,2303,2376,2325,2325,2350,2335,2356,2384,2381,2377,2362,2352,2341,2342,2322,2330,2308,2281,2285,2347,2489,2475,2594,2659,2680,2673,2653,2632,2591,2552,2545,2522,2536,2523,2548,2559,2587
Rubiks,2650,2654,2657,2662,2722,2699,2707,2749,2711,2706,2701,2707,2749,2701,2699,2697,2713,2638,2630,2600,2597,2584,2444,2374,2348,2279,2276,2274,2281,2405,2358,2393,2381,2388,2398,2386,2417,2426,2447,2449,2456,2500,2448,2441,2432,2432,2470,2398,2391,2350,2302,2314,2261,2250,2274,2292,2310,2321,2348,2432,2549,2656,2691,2700,2699,2699,2685,2648,2605,2536,2483,2483,2464,2468,2467,2497,2528,2531,2554,2575,2636,2619,2644,2662,2682,2681,2687,2691,2676,2676,2680,2667,0,2661,2692,2661,2653,2629,2625,2623,2594,2536,2454,2394,2295,2292,2303,2281,2356,2366,2344,2353,2380,2378,2335,2335,2344,2352,2349,2407,2367,2360,2406,2364,2345,2354,2328,2334,2379,2350,2311,2320,2340,2303,2310,2315,2303,2289,2314,2401,2532,2622,2611,2672,2667,2660,2637,2567,2503,2463,2444,2440,2416,2426,2432,2438,2428,2467,2460,2506,2523,2551,2590,2608,2610,2618,2622,2633,2615,2609,2607,2581,2630,2577,2555,2558,2515,2464,2439,2323,2316,2253,2242,2267,2303,2308,2299,2290,2321,2303,2303,2302,2360,2334,2350,2347,2358,2369,2365,2363,2356,2363,2365,2366,2349,2311,2303,2289,2266,2273,2266,2280,2273,2332,2349,2448,2576,2650,2630,2672,2657,2663,2632,2635,2559,2534,2504,2462,2459,2458,2436,2437,2438,2444,2470,2499,2544,2559,2595,2619,2636,2616,2628,2635,2682,2633,2619,2597,2579,2568,2618,2546,2456,2395,2319,2249,2230,2224,2277,2275,2309,2332,2303,2250,2242,2242,2246,2279,2274,2278,2297,2314,2339,2318,2314,2342,2356,2360,2381,2401,2369,2350,2339,2326,2320,2324,2296,2291,2309,2300,2453,2534,2616,2660,2677,2700,2642,2608,2577,2547,2536,2532,2523,2577,2547,2559,2584,2594,2614,2678,2647,2674,2667,2691,2686,2697,2712,2706,2752,2708
Rubiks,2690,2700,2693,2672,2667,2632,2622,2642,2548,2452,2360,2366,2291,2265,2266,2258,2285,2340,2410,2413,2381,2393,2387,2409,2429,2457,2454,2445,2499,2474,2464,2497,2432,2432,2425,2400,2339,2285,2280,2310,2260,2274,2290,2303,2298,2360,2331,2436,2537,2643,2687,2687,2691,2682,2650,2643,2532,2523,2485,2459,2468,2531,2486,2511,2538,2552,2589,2592,2591,2623,2659,2656,2684,2682,2691,2686,2692,2724,2673,2665,2659,2701,2660,2641,2647,2631,2580,2522,2480,2315,2275,2251,2300,2369,2405,2354,2353,2353,2392,2323,2378,2319,2389,2354,2350,2358,2346,2356,2348,2354,2329,2334,2325,2301,2320,2312,2320,2303,2312,2318,2302,2329,2303,2303,2370,2494,2581,2647,2659,2667,2670,2690,2591,2530,2471,2449,2448,2441,2414,2438,2432,2448,2457,2464,2496,2532,2556,2582,2597,2620,2637,2619,2632,2617,2603,2591,2594,2587,2559,2581,2556,2554,2445,2378,2302,2257,2259,2275,2266,2268,2299,2295,2290,2277,2297,2303,2316,2338,2333,2348,2356,2364,2397,2366,2365,2355,2366,2364,2391,2320,2295,2281,2287,2265,2273,2271,2268,2278,2273,2330,2470,2548,2626,2633,2702,2667,2661,2615,2570,2551,2547,2499,2460,2456,2436,2439,2421,2432,2446,2474,2508,2476,2534,2581,2599,2623,2609,2660,2672,2631,2641,2648,2648,2633,2597,2592,2559,2569,2547,2466,2451,2323,2317,2263,2226,2225,2303,2303,2303,2303,2270,2259,2235,2236,2244,2259,2264,2288,2318,2380,2326,2330,2390,2389,2356,2366,2379,2372,2366,2336,2343,2316,2376,2334,2349,2272,2296,2303,2393,2507,2621,2650,2669,2668,2626,2578,2575,2540,2521,2528,2533,2549,2554,2593,2588,2598,2614,2640,2649,2684,2742,2700,2706,2703,2755,2710,2709,2700,2705,2707,2700,2701,2740,2671,2631,2618,2640,2599,2531,2481
Rubiks,2262,2272,2278,2268,2303,2384,2398,2381,2395,2385,2443,2469,2435,2449,2458,2505,2512,2456,2459,2446,2439,2417,2452,2409,2360,2301,2257,2252,2258,2254,2269,2348,2323,2322,2339,2438,2590,2647,2692,2687,2689,2707,2692,2676,2659,2602,2519,2479,2487,2465,2511,2484,2509,2541,2530,2558,2581,2622,2622,2623,2648,2661,2670,2691,2724,2687,2690,2679,2682,2666,2651,2659,2662,2641,2673,2593,2531,2533,2453,2344,2291,2291,2258,2285,2351,2363,2350,2353,2343,2320,2332,2336,2352,2341,2351,2345,2369,2364,2353,2340,2351,2334,2332,2377,2321,2303,2324,2313,2303,2364,2318,2312,2303,2293,2279,2349,2441,2567,2650,2673,2661,2670,2646,2602,2610,2533,2470,2446,2440,2416,2409,2418,2441,2451,2454,2467,2500,2522,2520,2594,2574,2600,2658,2633,2617,2625,2636,2589,2582,2577,2572,2537,2553,2456,2384,2303,2303,2256,2284,2290,2301,2309,2297,2285,2281,2293,2346,2321,2354,2341,2349,2359,2356,2363,2369,2400,2365,2355,2390,2335,2309,2285,2275,2278,2274,2273,2269,2312,2266,2280,2354,2459,2565,2647,2668,2662,2648,2661,2609,2576,2533,2504,2502,2455,2440,2434,2440,2438,2440,2500,2517,2555,2606,2590,2592,2617,2636,2626,2622,2643,2637,2633,2636,2611,2577,2575,2559,2559,2532,2425,2350,2353,2289,2225,2234,2259,2288,2321,2274,2264,2253,2235,2234,2259,2275,2285,2284,2301,2326,2335,2334,2342,2348,2366,2375,2381,2379,2348,2351,2329,2326,2335,2332,2337,2290,2280,2350,2410,2515,2623,2618,2658,2681,2660,2627,2569,2575,2574,2534,2559,2531,2532,2538,2566,2566,2592,2619,2623,2641,2705,2675,2701,2700,2695,2702,2711,2712,2712,2709,2706,2707,2690,2700,2681,2672,2645,2622,2605,2534,2435,2442,2393,2280,2265,2266,2284,2284,2364,2394,2391
Rubiks,2421,2413,2436,2499,2443,2451,2470,2454,2442,2433,2432,2416,2380,2333,2328,2288,2255,2303,2262,2277,2325,2320,2334,2405,2409,2502,2654,2673,2683,2701,2701,2693,2668,2600,2547,2507,2461,2467,2501,2470,2487,2530,2534,2559,2580,2607,2634,2649,2649,2670,2726,2690,2687,2681,2677,2675,2723,2674,2667,2703,2658,2687,2621,2620,2590,2531,2441,2333,2288,2254,2293,2290,2362,2362,2351,2346,2330,2335,2333,2331,2354,2343,2369,2355,2355,2364,2351,2339,2330,2330,2319,2332,2311,2320,2318,2297,2296,2318,2364,2294,2279,2303,2432,2428,2541,2634,2671,2699,2649,2619,2542,2537,2485,2444,2440,2428,2421,2415,2441,2455,2470,2486,2513,2557,2546,2556,2642,2620,2613,2636,2632,2614,2663,2589,2582,2593,2569,2553,2500,2510,2376,2313,2299,2230,2236,2300,2298,2303,2285,2289,2302,2344,2324,2319,2332,2350,2403,2413,2371,2367,2360,2363,2401,2360,2356,2332,2319,2303,2287,2273,2273,2271,2278,2277,2282,2397,2461,2551,2633,2663,2714,2681,2660,2632,2569,2520,2493,2474,2473,2452,2436,2440,2442,2435,2454,2465,2526,2483,2523,2550,2590,2623,2653,2630,2620,2644,2636,2647,2635,2632,2602,2580,2574,2547,2485,2414,2406,2364,2259,2218,2275,2253,2295,2303,2278,2274,2228,2277,2270,2264,2283,2276,2286,2312,2335,2317,2352,2352,2349,2357,2367,2380,2370,2396,2349,2333,2330,2324,2319,2286,2331,2302,2414,2539,2535,2627,2711,2666,2647,2617,2570,2551,2581,2528,2520,2537,2520,2535,2570,2630,2606,2656,2634,2638,2669,2683,2687,2701,2700,2705,2753,2710,2711,2712,2696,2696,2699,2696,2673,2646,2648,2633,2604,2601,2470,2372,2318,2270,2267,2246,2277,2321,2315,2411,2378,2383,2395,2409,2423,2425,2439,2449,2470,2466,2498,2457,2456,2440,2412,2457
Rubiks,2259,2275,2268,2254,2256,2329,2292,2339,2338,2363,2452,2567,2648,2690,2702,2705,2691,2675,2634,2543,2502,2463,2459,2470,2508,2546,2534,2559,2570,2609,2602,2623,2648,2655,2682,2691,2694,2691,2691,2733,2684,2677,2661,2640,2650,2652,2647,2629,2579,2542,2547,2455,2332,2265,2250,2284,2367,2367,2355,2335,2348,2339,2337,2332,2328,2350,2355,2364,2365,2363,2358,2350,2355,2342,2333,2334,2325,2310,2324,2311,2319,2301,2312,2320,2309,2350,2289,2297,2397,2413,2529,2609,2659,2669,2672,2660,2651,2566,2569,2485,2514,2442,2442,2432,2415,2439,2454,2440,2469,2477,2507,2526,2569,2568,2575,2656,2620,2627,2633,2632,2617,2605,2589,2570,2578,2559,2525,2484,2424,2344,2335,2277,2237,2249,2296,2303,2303,2280,2290,2303,2308,2343,2309,2331,2341,2345,2333,2406,2365,2355,2357,2363,2356,2353,2316,2310,2302,2329,2265,2272,2313,2268,2272,2290,2325,2460,2427,2517,2610,2661,2653,2669,2652,2658,2591,2551,2523,2477,2454,2449,2452,2432,2440,2444,2436,2449,2463,2497,2536,2638,2609,2597,2633,2629,2668,2649,2646,2645,2623,2616,2626,2593,2556,2555,2518,2436,2352,2285,2293,2241,2223,2285,2310,2323,2319,2288,2259,2246,2245,2242,2295,2264,2289,2341,2335,2337,2329,2394,2348,2350,2359,2361,2416,2363,2348,2352,2349,2325,2323,2324,2319,2284,2289,2391,2573,2528,2618,2661,2681,2661,2662,2635,2573,2538,2517,2516,2521,2547,2577,2586,2590,2606,2631,2649,2674,2694,2691,2687,2705,2709,2700,2711,2702,2695,2706,2743,2700,2699,2685,2659,2627,2657,2577,2516,2508,2402,2335,2279,2260,2274,2303,2377,2377,2392,2385,2380,2448,2413,2458,2440,2454,2496,2454,2501,2445,2441,2419,2417,2429,2377,2380,2318,2281,2275,2263,2271,2296,2295,2294,2303
Rubiks,2620,2619,2633,2682,2706,2692,2671,2621,2559,2509,2503,2465,2512,2456,2489,2471,2570,2570,2577,2587,2621,2646,2647,2711,2678,2681,2685,2678,2682,2682,2684,2661,2636,2623,2611,2599,2609,2582,2514,2424,2318,2261,2275,2336,2327,2381,2348,2348,2353,2342,2328,2320,2331,2346,2365,2367,2356,2367,2358,2351,2350,2335,2328,2329,2312,2318,2312,2291,2300,2320,2315,2312,2295,2289,2331,2335,2439,2569,2636,2658,2672,2670,2657,2620,2578,2514,2487,2432,2421,2416,2441,2456,2440,2460,2473,2508,2538,2559,2601,2620,2610,2629,2631,2634,2609,2589,2572,2574,2594,2534,2520,2461,2412,2325,2261,2240,2271,2309,2296,2300,2330,2291,2341,2295,2303,2371,2345,2350,2360,2365,2346,2389,2355,2370,2355,2341,2323,2312,2292,2284,2269,2270,2303,2269,2275,2295,2391,2396,2496,2642,2662,2664,2662,2652,2661,2606,2545,2511,2490,2484,2454,2445,2427,2434,2432,2441,2445,2461,2494,2503,2528,2620,2607,2618,2621,2664,2623,2635,2647,2651,2637,2632,2598,2587,2608,2537,2534,2468,2390,2310,2303,2241,2267,2241,2270,2303,2300,2301,2262,2242,2235,2242,2303,2290,2295,2341,2334,2325,2337,2355,2340,2374,2373,2374,2408,2350,2342,2320,2337,2332,2312,2283,2293,2290,2358,2493,2610,2663,2699,2672,2670,2626,2675,2559,2542,2569,2542,2545,2534,2587,2604,2628,2591,2610,2634,2659,2675,2667,2697,2707,2696,2700,2712,2709,2696,2699,2745,2696,2696,2694,2657,2630,2627,2620,2582,2534,2416,2424,2337,2286,2303,2268,2338,2300,2356,2385,2370,2395,2378,2412,2440,2429,2456,2455,2502,2436,2459,2442,2446,2437,2418,2402,2409,2353,2303,2269,2252,2264,2251,2275,2293,2315,2323,2344,2421,2521,2632,2687,2701,2700,2744,2678,2657,2647,2523,2535,2475,2460,2456,2464
Rubiks,2566,2578,2576,2654,2637,2633,2662,2681,2682,2694,2681,2677,2728,2684,2663,2649,2660,2643,2678,2636,2623,2559,2490,2403,2303,2268,2265,2339,2326,2382,2341,2347,2355,2383,2334,2326,2345,2337,2349,2331,2354,2411,2366,2350,2348,2334,2328,2308,2324,2311,2312,2309,2303,2315,2320,2309,2295,2288,2332,2419,2422,2545,2634,2670,2675,2672,2658,2610,2578,2506,2463,2461,2441,2478,2419,2432,2456,2453,2490,2487,2494,2524,2553,2592,2596,2613,2619,2626,2633,2618,2623,2594,2590,2567,2542,2524,2489,2484,2432,2402,2281,2289,2240,2253,2300,2297,2292,2303,2289,2280,2303,2293,2297,2326,2350,2394,2369,2369,2358,2355,2355,2345,2352,0,2358,2333,0,2311,2309,0,2278,2284,0,2267,2265,0,2270,2294,0,2352,2345,0,2559,2635,0,2635,2660,0,2681,2670,0,2674,2629,0,2580,2520,2490,2505,2513,0,2446,2453,0,2441,2437,0,2433,2455,0,2458,2472,0,2522,2559,0,2581,2605,0,2625,2635,0,2647,2692,0,2647,2617,0,2619,2619,0,2614,2568,0,2491,2438,0,2352,2320,0,2240,2233,0,2218,2303,2254,0,2289,2311,0,2291,2262,0,2245,2243,2243,2317,2291,2299,2300,2320,2364,2343,2350,2359,2356,2381,2379,2355,2354,2351,2347,2329,2332,2324,2313,2279,2273,2367,2504,2601,2660,2672,2665,2660,2618,2566,2535,2532,2525,2534,2567,2548,2581,2585,2573,2614,2679,2640,2667,2679,2691,2696,2697,2707,2710,2700,2712,2702,2694,2731,2702,2690,2715,2656,2628,2620,2576,2567,2498,2403,2335,2264,2265,2260,2271,2303,2390,2396,2384,2386,2379,2408,2414,2411,2425,2499,2472,2468,2498,2456,2454,2432,2440,2424,2403,2357,2318,2269,2273,2251,2260,2264,2275,2303,2342,2350,2416,2515,2663,2682
Rubiks,2689,2678,2712,2638,2596,2595,2516,2478,2472,2475,2459,2482,2569,2549,2578,2584,2621,2652,2628,2652,2674,2674,2693,2681,2694,2692,2682,2672,2687,2637,2639,2639,2635,2643,2540,2456,2384,2380,2272,2252,2294,2293,2342,2365,2337,2351,2340,2330,2340,2344,2353,2349,2361,2395,2367,2354,2350,2388,2352,2338,2379,2332,2313,2312,2322,2321,2303,2319,2316,2312,2294,2289,2288,2364,2496,2577,2645,2662,2673,2651,2689,2585,2544,2524,2456,2443,2433,2428,2440,2450,2463,2460,2476,2520,2522,2619,2592,2604,2587,2616,2629,2672,2618,2606,2592,2618,2576,2556,2535,2485,2415,2388,2295,2244,2243,2256,2300,2303,2294,2329,2309,2297,2295,2301,2378,2339,2355,2344,2357,2366,2366,2394,2366,2404,2353,2385,2321,2322,2295,2280,2274,2265,2271,2260,2294,2290,2353,2470,2590,2638,2657,2673,2662,2644,2610,2559,2513,2519,2488,2461,2457,2432,2442,2485,2426,2498,2470,2517,2559,2559,2586,2650,2620,2627,2625,2622,2644,2676,2631,2628,2621,2589,2573,2552,2513,2458,2493,2381,2303,2254,2221,2226,2227,2243,2296,2300,2292,2256,2234,2242,2247,2237,2274,2283,2296,2303,2332,2335,2329,2347,2353,2370,2370,2376,2410,2396,2350,2335,2331,2360,2309,2303,2264,2326,2454,2443,2608,2687,2660,2675,2665,2636,2591,2559,2538,2552,2528,2526,2514,2552,2580,2650,2622,2641,2652,2704,2672,2694,2695,2701,2706,2712,2701,2708,2708,2698,2696,2701,2722,2662,2673,2637,2632,2597,2538,2551,2466,2370,2303,2267,2271,2274,2291,2320,2401,2381,2387,2436,2405,2404,2465,2456,2450,2450,2446,2455,2448,2500,2452,2427,2409,2408,2356,2309,2292,2282,2260,2256,2276,2290,2315,2308,2335,2361,2500,2577,2659,2651,2692,2731,2693,2670,2638,2592,2517,2474,2474,2460,2461,2475
Rubiks,2572,2575,2582,2595,2623,2625,2660,2661,2672,2680,2691,2680,2692,2684,2726,2659,2644,2698,2631,2637,2608,2584,2554,2414,2323,2320,2264,2270,2303,2322,2384,2340,2332,2348,2351,2334,2334,2385,2355,2342,2355,2366,2357,2361,2367,2353,2350,2333,2325,2309,2324,2323,2315,2336,2290,2303,2317,2301,2284,2283,2343,2498,2577,2566,2640,2668,2670,2657,2663,2611,2559,2496,2470,2425,2435,2429,2421,2432,2435,2467,2463,2478,2484,2528,2559,2580,2589,2616,2618,2663,2633,2630,2608,2602,2581,2567,2612,2535,2501,2504,2455,2377,2291,2308,2233,2237,2289,2291,2285,2294,2272,2290,2303,2300,2303,2325,2378,2352,2393,2355,2365,2365,2363,2347,2365,2355,2393,2320,2333,2331,2278,2259,2269,2264,2267,2267,2290,2356,2470,2576,2631,2674,2678,2664,2637,2625,2610,2514,2499,2465,2448,2447,2420,2440,2439,2441,2454,2460,2475,2536,2532,2571,2632,2615,2663,2635,2651,2628,2646,2643,2621,2609,2591,2577,2532,2475,2456,2390,2317,2253,2261,2229,2283,2289,2283,2297,2273,2264,2292,2238,2241,2250,2264,2272,2279,2294,2332,2326,2343,2351,2341,2352,2420,2425,2367,2364,2380,2335,2329,2326,2311,2311,2279,2278,2408,2498,2494,2610,2672,2670,2656,2617,2569,2577,2528,2521,2577,2530,2542,2547,2559,2634,2621,2630,2701,2675,2661,2686,2687,2694,2701,2712,2755,2701,2697,2697,2698,2701,2686,2712,2653,2633,2620,2571,2617,2494,2386,2321,2275,2297,2260,2266,2288,2410,2386,2372,2367,2362,2411,2396,2423,2465,2465,2444,2428,2424,2404,2414,2414,2418,2427,2380,2339,2285,2264,2299,2249,2254,2291,2348,2324,2311,2335,2433,2559,2677,2694,2691,2704,2687,2681,2634,2595,2589,2507,2484,2466,2460,2480,2486,2517,2555,2578,2595,2589,2621,2623,2643,2672,2678
Rubiks,2720,2675,2665,2672,2701,2640,2646,2651,2645,2621,2548,2457,2472,2388,2285,2251,2290,2357,2367,2362,2332,2345,2378,2379,2329,2329,2338,2369,2366,2357,2360,2362,2340,2352,2330,2325,2334,2312,2303,2312,2320,2302,2321,2303,2303,2335,2396,2467,2579,2571,2636,2672,2675,2638,2611,2605,2524,2486,2460,2446,2440,2410,2421,2444,2439,2458,2468,2478,2508,2540,2622,2576,2596,2620,2618,2623,2625,2634,2617,2595,2585,2559,2559,2512,2490,2485,2436,2408,2292,2241,2236,2260,2337,2350,2291,2281,2310,2303,2348,2320,2328,2352,2369,2360,2366,2350,2357,2365,2356,2364,2364,2325,2320,2294,2280,2257,2271,2270,2274,2269,2308,2382,2370,2511,2578,2687,2660,2671,2645,2621,2656,2550,2517,2475,2456,2432,2441,2441,2435,2440,2454,2465,2507,2542,2635,2592,2637,2604,2634,2638,2636,2647,2646,2623,2621,2595,2579,2581,2550,2520,2438,2356,2293,2282,2228,2226,2223,2267,2303,2343,2260,2238,2234,2243,2243,2265,2290,2300,2321,2331,2336,2334,2335,2366,2384,2385,2374,2363,2369,2367,2385,2327,2336,2319,2351,2285,2281,2322,2439,2541,2640,2661,2665,2660,2704,2646,2567,2541,2538,2513,2513,2571,2559,2568,2577,2605,2609,2686,2649,2642,2671,2692,2733,2707,2699,2712,2712,2700,2752,2737,2740,2701,2689,2673,2674,2643,2612,2602,2539,2445,2363,2281,2261,2254,2263,2292,2398,2397,2384,2374,2400,2395,2406,2429,2439,2447,2445,2442,2461,2444,2452,2417,2429,2424,2425,2339,2333,2266,2258,2264,2251,2285,2349,2308,2355,2433,2436,2548,2628,2682,2693,2701,2689,2692,2663,2663,2609,2535,2500,2456,2461,2461,2458,2494,2524,2559,2574,2608,2603,2618,2636,2672,2682,2691,2678,2694,2693,2679,2675,2670,2641,2663,2661,2644,2672,2581,2577,2548,2470,2349
Rubiks,2318,2324,2338,2419,2349,2334,2345,2337,2331,2377,2350,2347,2340,2356,2357,2360,2346,2388,2333,2326,2335,2318,2311,2302,2311,2296,2318,2316,2303,2302,2282,2310,2357,2453,2547,2611,2672,2708,2663,2648,2619,2557,2489,2459,2439,2440,2434,2425,2436,2459,2458,2466,2486,2519,2584,2568,2578,2602,2621,2619,2629,2636,2621,2613,2596,2591,2559,2566,2559,2515,2459,2409,2330,2252,2248,2265,2252,2303,2292,2287,2289,2300,2298,2299,2320,2328,2344,2353,2348,2363,2361,2354,2362,2352,2356,2317,2347,2302,2285,2268,2268,2276,2258,2265,2303,2407,2508,2609,2593,2658,2663,2663,2664,2643,2608,2559,2518,2476,2488,2454,2432,2441,2441,2433,2441,2453,2469,2514,2559,2583,2635,2608,2631,2638,2627,2623,2647,2632,2665,2618,2588,2581,2576,2556,2509,2447,2417,2352,2289,2237,2242,2226,2240,2273,2315,2281,2260,2263,2234,2242,2256,2271,2282,2310,2335,2326,2334,2380,2342,2347,2369,2372,2376,2358,2355,2335,2328,2329,2335,2315,2326,2291,2327,2325,2436,2578,2633,2659,2666,2671,2646,2599,2553,2532,2542,2535,2523,2533,2551,2618,2610,2591,2608,2645,2650,2686,2666,2675,2707,2739,2701,2711,2698,2707,2740,2704,2708,2687,2663,2650,2645,2625,2591,2594,2433,2351,2386,2279,2249,2274,2309,2295,2364,2388,2376,2383,2410,2427,2427,2432,2444,2454,2442,2456,2491,2454,2438,2427,2412,2396,2419,2335,2274,2252,2255,2250,2316,2290,2302,2338,2318,2356,2457,2457,2571,2640,2684,2707,2700,2658,2675,2634,2550,2500,2463,2514,2470,2457,2519,2520,2547,2540,2577,2592,2618,2649,2636,2657,2709,2683,2683,2694,2679,2682,2732,2673,2674,2667,2648,2645,2687,2623,2570,2576,2503,2451,2320,2261,2268,2276,2325,2345,2353,2353,2349,2317,2335,2335,2353,2386
Rubiks,2357,2344,2348,2346,2343,2335,2329,2312,2325,2303,2310,2303,2303,2295,2297,2281,2324,2314,2412,2533,2650,2613,2669,2672,2660,2619,2538,2481,2436,2441,2429,2424,2426,2439,2453,2465,2469,2524,2519,2539,2581,2577,2604,2620,2618,2613,2672,2631,2601,2598,2576,2577,2559,2534,2474,2509,2409,2349,2261,2280,2242,2309,2303,2288,2290,2286,2325,2303,2302,2303,2332,2345,2341,2362,2359,2356,2353,2355,2366,2369,2348,2343,2318,2295,2278,2266,2272,2312,2272,2275,2291,2349,2394,2441,2559,2629,2669,2674,2674,2672,2647,2578,2545,2499,2507,2501,2452,2432,2440,2427,2437,2512,2505,2508,2533,2559,2602,2621,2633,2674,2626,2641,2639,2634,2621,2622,2593,2571,2578,2526,2530,2444,2355,2296,2226,2220,2288,2279,2270,2296,2293,2250,2231,2229,2281,2235,2273,2279,2296,2318,2325,2344,2348,2344,2360,2367,2370,2365,2354,2343,2350,2332,2325,2320,2324,2332,2289,2359,2471,2599,2600,2696,2672,2654,2635,2585,2596,2559,2544,2539,2528,2526,2523,2559,2559,2639,2610,2632,2662,2704,2681,2687,2689,2707,2708,2700,2713,2711,2703,2706,2702,2701,2692,2666,2651,2639,2623,2595,2537,2429,2349,2291,2322,2303,2272,2295,2382,2381,2371,2384,2405,2403,2426,2439,2452,2446,2464,2470,2465,2446,2440,2440,2419,2448,2385,2324,2283,2261,2260,2247,2263,2339,2303,2329,2375,2378,2482,2582,2675,2662,2687,2709,2699,2679,2681,2621,2542,2494,2455,2463,2475,2470,2483,2520,2559,2566,2588,2613,2658,2647,2701,2725,2692,2689,2686,2692,2675,2670,2683,2641,2649,2658,2641,2645,2617,2579,2577,2503,2403,2303,2271,2275,2354,2344,2379,2349,2343,2393,2338,2326,2326,2349,2354,2352,2352,2402,2364,2349,2354,2340,2344,2335,2325,2320,2317,2317,2317,2303,2356,2321
Rubiks,2281,2274,2334,2328,2425,2542,2661,2673,2667,2667,2661,2604,2538,2540,2484,2492,2440,2424,2421,2415,2427,2427,2462,2467,0,2512,2519,0,2544,2578,0,2597,2621,0,2622,2625,0,2622,2615,0,2576,2595,0,2593,2614,0,2557,2525,2450,2411,2335,2337,2265,2231,2260,2342,2303,2279,2286,2279,2303,2300,2312,2332,2390,2349,2355,2359,2365,2362,2408,2363,2355,2361,2334,2315,2309,2303,2322,2275,2275,2269,2269,2263,2276,2340,2444,2559,2633,2629,2662,2672,2653,2636,2592,2584,2538,2496,2459,2446,2444,2432,2426,2429,2440,2460,2489,2537,2568,2559,2585,2610,2637,2620,2621,2645,2640,2628,2637,2630,2647,2580,2581,2569,2531,2454,2373,2288,2298,2214,2243,2233,2248,2303,2303,2250,2247,2235,2229,2243,2266,2295,2303,2356,2310,2334,2326,2392,2365,2421,2384,2367,2367,2364,2348,2326,2318,2365,2320,2290,2265,2303,2432,2552,2635,2648,2665,2672,2641,2606,2557,2552,2543,2538,2534,2536,2524,2553,2587,2601,2608,2620,2644,2649,2668,2685,2693,2699,2706,2753,2700,2744,2697,2707,2705,2700,2698,2679,2652,2660,2631,2610,2576,2559,2549,2409,2313,2269,2274,2271,2328,2324,2399,2372,2369,2378,2386,2407,2426,2428,2440,2456,2466,2461,2470,2469,2426,2409,2389,2396,2362,2310,2274,2264,2262,2259,2277,2295,2333,2349,2429,2423,2555,2620,2674,2669,2733,2692,2679,2653,2704,2605,2523,2485,2489,2509,2460,2471,2505,2548,2585,2559,2589,2610,2627,2630,2655,2712,2672,2736,2693,2690,2679,2685,2681,2668,2691,2646,2640,2617,2630,2630,2518,2445,2365,2320,2264,2250,2279,2364,2363,2340,2352,2339,2337,2335,2331,2386,2340,2337,2356,2350,2348,2360,2353,2344,2379,2334,2336,2320,2310,2315,2303,2343,2324,2320,2309,2290,2294,2278
Rubiks,2557,2610,2595,2630,2653,2660,2679,2633,2595,2528,2476,2454,2433,2425,2419,2429,2441,2439,2460,2491,2526,2559,2592,2573,2597,2620,2623,2636,2635,2599,2605,2590,2576,2567,2552,2544,2549,2441,2346,2288,2226,2249,2284,2272,2294,2288,2294,2281,2303,2303,2339,2323,2320,2333,2352,2354,2367,2366,2367,2366,2355,2363,2351,2314,2310,2303,2316,2273,2264,2264,2267,2294,2292,2326,2423,2523,2614,2652,2650,2672,2667,2660,2595,2604,2517,2475,2459,2454,2434,2487,2426,2432,2459,2455,2455,2508,2544,2622,2633,2620,2615,2623,2637,2649,2647,2647,2675,2595,2572,2577,2537,2517,2398,2398,2347,2253,2220,2235,2303,2249,2289,2320,2266,2234,2243,2246,2275,2256,2281,2339,2318,2336,2323,2349,2341,2393,2350,2371,2366,2369,2345,2350,2335,2330,2366,2299,2274,2269,2303,2438,2553,2640,2647,2714,2659,2648,2606,2559,2550,2548,2547,2526,2516,2543,2579,2609,2614,2639,2659,2680,2693,2676,2696,2707,2711,2713,2752,2699,2698,2707,2701,2701,2744,2690,2661,2628,2619,2627,2628,2512,2426,2334,2279,2262,2264,2288,2312,2384,2372,2395,2432,2394,2405,2421,2488,2458,2437,2471,2470,2444,2449,2445,2432,2426,2409,2362,2324,2317,2263,2251,2261,2259,2270,2303,2301,2394,2399,2388,2511,2620,2715,2687,2698,2684,2693,2650,2592,2531,2477,2472,2469,2516,2470,2502,2536,2559,2582,2608,2638,2623,2648,2671,2670,2690,2694,2692,2690,2692,2709,2667,2675,2648,2645,2684,2620,2580,2612,2578,2436,2356,2255,2268,2339,2384,2379,2343,2351,2329,2317,2330,2319,2354,2344,2350,2353,2408,2350,2354,2342,2338,2318,2328,2310,2315,2325,2324,2302,2303,2302,2311,2312,2294,2286,2325,2432,2559,2628,2674,2704,2708,2637,2596,2536,2525,2475,2455,2429,2443,2416,2420
Rubiks,2475,2480,2472,2504,2528,2559,2593,2614,2603,2608,2632,2626,2619,2598,2594,2631,2559,2559,2517,2473,2463,2412,2334,2272,2238,2259,2303,2347,2280,2294,2281,2303,2296,2323,2319,2326,2341,2365,2369,2367,2366,2364,2401,2369,2355,2342,2303,2303,2294,2292,2266,2265,2276,2268,2319,2274,2302,2401,2509,2599,2659,2711,2709,2663,2650,2620,2559,2504,2521,2484,2469,2435,2432,2432,2442,2457,2449,2462,2512,2552,2624,2596,2614,2637,2626,2662,2692,2645,2623,2608,2623,2621,2577,2559,2554,2504,2419,2375,2275,2264,2227,2243,2258,2281,2312,2272,2271,2303,2241,2240,2245,2250,2273,2282,2309,2329,2326,2325,2350,2332,2357,2384,2370,2381,2350,2339,2334,2330,2324,2308,2343,2258,2301,2414,2400,2541,2634,2660,2667,2661,2623,2570,2576,2545,2524,2518,2531,2589,2547,2572,2596,2619,2643,2636,2659,2661,2689,2698,2708,2696,2712,2753,2711,2706,2697,2708,2697,2685,2683,2684,2650,2633,2613,2577,2531,2433,2432,2294,2326,2260,2260,2290,2276,2348,2411,2376,2399,2384,2414,2405,2483,2484,2471,2458,2445,2440,2453,2445,2432,2417,2386,2350,2280,2276,2303,2244,2303,2267,2300,2314,2358,2446,2559,2634,2648,2693,2685,2694,2683,2625,2633,2573,2510,2463,2466,2514,2471,2475,2519,2551,2545,2558,2643,2657,2637,2659,2649,2682,2724,2686,2693,2680,2679,2694,2657,2649,2650,2639,2689,2632,2595,2536,2543,2476,2385,2285,2259,2285,2404,2358,2345,2353,2351,2345,2324,2323,2385,2351,2353,2355,2355,2366,2370,2393,2351,2347,2325,2337,2334,2315,2303,2318,2308,2343,2324,2313,2285,2284,2384,2373,2466,2591,2644,2705,2661,2672,2631,2618,2512,2476,2462,2491,2483,2426,2435,2428,2432,2447,2472,2530,2533,2535,2543,2626,2606,2610,2622,2637,2618,2623
