StaplesBox,2600,2596,2608,2619,2650,2637,2713,2707,2707,2715,2717,2720,2720,2717,2716,2720,2766,2711,2712,2718,2718,2710,2712,2694,2690,2693,2691,2683,2682,2685,2685,2677,2726,2683,2686,2680,2736,2673,2672,2676,2704,2707,2708,2776,2719,2718,2720,2721,2721,2713,2719,2716,2719,2718,2720,2721,2715,2720,2720,2719,2720,2712,2720,2720,2705,2706,2719,2711,2720,2776,2720,2718,2710,2720,2721,2776,2709,2708,2709,2720,2710,2710,2721,2711,2708,2710,2710,2720,2707,0,2765,2709,2710,2720,2720,2716,2719,2710,2776,2719,2765,2767,2707,2716,2774,2758,2757,2693,2685,2740,2692,2705,2711,2706,2716,2716,2714,2708,2719,2720,2710,2709,2718,2710,2708,2720,2717,2719,2720,2719,2714,2707,2717,2713,2711,2700,2693,2674,2672,2661,2651,2662,2651,2668,2682,2682,2710,2767,2704,2770,2715,2700,2710,2713,2763,2697,2708,2702,2709,2714,2714,2712,2716,2704,2713,2714,2717,2763,2720,2710,2718,2716,2707,2718,2713,2707,2707,2700,2687,2697,2711,2700,2709,2698,2698,2691,2687,2664,2675,2646,2623,2605,2595,2572,2556,2605,2603,2576,2593,2637,2635,2656,2737,2694,2699,2700,2691,2745,2669,2676,2683,2675,2636,2634,2605,2558,2535,2544,2614,2547,2512,2519,2471,2472,2400,2397,2419,2442,2477,2508,2559,2468,2439,2424,2450,2473,2470,2450,2496,2411,2357,2357,2170,1993,0,1894,1890,0,1807,1776,0,1779,1877,0,1938,1935,0,2046,2221,2248,2321,2369,2366,2425,2503,2557,2632,2670,2676,2671,2675,2672,2691,2699,2702,2698,2710,2700,2766,2712,2701,2707,2702,2706,2761,2707,2700,2757,2685,2696,2701,2691,2685,2669,2726,2659,2641,2656,2611,2606,2601,2602,2606,2617,2649,2649,2669,2747,2712,2705,2772,2719,2707,2710,2717,2717,2718,2721,2719,2771
StaplesBox,2700,2710,2752,2706,2698,2700,2684,2674,2683,2682,2669,2685,2672,2669,2734,2683,2674,2664,2662,2682,2708,2720,2764,2720,2716,2745,2719,2718,2718,2714,2721,2717,2713,2716,2707,2710,2776,2720,2708,2719,2720,2721,2719,2720,2719,2720,2707,2710,2719,2721,2720,2721,2720,2718,2720,2719,2721,2709,2719,2712,2710,2720,2709,2710,2720,2718,2718,2707,2708,2718,2720,2777,2720,2717,2720,2710,2719,2717,2718,2721,2720,2775,2709,2718,2709,2720,2714,2694,2706,2691,2676,2692,2697,2706,2768,2715,2714,2705,2718,2776,2775,2771,2707,2719,2720,2776,2708,2713,2719,2720,2721,2718,2707,2719,2708,2707,2701,2752,2683,2676,2729,2658,2650,2661,2660,2667,2739,2691,2761,2768,2712,2704,2705,2714,2711,2711,2711,2712,2702,2710,2710,2713,2713,2713,2716,2704,2704,2714,2717,2707,2717,2719,2717,2709,2706,2707,2716,2717,2710,2706,2700,2700,2757,2698,2701,2712,2705,2690,2694,2693,2665,2660,2636,2623,2609,2601,2569,2559,2559,2548,2559,2574,2663,2585,2642,2660,2682,2694,2693,2701,2686,2682,2684,2666,2735,2683,2650,2624,2612,2577,2548,2545,2614,2567,2558,2542,2504,2453,2459,2410,2429,2464,2480,2463,2505,2501,2483,2522,2426,2444,2456,2457,2467,2445,2440,2387,2397,2294,2210,2034,1943,1850,1840,1782,1837,1808,1883,2008,2007,2113,2207,2281,2320,2396,2459,2455,2513,2591,2644,2660,2679,2674,2664,2683,2700,2764,2696,2710,2766,2711,2705,2701,2706,2763,2754,2754,2696,2697,2697,0,2691,2694,0,2701,2687,2738,0,2734,2671,2682,0,2663,2647,2631,2619,2601,2597,2594,2616,2631,2619,2665,2689,2750,2713,2714,2708,2712,2776,2710,2718,2708,2717,2720,2720,2775,2763,2704,2705,2711,2752,2755,2691,2692,2677,2680,2734,2730,2674,2669
StaplesBox,2672,2676,2660,2664,2726,2695,2774,2718,2708,2718,2719,2720,2720,2720,2719,2718,2710,2712,2720,2719,2720,2719,2721,2721,2720,2720,2710,2709,2720,2709,2721,2765,2720,2720,2719,2720,2776,2719,2708,2710,2721,2706,2716,2719,2720,2720,2718,2776,2721,2720,2720,2717,2718,2718,2709,2709,2718,2722,2719,2708,2711,2718,2707,2721,2714,2709,2720,2774,2720,2720,2718,2704,2715,2696,2681,2679,2680,2706,2766,2712,2715,2705,2717,2719,2720,2719,2719,2717,2717,2766,2710,2720,2711,2775,2709,2774,2720,2718,2717,2717,2711,2708,2762,2692,2671,2652,2662,2652,2661,2672,2673,2691,2701,2704,2713,2715,2704,2716,2713,2756,2712,2711,2709,2712,2709,2715,2707,2715,2709,2715,2713,2715,2716,2716,2716,2712,2707,2717,2708,2719,2718,2702,2713,2700,2687,2692,2700,2706,2701,2703,2700,2693,2689,2684,2659,2631,2632,2618,2580,2566,2556,2542,2551,2559,2576,2602,2617,2646,2685,2683,2685,2700,2678,2679,2684,2680,2728,2683,2669,2637,2609,2606,2550,2547,2546,2567,2559,2548,2529,2480,2478,2479,2394,2395,2386,2426,2501,2467,2559,2496,2488,2441,2424,2417,2440,2469,2458,2440,2420,2369,2238,2233,2161,1985,1888,1895,1811,1777,1784,1838,1944,1941,2051,2182,2258,2318,2360,2367,2416,2480,2559,2630,2672,2726,2670,2680,2672,2692,2707,2710,2711,2711,2701,2710,2710,2711,2757,2701,2697,2697,2706,2704,2701,2700,2691,2701,2687,2683,2672,2675,2650,2646,2623,2620,2605,2608,2598,2616,2620,2632,2654,2687,2692,2697,2715,2718,2719,2721,2709,2776,2719,2717,2718,2718,2720,2775,2717,2704,2700,2711,2708,2697,2691,2700,2690,2692,2681,2671,2681,2674,2673,2677,2738,2683,2657,2662,2700,2700,2714,2720,2720,2718,2717,2763,2716,2708,2710,2720,2709,2710
StaplesBox,2708,2720,2710,2711,2719,2719,2718,2719,2775,2721,2716,2719,2709,2720,2720,2717,2710,2720,2710,2719,2718,2709,2718,2721,2709,2719,2710,2720,2718,2776,2719,2719,2777,2707,2713,2769,2719,2714,2718,2709,2720,2775,2711,2719,2719,2721,2713,2709,2708,2716,2774,2714,2755,2692,2694,2679,2686,2707,2708,2704,2716,2707,2717,2717,2719,2720,2706,2717,2718,2715,2775,2708,2719,2710,2710,2707,2775,2718,2762,2716,2711,2706,2677,2652,2650,2662,2664,2652,2672,2678,2741,2704,2707,2711,2702,2704,2704,2711,2705,2712,2712,2711,2701,2709,2715,2714,2704,2702,2714,2710,2716,2718,2717,2720,2775,2718,2708,2715,2717,2716,2698,2756,2700,2760,2697,2756,2707,2710,2707,2696,2699,2692,2672,2657,2630,2610,2585,2582,2576,2559,2540,2541,2559,2589,2605,2644,2649,2672,2678,2749,2698,2687,2683,2675,2682,2681,2683,2682,2657,2686,2604,2596,2550,2539,2537,2552,2545,2524,2489,2489,2416,2445,2395,2425,2442,2485,2568,2500,2459,2420,2459,2454,2462,2471,2444,2420,2428,2363,2233,2080,2085,1984,1886,1796,1776,1787,1777,1905,1942,2062,2175,2273,2326,2382,2372,2441,2504,2573,2637,2634,2663,2683,2667,2672,2678,2707,2709,2711,2700,2710,2775,2700,2712,2700,2711,2704,2708,2705,2708,2700,2697,2700,2693,2694,2755,2748,2662,2652,2659,2649,2611,2607,2597,2670,2606,2616,2620,2647,2670,2693,2707,2704,2715,2707,2718,2720,2718,2784,2719,2719,2720,2707,2719,2720,2712,2780,2708,2697,2706,2768,2700,2682,2692,2691,2672,2672,2685,2685,2683,2683,2684,2672,2728,2674,2671,2690,2705,2719,2718,2719,2709,2717,2785,2719,2719,2716,2720,2720,2720,2715,2720,2720,2710,2707,2719,2716,2773,2718,2721,2721,2721,2720,2710,2784,2719,2722,2721,2720,2785,2718
StaplesBox,2774,2718,2708,2719,2784,2710,2717,2717,2786,2721,2719,2710,2784,2718,2721,2710,2721,2721,2719,2709,2710,2784,2709,2719,2720,2719,2718,2720,2714,2705,2776,2698,2680,2674,2670,2692,2761,2713,2716,2713,2718,2707,2718,2709,2719,2719,2721,2721,2721,2720,2722,2709,2709,2720,2720,2710,2717,2717,2705,2715,2707,2694,2672,2725,2648,2653,2662,2673,2681,2696,2692,2709,2713,2713,2712,2715,2712,2706,2712,2700,2775,2711,2711,2777,2714,2704,2712,2714,2704,2715,2716,2719,2719,2707,2708,2710,2710,2707,2781,2701,2711,2700,2700,2700,2702,2701,2702,2701,2759,2698,2694,2681,2682,2661,2633,2616,2580,2640,2569,2559,2545,2554,2594,2591,2608,2648,2673,2672,2689,2767,2692,2693,2677,2673,2671,2680,2682,2670,2635,2607,2576,2546,2547,2547,2559,2550,2524,2559,2454,2393,2396,2395,2408,2499,2475,2496,2480,2488,2446,2425,2497,2455,2473,2460,2453,2420,2400,2293,2289,2118,2011,1989,1830,1784,1779,1783,1812,1896,2001,2001,2184,2209,2280,2354,2396,2386,2456,2534,2611,2666,2660,2667,2683,2673,2668,2673,2687,2711,2712,2712,2709,2711,2709,2776,2712,2696,2708,2694,2695,2700,2699,2687,2687,2682,2683,2683,2681,2662,2660,2625,2616,2617,2621,2623,2603,2605,2633,2656,2692,2706,2704,2711,2715,2720,2717,2718,2709,2720,2710,2721,2720,2719,2707,2707,2782,2711,2707,2705,2707,2696,2680,2692,2735,2748,2674,2674,2682,2681,2672,2683,2674,2669,2660,2681,2697,2717,2719,2710,2720,2720,2720,2708,2719,2708,2720,2719,2710,2709,2719,2707,2717,2706,2720,2711,2710,2719,2717,2786,2720,2720,2708,2708,2720,2722,2718,2718,2709,2719,2720,2720,2709,2719,2720,2720,2711,2784,2718,2717,2772,2720,2717,2784,2719,2721,2721,2719,2721,2719,2719,2719
StaplesBox,2709,2711,2717,2720,2719,2718,2719,2717,2715,2691,2691,2758,2683,2690,2707,2701,2710,2714,2717,2718,2719,2718,2708,2720,2708,2712,2719,2718,2784,2708,2718,2709,2709,2710,2708,2706,2771,2768,2707,2687,2674,2683,2670,2654,2661,2648,2662,2683,2692,2701,2712,2714,2715,2713,2710,2708,2712,2709,2698,2695,2712,2697,2715,2705,2704,2715,2716,2767,2737,2718,2716,2705,2713,2708,2719,2717,2780,2711,2709,2708,2696,2691,2708,2712,2775,2700,2705,2696,2699,2690,2674,2646,2646,2620,2619,2585,2578,2559,2559,2538,2549,2566,2667,2645,2667,2675,2674,2674,2699,2679,0,2681,2676,0,2680,2673,2684,2652,2623,2589,2552,2548,2552,2539,2552,2539,2600,2486,2481,2441,2386,2394,2468,2405,2432,2477,2483,2446,2453,2422,2497,2455,2462,2462,2456,2424,2394,2277,2201,2011,1924,1831,1782,1777,1778,1816,1902,2017,2136,2303,2242,2303,2359,2412,2467,2539,2534,2612,2650,2672,2673,2748,2672,2691,2702,2707,2713,2776,2714,2699,2706,2712,2711,2712,2707,2706,2704,2702,2691,2765,2699,2691,2679,2672,2684,2672,2654,2648,2634,2619,2611,2609,2609,2669,2605,2646,2683,2701,2684,2711,2703,2717,2781,2719,2719,2720,2719,2718,2720,2720,2720,2719,2717,2712,2765,2704,2691,2701,2697,2691,2690,2676,2670,2679,2682,2674,2678,2683,2681,2670,2674,2662,2687,2712,2713,2721,2719,2709,2719,2720,2721,2720,2720,2718,2708,2711,2721,2784,2720,2718,2709,2720,2721,2721,2709,2721,2720,2720,2710,2721,2720,2784,2718,2720,2720,2721,2710,2710,2719,2720,2718,2721,2721,2709,2710,2715,2719,2784,2708,2719,2719,2710,2719,2718,2720,2774,2710,2708,2720,2720,2712,2720,2717,2710,2717,2707,2705,2717,2708,2691,2681,2684,2681,2699,2711,2715,2715,2771,2712,2719
StaplesBox,2710,2719,2720,2720,2708,2720,2709,2706,2717,2770,2718,2709,2718,2716,2716,2718,2696,2691,2752,2673,2661,2663,2660,2651,2672,2675,2680,2687,2694,2712,2704,2715,2713,2715,2700,2709,2705,2712,2711,2712,2710,2714,2712,2702,2714,2715,2706,2717,2707,2709,2784,2708,2709,2715,2716,2702,2705,2697,2700,2690,2705,2765,2712,2712,2700,2697,2696,2675,2680,2664,2638,2610,2601,2610,2571,2628,2537,2559,2571,2577,2605,2623,2651,2746,2680,2752,2700,2693,2683,2738,2680,2748,2680,2670,2636,2659,2559,2537,2544,2567,2628,2559,2596,2483,2438,2443,2396,2376,2404,2439,2480,2496,2490,2478,2456,2424,2438,2432,2444,2471,2454,2433,2400,2324,2377,2165,2025,1936,1914,1846,1767,1762,1875,1938,2005,2109,2215,2211,2272,2412,2400,2451,2457,2523,2602,2648,2672,2683,2682,2657,2672,2699,2706,2709,2711,2774,2707,2711,2711,2702,2705,2772,2708,2705,2691,2689,2701,2699,2680,2685,2674,2672,2672,2646,2637,2629,2600,2596,2606,2605,2623,2620,2633,2670,2753,2691,2707,2716,2717,2708,2718,2720,2721,2710,2783,2720,2709,2784,2780,2780,2715,2714,0,2708,2694,0,2704,2691,0,2691,2681,0,2678,2679,0,2675,2665,0,2672,2684,0,2684,2683,0,2664,2664,0,2667,2695,0,2717,2717,0,2708,2721,0,2715,2710,0,2715,2712,0,2711,2719,2709,2718,2784,2721,2719,2784,2718,2721,2784,2719,2710,2718,2709,2772,2720,2720,2716,2718,2709,2784,2719,2708,2719,2719,2784,2721,2720,2709,2718,2720,2709,2720,2719,2719,2710,2720,2720,2718,2710,2711,2719,2720,2718,2709,2773,2720,2715,2720,2708,2717,2719,2718,2719,2718,2715,2716,2705,2680,2674,2677,2680,2701,2711,2775,2716,2705,2717,2717,2712,2719,2709,2783,2718,2719,2720,2784
StaplesBox,2708,2773,2720,2719,2718,2719,2708,2704,2697,2701,2700,2672,2659,2662,2662,2656,2672,2672,2680,2707,2711,2713,2715,2714,2711,2712,2705,2701,2711,2710,2709,2710,2713,2778,2713,2714,2705,2713,2715,2706,2717,2718,2718,2718,2719,2719,2708,2708,2711,2760,2703,2702,2693,2771,2711,2699,2709,2706,2689,2676,2677,2660,2631,2687,2679,2588,2638,2559,2559,2541,2551,2590,2623,2651,2644,2664,2678,2692,2701,2690,2677,2683,2671,2741,2743,2725,2659,2618,2559,2552,2548,2528,2623,2559,2517,2530,2506,2506,2386,2394,2399,2470,2440,2470,2496,2488,2484,2518,2426,2440,2432,2455,2462,2446,2440,2402,2350,2216,2086,2081,1982,1891,1811,1770,1761,1777,1821,1916,2034,2154,2264,2325,2320,2366,2438,2559,2580,2581,2633,2656,2677,2684,2682,2678,2690,2708,2709,2712,2706,2701,2776,2706,2711,2712,2707,2760,2708,2705,2687,2763,2697,2692,2692,2672,2667,2666,2651,2662,2646,2600,2607,2605,2608,2606,2619,2623,2643,2686,2694,2706,2778,2706,2717,2718,2710,2720,2782,2721,2711,2708,2717,2719,2717,2715,2765,2708,2708,2708,2698,2680,2693,2683,2673,2683,2674,2682,2675,2680,2685,2681,2668,2672,2682,2710,2776,2718,2709,2715,2718,2718,2720,2720,2720,2717,2718,2708,2720,2710,2710,2708,2710,2721,2714,2718,2720,2711,2716,2709,2709,2714,2719,2720,2721,2721,2718,2721,2713,2720,2720,2719,2721,2721,2710,2721,2710,2719,2711,2773,2720,2720,2773,2720,2719,2720,2723,2720,2712,2708,2718,2709,2785,2720,2721,2709,2718,2722,2711,2710,2706,2706,2696,2758,2686,2682,2693,2697,2710,2715,2715,2708,2718,2718,2720,2706,2721,2784,2710,2720,2720,2711,2784,2720,2709,2707,2708,2708,2717,2710,2712,2710,2690,2746,2659,2661,2660,2664,2651,2672,2687,2754
StaplesBox,2705,2704,2766,2703,2710,2704,2706,2701,2712,2712,2713,2715,2716,2704,2716,2701,2777,2718,2780,2710,2718,2721,2720,2707,2707,2720,2706,2699,2703,2685,2700,2689,2696,2701,2702,2696,2762,2681,2665,2660,2660,2698,2620,2584,2581,2577,2557,2548,2559,2583,2581,2610,2638,2672,2687,2757,2697,2676,2672,2680,2674,2669,2666,2637,2625,2623,2559,2540,2549,2551,2559,2528,2505,2553,2445,2411,2386,2404,2444,2475,2460,2490,2486,2444,2457,2416,2496,2457,2456,2449,2432,2393,2303,2297,2154,2026,1993,1831,1840,1776,1768,1855,1854,1961,2084,2189,2275,2329,2326,2361,2433,2491,2577,2576,2625,2646,2681,2663,2673,2742,2681,2705,2706,2713,2710,2712,2712,2707,2712,2697,2759,2708,2709,2698,2703,2702,2699,2684,2693,2681,2669,2663,2721,2635,2617,2611,2620,2605,2596,2593,2682,2651,2681,2702,2712,2776,2718,2718,2717,2721,2720,2715,2720,2721,2720,2719,2720,2708,2714,2711,2697,2691,2701,2690,2745,2756,2670,2681,2684,2672,2670,2748,2672,2675,2675,2662,2663,2694,2682,2711,2709,2708,2710,2708,2716,2772,2720,2721,2716,2718,2709,2718,2719,2710,2719,2784,2718,2718,2720,2721,2766,2718,2721,2774,2719,2709,2719,2721,2771,2708,2718,2718,2720,2720,2708,2717,2720,2710,2709,2717,2721,2719,2718,2718,2720,2710,2707,2718,2784,2720,2718,2717,2720,2719,2721,2720,2713,2708,2720,2720,2711,2719,2707,2710,2690,2685,2672,2680,2700,2695,2707,2715,2717,2719,2718,2708,2707,2720,2718,2721,2719,2720,2709,2719,2716,2720,2719,2720,2719,2718,2779,2706,2712,2707,2700,2691,2728,2672,2658,2651,2649,2723,2669,2698,2763,2696,2712,2776,2705,2714,2702,2699,2706,2712,2708,2773,2698,2702,2713,2714,2711,2775,2715,2716,2708,2717,2769,2720,2719,2780
StaplesBox,2702,2698,2692,2683,2762,2707,2700,2702,2701,2707,2708,2708,2691,2745,2672,2649,2621,2591,2581,2581,2606,2537,2559,2581,2599,2605,2644,2664,2671,2678,2690,2687,2683,2734,2683,2678,2664,2672,2625,2595,2589,2549,2535,2615,2618,2566,2545,2496,2450,2412,2409,2374,2397,2440,2453,2509,2504,2474,2446,2417,2434,2503,2454,2450,2455,2457,2432,2394,2330,2187,2059,2044,1949,1862,1798,1764,1823,1799,1829,1957,2069,2175,2260,2325,2315,2381,2425,2484,2559,2559,2630,2661,2665,2675,2672,2680,2685,2707,2704,2700,2701,2770,2713,2709,2710,2711,2710,2706,2697,2696,2749,2701,2691,2696,2687,2690,2683,2683,2661,2720,2645,2672,2621,2609,2597,2598,2589,2627,2620,2656,2672,2701,2708,2712,2718,2708,2721,2711,2720,2709,2718,2718,2710,2709,2718,2712,2711,2706,2708,2707,2698,2693,2739,2685,2745,2683,2678,2672,2683,2681,2685,2685,2671,2656,2743,2710,2713,2781,2720,2721,2721,2720,2777,2781,2707,2723,2720,2718,2716,2718,2708,2708,2721,2710,2720,2717,2719,2717,2710,2780,2709,2709,2707,2708,2708,2710,2719,2780,2768,2722,2710,2710,2719,2719,2720,2711,2720,2720,2781,2721,2721,2720,2720,2720,2707,2708,2781,2721,2709,2719,2721,2711,2721,2719,2719,2720,2719,2709,2708,2716,2697,2687,2693,2684,2692,2687,2701,2711,2713,2718,2707,2707,2719,2713,2708,2766,2717,2719,2708,2717,2719,2706,2719,2720,2711,2768,2717,2706,2715,2707,2677,2670,2655,2652,2664,2663,2672,2681,2681,2697,2762,2774,2715,2715,2776,2712,2701,2711,2700,2772,2707,2707,2702,2715,2715,2712,2715,2704,2714,2706,2767,2720,2780,2706,2779,2716,2718,2771,2713,2697,2701,2692,2689,2705,2701,2711,2710,2707,2706,2695,2694,2742,2652,2698,2675,2648,2559,2559,2602,2559
StaplesBox,2638,2640,2648,2670,2748,2690,2700,2703,2682,2681,2685,2684,2682,2660,2635,2619,2575,2541,2533,2549,2551,2555,2591,2480,2484,2439,2384,2390,2393,2448,2457,2548,2504,2481,2487,2427,2407,2432,2471,2468,2460,2452,2424,2389,2276,2133,2134,2009,1901,1823,1770,1786,1784,1813,1906,2028,2142,2246,2298,2296,2359,2410,2490,2481,2548,2606,2658,2662,2683,2674,2661,2672,2699,2707,2709,2712,2712,2712,2772,2712,2711,2701,2695,2697,2707,2708,2696,2689,2697,2701,2683,2752,2693,2682,2664,2662,2648,2625,2622,2600,2606,2606,2623,2613,2663,2647,2748,2708,2708,2717,2706,2716,2720,2781,2710,2707,2720,2769,2709,2707,2706,2712,2762,2699,2708,2689,2691,2693,2683,2686,2684,2675,2682,2675,2680,2680,2673,2665,2660,2659,2690,2716,2708,2718,2720,2719,2719,2779,2720,2720,2721,2718,2718,2717,2710,2709,2779,2721,2719,2719,2718,2719,2710,2720,2718,2710,2720,2710,2714,2719,2780,2720,2720,2712,2709,2718,2719,2720,2719,2714,2719,2710,2711,2718,2719,2716,2720,2720,2719,2719,2718,2707,2708,2720,2720,2721,2768,2719,2721,2720,2780,2708,2710,2720,2720,2707,2778,2719,2707,2704,2692,2685,2678,2679,2692,2714,2715,2717,2777,2713,2779,2720,2718,2718,2710,2709,2780,2718,2719,2779,2717,2717,2718,2718,2717,2706,2712,2707,2709,2675,2683,2660,2660,2654,2645,2660,2682,2673,2691,2695,2702,2713,2714,2704,2711,2712,2702,2707,2711,2700,2711,2711,2711,2714,2715,2713,2775,2715,2747,2718,2710,2717,2717,2710,2720,2781,2719,2717,2713,2708,2684,2691,2697,2701,2701,2710,2696,2707,2698,2682,2674,2668,2704,2619,2605,2597,2570,2552,2539,2548,2578,2607,2635,2632,2647,2677,2694,2690,2696,2687,2671,2739,2683,2680,2651,2638,2637,2581,2559,2544
StaplesBox,2541,2514,2507,2445,2404,2385,2384,2390,2442,2470,2559,2497,2486,2449,2423,2428,2458,2454,2466,2441,2422,2444,2387,2290,2163,2027,1929,1924,1779,1770,1795,1793,1876,1986,2103,2195,2198,2270,2339,2386,2455,2596,2592,2637,2656,2662,2673,2674,2676,2701,2695,2712,2712,2716,2764,2773,2712,2700,2696,2708,2754,2697,2708,2693,2690,2701,2757,2681,2683,2685,2673,2648,2637,2617,2593,2599,2591,2623,2615,2625,2655,2738,2702,2687,2707,2716,2705,2709,2722,2715,2720,2721,2722,2721,2713,2721,2707,2717,2764,2700,2701,2706,2683,2701,2694,2693,2692,2682,2676,2674,2667,2677,2684,2672,2666,2675,2668,2675,2701,2706,2718,2718,2719,2720,2721,2779,2709,2720,2719,2721,2708,2720,2720,2721,2723,2719,2720,2719,2717,2709,2721,2716,2779,2720,2718,2778,2721,2722,2720,2714,2707,2720,2709,2720,2775,2720,2718,2719,2717,2716,2710,2720,2719,2716,2721,2720,2719,2720,2780,2720,2709,2720,2712,2767,2709,2709,2709,2721,2709,2710,2707,2715,2715,2712,2691,2669,2681,2681,2699,2706,0,2704,2716,0,2707,2707,0,2709,2708,0,2778,2777,2709,0,2709,2708,0,2709,2717,0,2718,2720,0,2716,2720,0,2712,2718,0,2713,2697,2693,2661,2646,2663,2660,2656,2673,2702,2708,2698,2712,2705,2715,2702,2697,2708,2706,2765,2701,2712,2712,2701,2713,2714,2714,2718,2708,2707,2776,2708,2718,2706,2717,2710,2763,2701,2701,2700,2764,2776,2708,2704,2768,2685,2686,2684,2715,2712,2691,2587,2595,2576,2539,2535,2534,2542,2533,2647,2595,2633,2635,2649,2683,2760,2684,2693,2676,2684,2674,2672,2674,2651,2609,2605,2568,2539,2535,2559,2568,2552,2526,2480,2414,2372,2449,2411,2443,2442,2460,2468,2447,2409,2406,2396,2492,2428,2441,2498,2441
StaplesBox,2269,2207,2089,2082,1950,1817,1768,1760,1780,1785,1836,2028,2073,2073,2272,2275,2323,2387,2459,2444,2584,2605,2646,2661,2676,2673,2674,2680,2733,2707,2712,2711,2712,2711,2712,2712,2712,2775,2707,2776,2695,2696,2695,2701,2689,2696,2702,2681,2690,2672,2673,2663,2660,2648,2628,2623,2608,2601,2599,2626,2627,2661,2668,2690,2712,2714,2718,2718,2720,2720,2710,2786,2720,2720,2721,2720,2717,2716,2716,2702,2701,2707,2687,2696,2693,2681,2687,2683,2679,2672,2685,2681,2685,2691,2685,2675,2674,2682,2696,2719,2782,2709,2719,2716,2716,2720,2734,2719,2721,2707,2709,2721,2710,2721,2708,2718,2709,2720,2789,2715,2719,2721,2720,2721,2711,2709,2721,2717,2785,2719,2715,2720,2777,2749,2707,2721,2710,2709,2720,2710,2709,2721,2708,2707,2720,2720,2717,2721,2722,2717,2719,2721,2717,2720,2719,2708,2720,2777,2722,2721,2720,2719,2708,2718,2782,2708,2680,2687,2680,2695,2697,2716,2715,2707,2717,2717,2708,2720,2710,2721,2720,2721,2720,2704,2776,2719,2721,2708,2719,2786,2716,2717,2709,2691,2684,2675,2641,2664,2655,2650,2672,2691,2689,2696,2705,2701,2714,2705,2702,2712,2772,2705,2707,2708,2699,2712,2705,2707,2714,2714,2705,2703,2715,2708,2708,2718,2706,2709,2719,2706,2702,2758,2692,2692,2698,2708,2769,2698,2708,2698,2742,2685,2665,2717,2634,2610,2597,2559,2552,2538,2533,2538,2559,2596,2585,2690,2649,2672,2681,2693,2671,2749,2672,2685,2683,2738,2661,2629,2596,2582,2538,2538,2559,2559,2559,2559,2575,2473,2473,2407,2369,2458,2406,2451,2477,2465,2469,2440,2404,2403,2416,2436,2432,2432,2417,2428,2353,2220,2057,1936,1834,1827,1827,1768,1774,1866,1854,1969,2095,2211,2352,2320,2414,2411,2451,2530,2598,2635,2674,2663
StaplesBox,2683,2694,2699,2707,2708,2695,2710,2777,2702,2701,2709,2695,2706,2708,2704,2768,2700,2700,2701,2701,2681,2675,2671,2732,2659,2660,2614,2620,2620,2621,2608,2604,2687,2630,2656,2669,2701,2768,2703,2718,2718,2709,2721,2721,2718,2721,2720,2710,2786,2718,2716,2704,2715,2700,2697,2691,2701,2690,2681,2686,2685,2673,2684,2682,2683,2683,2675,2726,2663,2691,2780,2707,2718,2718,2721,2722,2711,2721,2721,2788,2707,2708,2722,2720,2710,2720,2790,2710,2721,2709,2710,2711,2715,2711,2721,2721,2709,2717,0,2720,2717,0,2717,2721,0,2780,2706,2716,2722,2709,2722,2720,2707,2721,2720,2720,2719,2720,2718,2718,2710,2721,2720,2718,2720,2789,2721,2720,2710,2707,2719,2788,2721,2708,2709,2719,2786,2700,2712,2690,2692,2690,2690,2692,2699,2717,2717,2786,2716,2708,2719,2779,2720,2720,2707,2709,2719,2720,2744,2720,2707,2787,2720,2708,2708,2716,2711,2696,2676,2656,2657,2643,2661,2673,2681,2758,2701,2697,2693,2769,2714,2779,2712,2701,2709,2708,2777,2711,2765,2710,2699,2710,2713,2713,2715,2715,2716,2785,2718,2718,2773,2773,2715,2785,2717,2781,2697,2700,2700,2696,2705,2709,2706,2703,2687,2692,2662,2660,2630,2632,2606,2589,2552,2552,2524,2606,2566,2559,2588,2611,2637,2670,2672,2681,2685,2748,2683,2683,2684,2683,2681,2662,2648,2606,2606,2576,2545,2547,2550,2548,2528,2530,2476,2432,2460,2380,2438,2481,2440,2467,2467,2464,2460,2400,2395,2405,2508,2440,2435,2426,2418,2384,2375,2220,2007,2008,1885,1792,1764,1768,1792,1886,2008,2010,2107,2225,2296,2354,2350,2420,2485,2558,2621,2661,2662,2665,2684,2681,2685,2674,2702,2705,2712,2710,2708,2712,2702,2699,2766,2698,2709,2708,2707,2687,2701,2701,2701,2687,2686,2677
StaplesBox,2625,2638,2618,2704,2610,2596,2598,2587,2611,2638,2661,2750,2692,2708,2712,2718,2709,2705,2709,2721,2786,2720,2777,2721,2720,2707,2718,2714,2713,2708,2695,2687,2682,2687,2683,2690,2677,2685,2670,2675,2674,2694,2692,2743,2669,2678,2679,2700,2709,2718,2711,2712,2718,2777,2788,2721,2785,2718,2721,2777,2716,2710,2720,2718,2721,2721,2720,2719,2709,2717,2709,2713,2707,2719,2789,2721,2711,2717,2722,2720,2711,2720,2709,2718,2721,2718,2721,2718,2713,2787,2709,2719,2721,2720,2713,2710,2787,2710,2720,2720,2708,2718,2711,2710,2721,2720,2718,2721,2720,2785,2776,2719,2778,2707,2687,2694,2693,2692,2701,2701,2712,2706,2707,2713,2707,2717,2776,2721,2719,2718,2721,2776,2721,2710,2776,2719,2707,2712,2720,2708,2774,2704,2768,2687,2685,2667,2725,2645,2652,2662,2670,2680,2692,2707,2700,2702,2714,2699,2768,2780,2696,2707,2709,2712,2699,2705,2702,2768,2703,2715,2704,2713,2719,2720,2720,2719,2714,2719,2710,2719,2767,2701,2683,2691,2696,2697,2707,2708,2710,2694,2747,2684,2675,2669,2708,2621,2599,2596,2559,2554,2533,2538,2542,2548,2617,2595,2629,2662,2674,2681,2693,2685,2673,2747,2672,2677,2657,2640,2607,2640,2569,2550,2538,2559,2559,2550,2530,2514,2471,2410,2385,2397,2389,2407,2441,2484,2550,2445,2444,2393,2393,2425,2432,2432,2443,2436,2411,2386,2291,2107,1984,1988,1854,1782,1832,1769,1837,1822,1923,2107,2037,2156,2243,2315,2366,2434,2507,2516,2579,2649,2731,2686,2683,2681,2752,2694,2690,2685,2708,2768,2701,2706,2713,2697,2705,2697,2708,2707,2757,2691,2702,2690,2693,2678,2675,2683,2674,2646,2643,2633,2616,2617,2597,2614,2619,2609,2647,2678,2677,2697,2710,2718,2719,2707,2711,2721,2721,2786,2707,2714
StaplesBox,2774,2717,2703,2716,2710,2707,2705,2702,2701,2693,2679,2694,2680,2673,2669,2674,2684,2682,2676,2682,2675,2701,2711,2702,2717,2721,2708,2719,2720,2722,2721,2720,2713,2712,2710,2718,2710,2787,2775,2714,2720,2720,2721,2787,2708,2713,2718,2778,2710,2721,2709,2710,2719,2719,2709,2721,2775,2708,2719,2713,2720,2787,2720,2778,2710,2719,2776,2717,2720,2720,2721,2720,2720,2709,2718,2789,2721,2721,2710,2710,2719,2721,2720,2718,2720,2708,2703,2704,2682,2695,2690,2767,2696,2714,2701,2718,2718,2784,2720,2719,2708,2719,2718,2708,2720,2721,2719,2718,2720,2720,2708,2705,2709,2717,2705,2719,2718,2710,2702,2690,2677,2662,2660,2657,2724,2685,2684,2692,2687,2776,2778,2714,2705,2704,2698,2703,2708,2696,2705,2697,2712,2715,2701,2711,2712,2701,2715,2716,2719,2719,2719,2720,2737,2719,2716,2705,2708,2708,2697,2689,2701,2687,2705,2704,2696,2702,2687,2681,2670,2724,2626,2597,2608,2580,2559,2548,2523,2537,2534,2550,2584,2605,2646,2648,2672,2665,2693,2694,2676,2750,2682,2686,2669,2660,2652,2634,2594,2592,2551,2542,2553,2566,2557,2617,2508,2469,2414,2371,2381,2395,2405,2455,2491,2466,2486,2454,2405,2385,2424,2500,2438,2435,2443,2424,2392,2303,2153,1998,1879,1874,1792,1766,1836,1807,1907,2002,2123,2221,2224,2297,2348,2417,2427,2545,2559,2627,2658,2679,2674,2681,2680,2680,2702,2708,2701,2712,2711,2710,2710,2711,2707,2773,2694,2696,2697,2701,2690,2699,2700,2745,2693,2665,2675,2664,2670,2634,2622,2620,2679,2620,2587,2603,2609,2644,2674,2672,2692,2764,2704,2717,2719,2714,2719,2711,2718,2720,2707,2720,2788,2716,2706,2714,2700,2712,2696,2757,2689,2690,2682,2678,2755,2682,2672,2684,2681,2746,2693,2691,2685,2683
StaplesBox,2701,2704,2718,2708,2719,2720,2710,2711,2788,2720,2721,2720,2720,2720,2720,2720,2707,2708,2720,2709,2720,2720,2707,2720,2721,2710,2721,2720,2719,2710,2709,2785,2708,2708,2710,2710,2708,2709,2709,2721,2721,2774,2721,2722,2720,2719,2712,2711,2721,2711,2786,2718,2717,2786,2721,2716,2719,2709,2709,2721,2721,2775,2719,2707,2706,2709,2719,2703,2708,2694,2683,2692,2699,2766,2715,2772,2707,2719,2712,2712,2780,2708,2708,2720,2721,2711,2716,2717,2709,2708,2713,2708,2716,2717,2705,2717,2715,2764,2695,2694,2666,2666,2633,2636,0,2659,2669,0,2679,2696,0,2696,2700,0,2712,2713,0,2709,2712,0,2707,2763,0,2710,2712,0,2711,2701,0,2708,2715,0,2779,2714,0,2706,2707,0,2715,2719,2708,2707,2720,2719,2702,2706,2685,2687,2687,2701,2706,2697,2708,2693,2695,2682,2666,2652,2639,2618,2615,2575,2577,2580,2543,2531,2522,2559,2588,2625,2609,2638,2673,2670,2693,2684,2675,2678,2681,2680,2679,2657,2641,2700,2594,2591,2544,2528,2612,2550,2559,2509,2471,2412,2382,2369,2459,2400,2443,2548,2553,2454,2414,2411,2395,2407,2403,2435,2440,2428,2499,2413,2338,2317,2172,2018,1912,1807,1762,1771,1766,1796,1932,1990,2100,2211,2212,2285,2352,2411,2456,2471,2600,2602,2660,2656,2676,2684,2674,2684,2701,2696,2696,2713,2712,2704,2700,2701,2696,2774,2697,2708,2705,2697,2699,2756,2690,2679,2683,2674,2681,2728,2651,2652,2638,2628,2621,2599,2600,2621,2616,2636,2672,2687,2695,2699,2778,2718,2708,2787,2774,2721,2710,2717,2720,2721,2707,2707,2716,2772,2714,2699,2773,2687,2694,2693,2693,2690,2681,2672,2680,2683,2682,2674,2693,2681,2667,2665,2666,2705,2713,2707,2720,2719,2719,2788,2721,2720,2720,2719
StaplesBox,2709,2721,2720,2707,2719,2720,2712,2720,2718,2709,2720,2786,2721,2720,2708,2720,2707,2715,2721,2718,2775,2720,2707,2789,2720,2721,2721,2719,2716,2721,2718,2710,2720,2718,2707,2718,2719,2709,2720,2710,2708,2719,2775,2709,2710,2720,2718,2709,2719,2706,2709,2713,2701,2712,2697,2693,2694,2765,2701,2712,2716,2706,2716,2706,2727,2721,2721,2708,2709,2707,2720,2717,2787,2718,2718,2706,2720,2786,2719,2706,2717,2699,2697,2752,2663,2673,2660,2638,2729,2673,2662,2693,2700,2762,2708,2712,2715,2715,2712,2712,2710,2707,2697,2701,2711,2701,2712,2713,2701,2715,2715,2782,2717,2709,2710,2720,2719,2785,2717,2718,2710,2763,2701,2693,2702,2700,2687,2696,2706,2700,2691,2675,2672,2669,2639,2610,2602,2569,2551,2546,2529,2537,2616,2638,2607,2631,2653,2660,2750,2761,2683,2674,2683,2682,2752,2673,2662,2675,2648,2595,2553,2549,2542,2538,2557,2629,2548,2545,2432,2396,2376,2372,2385,2424,2461,2488,2463,2451,2489,2396,2465,2420,2427,2437,2432,2440,2435,2411,2352,2209,2053,1958,1843,1770,1760,1762,1779,1823,1927,2051,2044,2146,2243,2296,2361,2361,2427,2503,2553,2638,2625,2664,2683,2668,2673,2686,2674,2689,2707,2700,2701,2712,2700,2713,2711,2704,2708,2707,2698,2702,2685,2689,2701,2682,2690,2682,2672,2652,2661,2652,2627,2634,2617,2611,2595,2610,2592,2620,2648,2673,2692,2697,2712,2714,2708,2777,2718,2719,2721,2720,2710,2719,2717,2704,2706,2700,2709,2772,2708,2698,2694,2694,2682,2682,2741,2672,2683,2678,2689,2694,2756,2683,2682,2686,2693,2707,2705,2722,2721,2775,2721,2718,2709,2777,2721,2721,2711,2710,2721,2721,2710,2709,2721,2718,2710,2718,2721,2721,2707,2709,2707,2708,2722,2718,2716,2719,2710,2721,2721,2722
StaplesBox,2707,2719,2722,2721,2716,2707,2710,2710,2710,2708,2720,2714,2787,2720,2709,2721,2718,2709,2720,2775,2780,2710,2787,2718,2706,2707,2720,2719,2784,2714,2691,2687,2675,2686,2687,2700,2714,2716,2717,2786,2719,2709,2720,2709,2710,2717,2706,2718,2720,2710,2717,2721,2777,2719,2717,2716,2717,2704,2709,2687,2679,2652,2651,2711,2661,2672,2686,2694,2690,2774,2711,2706,2712,2712,2700,2712,2707,2696,2708,2707,2699,2710,2711,2715,2712,2702,2715,2714,2717,2715,2720,2720,2709,2719,2706,2714,2717,2713,2696,2702,2700,2680,2701,2698,2696,2774,2690,2755,2681,2729,2651,2633,2611,2594,2590,2626,2530,2524,2550,2548,2584,2637,2634,2656,2673,2674,2684,2757,2672,2677,2683,2681,2685,2672,2646,2611,2567,2569,2549,2548,2549,2558,2541,2539,2444,2443,2390,2382,2410,2434,2432,2469,2475,2457,2416,2405,2459,2397,2432,2440,2438,2420,2422,2446,2314,2158,2008,1902,1803,1797,1760,1766,1794,1880,2079,2191,2212,2294,2291,2347,2412,2458,2541,2611,2620,2650,2663,2739,2685,2685,2682,2768,2706,2711,2701,2713,2701,2712,2698,2701,2708,2707,2697,2708,2693,2691,2698,2691,2689,2680,2748,2673,2673,2663,2651,2631,2625,2620,2603,2611,2606,2601,2633,2654,2749,2707,2708,2716,2714,2718,2706,2721,2719,2720,2720,2718,2721,2720,2786,2705,2714,2714,2712,2706,2697,2753,2694,2692,2690,2685,2681,2665,2748,2682,2686,2672,2663,2661,2684,2687,2702,2714,2787,2710,2710,2720,2708,2721,2721,2721,2710,2786,2711,2721,2721,2709,2718,2721,2721,2788,2720,2719,2709,2721,2708,2720,2716,2718,2719,2706,2721,2710,2721,2721,2708,2721,2720,2708,2721,2718,2711,2711,2715,2720,2721,2721,2721,2720,2707,2706,2719,2710,2708,2720,2709,2787,2788,2710,2721,2721
StaplesBox,2709,2720,2708,2708,2705,2698,0,2678,2684,0,2687,2700,0,2707,2715,0,2707,2719,0,2719,2708,0,2707,2718,0,2719,2709,0,2708,2706,0,2717,2717,0,2718,2718,0,2706,2719,0,2716,2703,0,2698,2692,0,2672,2664,0,2652,2707,0,2649,2661,0,2672,2681,2681,0,2761,2712,0,2701,2704,0,2769,2698,0,2762,2707,0,2704,2701,0,2702,2713,0,2699,2704,0,2713,2715,0,2704,2717,0,2717,2707,0,2707,2719,0,2782,2718,0,2773,2701,0,2710,2769,2681,2691,0,2695,2702,0,2698,2707,0,2694,2691,2673,0,2664,2643,0,2623,2596,0,2566,2574,0,2566,2536,0,2523,2549,0,2574,2596,0,2622,2635,0,2658,2682,0,2683,2693,0,2736,2752,0,2680,2674,0,2667,2640,0,2610,2582,0,2540,2552,0,2550,2556,0,2556,2512,0,2469,2427,0,2387,2391,0,2404,2506,2458,2481,2460,2404,2403,2462,2427,2432,2432,2439,2509,2425,2393,2303,2137,2139,2005,1875,1777,1771,1760,1763,1832,1928,2027,2151,2144,2232,2302,2357,2421,2429,2505,2559,2703,2652,2661,2681,2672,2683,2679,2691,2697,2712,2704,2768,2713,2704,2702,2696,2697,2707,2707,2708,2698,2701,2698,2701,2701,2691,2672,2682,2752,2662,2660,2637,2622,2620,2611,2612,2602,2687,2640,2642,2673,2693,2708,2699,2706,2719,2707,2710,2720,2707,2721,2710,2709,2709,2708,2717,2706,2712,2712,2707,2706,2698,2691,2702,2694,2677,2685,2683,2674,2684,2665,2692,2687,2671,2672,2680,2692,2710,2715,2713,2720,2721,2709,2721,2709,2722,2722,2710,2710,2709,2719,2720,2720,2720,2720,2719,2715,2721,2725,2710,2708,2707,2708,2717,2721,2709,2719,2719,2709,2715,2784,2709,2706,2719,2708,2721,2720
StaplesBox,2718,2709,2774,2719,2709,2710,2709,2720,2721,2777,2782,2710,2720,2709,2721,2709,2720,2710,2720,2720,2707,2719,2720,2709,2719,2717,2708,2689,2694,2689,2686,2708,2713,2716,2769,2712,2719,2707,2709,2718,2720,2708,2709,2711,2720,2719,2720,2708,2720,2714,2718,2718,2707,2710,2712,2708,2681,2673,2656,2643,2661,2649,2656,2684,2693,2768,2700,2711,2715,2716,2711,2696,2708,2707,2708,2701,2700,2699,2704,2698,2781,2702,2715,2715,2718,2718,2708,2709,2718,2707,2719,2708,2770,2702,2707,2687,2683,2687,2696,2708,2696,2773,2700,2687,2676,2675,2654,2626,2611,2597,2557,2578,2559,2528,2531,2547,2581,2647,2605,2635,2659,2671,2675,2693,2682,2669,2677,2684,2680,2675,2670,2639,2608,2580,2644,2537,2545,2547,2559,2546,2480,2488,2507,2386,2379,2402,2510,2466,2491,2485,2452,2390,2379,2415,2434,2444,2443,2428,2417,2412,2330,2397,2182,2014,1917,1815,1760,1768,1767,1855,1869,1993,1988,2078,2195,2268,2326,2391,2455,2446,2548,2603,2648,2664,2662,2682,2683,2675,2684,2696,2697,2712,2712,2712,2712,2709,2712,2712,2705,2708,2697,2709,2708,2701,2691,2686,2694,2683,2693,2673,2665,2669,2638,2638,2630,2610,2621,2594,2592,2623,2651,2651,2673,2691,2702,2704,2704,2704,2719,2720,2720,2776,2719,2714,2720,2710,2774,2718,2714,2712,2692,2695,2772,2701,2687,2687,2670,2673,2674,2674,2684,2681,2682,2666,2678,2748,2683,2687,2705,2721,2720,2721,2718,2719,2722,2721,2721,2776,2709,2712,2721,2782,2716,2786,2719,2710,2709,2709,2718,2705,2710,2721,2721,2785,2710,2719,2709,2721,2716,2710,2705,2708,2717,2721,2721,2710,2720,2721,2707,2718,2721,2719,2787,2720,2715,2706,2721,2720,2719,2779,2709,2719,2711,2710,2721,2711,2718,2720,2720,2710
StaplesBox,2707,2717,2707,2711,2701,2694,2678,2691,2755,2705,2715,2786,2719,2720,2715,2706,2716,2720,2721,2709,2721,2721,2710,2721,2780,2709,2717,2704,2707,2718,2771,2701,2699,2690,2673,2661,2642,2660,2674,2666,2681,2689,2704,2700,2711,2713,2711,2712,2710,2712,2694,2694,2707,2710,2710,2712,2712,2712,2714,2714,2713,2704,2716,2715,2720,2775,2708,2717,2719,2718,2712,2697,2760,2701,2690,2707,2695,2706,2699,2722,2766,2678,2666,2727,2635,2610,2593,2582,2580,2552,2597,2525,2537,2559,2578,2606,2646,2656,2734,2694,2677,2752,2679,2685,2684,2734,2648,2638,2598,2567,2558,2549,2547,2551,2551,2528,2491,2486,2422,2383,2371,2405,2436,2452,2484,2488,2457,2405,2385,2420,2441,2428,2444,2443,2427,2390,2303,2141,2005,1894,1796,1868,1768,1827,1819,1817,1893,2006,2128,2232,2300,2371,2346,2480,2489,2482,2559,2633,2653,2684,2666,2670,2685,2684,2690,2707,2774,2701,2712,2712,2712,2701,2712,2695,2773,2706,2696,2699,2687,2697,2691,2687,2685,2693,2684,2675,2740,2659,2629,2636,2634,2616,2689,2594,2611,2625,2627,2651,2749,2700,2763,2705,2717,2773,2719,2711,2708,2708,2707,2721,0,2712,2721,0,2713,2717,0,2714,2705,0,2699,2697,0,2702,2691,0,2687,2683,0,2684,2673,0,2738,2675,0,2675,2682,2682,2672,2723,2683,2707,2704,2718,2776,2787,2720,2708,2787,2709,2709,2721,2722,2710,2718,2720,2788,2720,2721,2709,2718,2721,2720,2721,2720,2721,2719,2707,2709,2719,2720,2721,2722,2788,2719,2722,2720,2711,2707,2719,2712,2720,2717,2719,2719,2709,2720,2710,2718,2718,2720,2786,2720,2710,2708,2708,2718,2786,2720,2720,2718,2719,2718,2710,2719,2720,2714,2774,2715,2696,2693,2692,2756,2700,2708,2704,2717,2784,2716,2718
StaplesBox,2709,2710,2718,2718,2720,2719,2720,2716,2720,2786,2719,2717,2718,2706,2702,2700,2696,2677,2675,2671,2644,2659,2664,2682,2692,2694,2701,2709,2699,2704,2714,2705,2709,2706,2692,2707,2701,2712,2714,2716,2780,2711,2705,2713,2716,2781,2717,2714,2721,2720,2721,2707,2719,2716,2707,2700,2694,2689,2690,2700,2763,2703,2693,2681,2685,2682,2651,2647,2617,2597,2604,2574,2552,2521,2524,2527,2541,2578,2597,2633,2651,2686,2674,2678,2743,2690,2745,2668,2677,2741,2739,2660,2627,2698,2592,2559,2542,2550,2570,2557,2556,2597,2453,2425,2378,2391,2396,2406,2447,2471,2544,2452,2407,2400,2395,2422,2505,2441,2428,2427,2383,2444,2279,2188,2008,1873,1779,1782,1760,1768,1892,1832,1925,2038,2229,2237,2292,2369,2367,2424,2504,2633,2580,2692,2673,2676,2685,2682,2679,2669,2700,2701,2707,2712,2711,2712,2711,2780,2706,2695,2707,2707,2707,2704,2700,2685,2702,2692,2681,2683,2680,2674,2664,2656,2640,2632,2608,2619,2610,2661,2608,2623,2724,2674,2687,2707,2705,2781,2713,2709,2717,2718,2708,2717,2720,2716,2719,2720,2708,2716,2714,2713,2712,2707,2692,2764,2692,2682,2679,2672,2672,2683,2665,2685,2683,2682,2683,2671,2681,2690,2714,2716,2717,2720,2721,2774,2788,2719,2720,2722,2721,2721,2707,2786,2708,2711,2721,2720,2720,2708,2781,2720,2709,2709,2710,2707,2720,2721,2788,2719,2711,2721,2709,2721,2709,2721,2710,2720,2720,2720,2708,2718,2720,2710,2721,2786,2720,2711,2709,2722,2719,2718,2721,2720,2720,2718,2706,2709,2721,2711,2722,2721,2719,2719,2708,2712,2712,2699,2691,2760,2692,2712,2702,2701,2784,2718,2709,2717,2718,2708,2719,2720,2709,2720,2721,2721,2721,2719,2720,2708,2717,2709,2717,2717,2711,2705,2696,2683,2731,2661
StaplesBox,2677,2681,2687,2700,2701,2706,2777,2712,2716,2715,2701,2705,2708,2708,2708,2709,2712,2717,2704,2712,2703,2716,2716,2715,2717,2718,2721,2710,2717,2719,2709,2708,2716,2707,2687,2694,2683,2698,2775,2696,2707,2703,2681,2677,2673,2649,2635,2601,2585,2581,2576,2613,2523,2534,2623,2559,2591,2608,2717,2645,2662,2682,2756,2693,2694,2684,2683,2683,2747,2677,2650,2638,2620,2575,2540,2549,2537,2559,2613,2618,2550,2496,2400,2396,2435,2387,2435,2472,2465,2484,2465,2491,2400,2394,2464,2412,2432,2440,2436,2415,2406,2348,2203,2043,1924,1817,1814,1764,1759,1797,1872,1879,2004,2111,2275,2346,2285,2330,2397,2471,2547,2613,2664,2656,2661,2668,2672,2683,2698,2707,2701,2709,2780,2700,2712,2706,2706,2709,2707,2697,2704,2706,2707,2772,2701,2699,2687,2692,2694,2749,2681,2662,2648,2649,2637,2623,2618,2611,2674,2623,2616,2708,2654,2678,2690,2701,2704,2718,2716,2719,2719,2709,2719,2722,2720,2708,2716,2718,2714,2705,2708,2708,2697,2700,2686,2676,2692,2682,2679,2683,2679,2683,2681,2687,2682,2676,2672,2749,2756,2715,2708,2709,2710,2721,2709,2719,2720,2708,2709,2709,2788,2776,2720,2719,2719,2719,2721,2719,2718,2720,2721,2721,2707,2719,2721,2775,2787,2719,2707,2718,2787,2710,2719,2707,2707,2719,2721,2776,2720,2775,2787,2720,2720,2708,2721,2780,2721,2719,2714,2710,2785,2707,2709,2710,2710,2717,2712,2721,2788,2721,2716,2718,2715,2697,2696,2692,2689,2692,2694,2706,2712,2709,2707,2708,2707,2707,2717,2708,2721,2776,2720,2707,2710,2720,2708,2710,2720,2707,2713,2719,2708,2714,2701,2687,2700,2667,2648,2649,2652,2664,2661,2683,2700,2705,2693,2777,2716,2715,2711,2712,2708,2708,2708,2707,2777,2713,2700,2711,2715,2704
StaplesBox,2714,2708,2719,2710,2719,2709,2708,2784,2715,2715,2706,2700,2682,2689,2700,2709,2708,2707,2700,2687,2739,2673,2706,2611,2609,2580,2568,2559,2534,2523,2604,2537,2627,2596,2635,2662,2685,2679,2683,2759,2748,2666,2750,2684,2670,2673,2635,2612,2631,2536,2612,2559,2549,2566,2545,2507,2463,2411,2407,2381,2395,2404,2449,2486,2486,2476,2400,2391,2428,2436,2443,2428,2421,2408,2432,2268,2117,1996,1867,1778,1771,1779,1851,1849,1957,2069,2173,2279,2278,2315,2371,2434,2508,2584,2592,2635,2734,2684,2676,2749,2675,2745,2690,2701,2706,2711,2712,2711,2712,2707,2769,2706,2701,2705,2701,2699,2701,2699,2685,2685,2685,2676,2664,2656,2646,2620,2687,2617,2620,2597,2599,2636,2663,2659,2674,2700,2708,2704,2707,2707,2786,2710,2721,2784,2720,2712,2710,2718,2784,2716,2706,2715,2707,2695,2693,2698,2693,2694,2684,2692,2681,2675,2685,2692,2686,2693,2666,2666,2740,2756,2705,2714,2719,2720,2718,2712,2710,2722,2719,2720,2718,2718,2721,2787,2721,2711,2715,2715,2719,2718,2776,2709,2776,2720,2720,2719,2720,2720,2718,2709,2718,2718,2710,2718,2719,2710,2713,2708,2715,2718,2721,2709,2708,2708,2721,2720,2720,2709,2718,2721,2720,2711,2718,2707,2720,2710,2717,2720,2710,2710,2769,2773,2717,2719,2784,2713,2707,2700,2687,2748,2700,2694,2711,2711,2717,2717,2717,2707,2718,2786,2720,2719,2720,2720,2786,2720,2720,2719,2705,2717,2718,2720,2718,2783,2714,2714,2710,2699,2677,2672,2662,2661,2649,2728,2675,2693,2709,2708,2712,2711,2782,2704,2701,2698,2696,2704,2700,2712,2712,2777,2716,2710,2704,2715,2714,2714,2706,2720,2709,2709,2718,2719,2718,2710,2766,2707,2699,2690,2701,2699,2706,2761,2697,2747,2684,2685,2661,2649,2634,2598
StaplesBox,2540,2540,2541,2533,2548,2646,2586,2637,2634,2669,2685,2682,2691,2752,2672,2684,2673,2683,2672,2712,2608,2605,2566,2548,2545,2549,2559,2559,2531,2570,2424,2385,2380,2400,2454,2423,2470,2489,2470,2416,2416,2395,2403,2416,2444,2442,2432,2404,2367,2362,2290,2077,1976,1845,1786,1741,1776,1779,1859,2018,2062,2182,2175,2266,2321,2385,2459,2448,2510,2592,2646,2674,2672,2683,2680,2666,2692,2698,2701,2699,2712,2697,2778,2701,2710,2709,2708,2708,2704,2706,2706,2690,2700,2700,2683,2759,2689,2737,2672,2659,2639,2647,2627,2608,2620,2600,2599,2619,2629,2645,2681,2702,2701,2712,2715,2708,2718,2709,2706,2709,2719,2718,2709,2709,2713,2707,2713,2712,2708,2700,2768,2699,2687,2693,2682,2674,2683,2674,2669,2681,2692,2683,2682,2675,2740,2693,2700,2717,2720,2710,2720,2719,2710,2720,2786,2713,2718,2720,2775,2720,2721,2711,2708,2709,2711,2720,2721,2721,2719,2708,2720,2709,2718,2708,2716,2710,2720,2719,2717,2720,2721,2720,2720,2712,2710,2717,2775,2774,2719,2787,2708,2718,2720,2709,2709,2717,2721,2776,2720,2717,2717,2707,2722,2787,2721,2715,2718,2718,2717,2718,2707,2702,2693,2683,2691,2709,2710,2717,2715,2716,2784,2713,2719,2720,2720,2786,2784,2776,2710,2719,2709,2707,2719,2717,2708,2719,2715,2705,2763,2697,2691,2680,2727,2705,2712,2675,2670,2670,2680,2695,2710,2777,2704,2715,2715,2712,2708,2707,2694,2712,2711,2714,2712,2712,2712,2704,2704,2717,2716,2784,2719,2721,2714,2718,2784,2707,2713,2696,2701,2699,2776,2696,2761,2709,2691,2693,2694,2668,2673,2644,2613,2608,2609,2647,2545,2539,2518,2548,2567,2611,2605,2628,2649,2683,2694,2680,2680,2683,2682,2670,2675,2668,2674,2695,2664,2570,2570,2542,2549,2559
StaplesBox,2504,2472,2455,2409,2448,2397,2388,2481,2456,2477,2485,2459,2404,2385,2409,2445,2429,2441,2441,2412,2391,2301,2145,2010,1890,1798,1798,1754,1768,1815,1922,1920,2040,2147,2244,2238,2295,2400,2423,2508,2581,2633,2623,2672,2684,2684,2684,2683,2675,2687,2692,2713,2712,2699,2702,2712,2700,2708,2705,2708,2692,2699,2690,2699,2699,2684,2678,2693,2744,2663,2666,2722,2649,2635,2623,2606,2617,2607,2612,2626,2651,2685,2737,2702,2711,2713,2717,2717,2784,2720,2718,2708,2711,2706,2718,2708,2719,2718,2716,2710,2707,2706,2704,2702,2677,2687,2758,2682,2677,2672,2683,2680,2755,2683,2675,2663,2672,2749,2712,2720,2722,2721,2708,2709,2708,2721,2720,2721,2774,2786,2707,2709,2781,2710,2787,2721,2708,2722,2710,2723,2720,2721,2711,2719,2707,2721,2720,2721,2789,2785,2709,2776,2786,2721,2786,2719,2721,2712,2722,2708,2719,2708,2721,2786,2710,2785,2717,2720,2710,2710,2720,2721,2710,2722,2719,2718,2787,2721,2715,2708,2784,2774,2702,2681,2680,2690,2774,2701,2717,2708,2708,2708,2775,2720,2711,2720,2721,2720,2786,2720,2706,2708,2718,2708,2708,2718,2715,2718,2714,2708,2691,2741,2738,2649,2727,2660,2653,2674,2686,2701,2693,2712,2714,2703,2715,2777,2713,2712,2707,2704,2707,2710,2710,2704,2715,2716,2715,2716,2717,2765,2706,2708,2719,2720,2721,2709,2716,2697,2689,2704,2682,2701,2705,2709,2708,2697,2702,2690,2680,2686,2649,2646,2610,2604,2567,2542,2530,2535,2531,2566,2593,2609,2648,2661,2682,2693,2694,2682,2679,2670,2735,2739,2652,2640,2593,2567,2552,2533,2552,2554,2556,2554,2514,2472,2399,2370,2381,2393,2398,2450,2484,2553,2456,2446,2480,2385,2428,2439,2503,2440,2438,2496,2395,2285,2131,2011,2012,1890,1787,1766
StaplesBox,1903,1938,2028,2025,2133,2279,2277,2388,2396,2470,2608,2609,2657,2684,2741,2683,2682,2768,2703,2696,2778,2713,2699,2708,2698,2710,2709,2706,2703,2709,2707,2709,2701,2696,2692,2684,2672,2684,2669,2653,2639,2623,2601,2609,2602,2592,2621,2636,2673,2693,2694,2707,2714,2715,2717,2720,2720,2787,2718,2717,2704,2718,2720,2720,2776,2701,2712,2709,2705,2696,2697,2694,2692,2690,2685,2676,2685,2684,2685,2695,2681,2760,2683,2673,2733,2695,2710,2713,2721,2719,2716,2721,2721,2776,2719,2707,2710,2721,2721,2775,2713,2708,2721,2785,2721,2720,2784,2716,2721,2713,2722,2720,2710,2720,2708,2708,2710,2710,0,2776,2710,2775,2774,2707,2712,2708,2716,2721,2713,2719,2710,2785,2710,2721,2786,2708,2710,2717,2720,2709,2721,2710,2719,2715,2720,2709,2709,2708,2785,2718,2721,2720,2710,2685,2684,2692,2701,2690,2709,2714,2718,2718,2718,2720,2711,2714,2710,2720,2713,2719,2707,2717,2721,2719,2720,2718,2708,2719,2705,2704,2707,2696,2684,2682,2661,2650,2640,2737,2673,2687,2700,2702,2707,2712,2704,2768,2712,2700,2694,2707,2696,2701,2710,2702,2703,2702,2709,2711,2704,2720,2718,2720,2719,2786,2718,2705,2717,2706,2712,2710,2696,2701,2697,2691,2698,2706,2707,2698,2702,2694,2682,2654,2630,2622,2609,2581,2571,2556,2542,2534,2550,2541,2576,2604,2662,2647,2676,2692,2680,2686,2681,2682,2684,2682,2682,2622,2594,2568,2552,2529,2547,2559,2554,2534,2534,2480,2423,2390,2382,2409,2444,2440,2460,2553,2511,2415,2400,2395,2466,2434,2442,2437,2507,2406,2377,2319,2166,2159,2024,1968,1814,1769,1759,1793,1894,1892,2001,2119,2209,2295,2279,2336,2407,2471,2538,2616,2650,2664,2665,2682,2683,2677,2680,2704,2712,2712,2712,2710,2712,2712
StaplesBox,2771,2708,2697,2708,2755,2700,2698,2700,2699,2687,2665,2686,2676,2673,2646,2626,2619,2623,2620,2593,2606,2622,2616,2712,2672,2677,2775,2713,2701,2717,2705,2712,2718,2719,2710,2710,2785,2710,2707,2707,2732,2709,2697,2706,2697,2768,2693,2690,2675,2681,2669,2673,2672,2676,2681,2670,2673,2672,2745,2763,2702,2718,2706,2706,2776,2721,2709,2717,2720,2711,2709,2721,2712,2787,2720,2708,2718,2721,2773,2719,2708,2713,2784,2720,2720,2724,2721,2708,2786,2721,2711,2721,2716,2710,2720,2720,2777,2712,2776,2776,2707,2708,0,2720,2718,0,2709,2721,0,2708,2719,0,2705,2787,2710,2712,2721,2710,2719,2720,2721,2708,2714,2717,2709,2716,2709,2704,2701,2701,2679,2694,2760,2776,2714,2715,2780,2719,2716,2718,2712,2711,2709,2721,2710,2720,2722,2721,2719,2774,2784,2718,2709,2718,2717,2717,2712,2707,2687,2752,2648,2665,2726,2645,2664,2681,2691,2708,2707,2713,2707,2702,2705,2700,2711,2706,2708,2712,2698,2712,2705,2701,2713,2704,2705,2714,2706,2707,2718,2719,2720,2785,2714,2715,2717,2714,2692,2687,2682,2687,2704,2706,2773,2702,2700,2687,2671,2654,2634,2621,2623,2595,2558,2538,2532,2604,2553,2577,2620,2659,2654,2671,2671,2683,2694,2691,2672,2681,2677,2664,2651,2636,2611,2577,2538,2551,2537,2544,2568,2537,2541,2518,2455,2407,2374,2380,2387,2425,2445,2485,2485,2457,2433,2386,2415,2409,2416,2438,2432,2432,2437,2403,2357,2208,2069,2032,1846,1787,1775,1744,1784,1848,1845,1966,2070,2164,2258,2374,2416,2492,2509,2505,2567,2632,2664,2685,2672,2678,2682,2666,2755,2701,2705,2712,2712,2746,2710,2711,2702,2706,2704,2696,2704,2701,2684,2764,2700,2701,2683,2693,2668,2745,2672,2648,2653,2685,2682,2620,2602,2597
StaplesBox,2672,2663,2683,2747,2707,2714,2705,2716,2720,2718,2710,2708,2719,2719,2709,2784,2719,2716,2714,2714,2711,2697,2700,2690,2693,2675,2752,2693,2669,2743,2682,2681,2746,2676,2672,2684,2680,2702,2715,2706,2719,2720,2786,2709,2720,2721,2708,2710,2720,2720,2720,2718,2710,2717,2786,2717,2707,2711,2720,2708,2719,2718,2720,2721,2710,2720,2719,2721,2707,2713,2787,2785,2719,2720,2709,2721,2720,2719,2707,2707,2714,2718,2776,2720,2721,2716,2721,2721,2710,2721,2720,2718,2710,2708,2720,2721,2718,2785,2720,2721,2785,2709,2711,2709,2719,2777,2700,2691,2692,2691,2699,2778,2712,2703,2708,2718,2705,2706,2721,2720,2720,2718,2721,2721,2712,2710,2720,2720,2710,2707,2718,2715,2716,2716,2694,2696,2685,2670,2651,2660,2649,2662,2672,2736,2693,2708,2706,2710,2713,2704,2710,2713,2692,2707,2708,2696,2699,2700,2715,2777,2701,2712,2704,2769,2784,2718,2719,2718,2719,2719,2785,2773,2704,2707,2700,2687,2694,2700,2697,2708,2710,2687,2687,2685,2672,2661,2646,2623,2619,2581,2566,2559,2544,2524,2552,2547,2640,2620,2649,2649,2662,2691,2679,2682,2672,2683,2684,2683,2677,2661,2707,2597,2567,2549,2551,2546,2559,2536,2530,2505,2439,2387,2382,2406,2478,2427,2466,2487,2459,2453,2426,2392,2410,2404,2444,2432,2432,2424,2413,2325,2318,2174,2037,1920,1920,1830,1830,1757,1776,1883,1878,2003,2099,2251,2268,2340,2323,2448,2456,2537,2605,2662,2644,2671,2682,2669,2684,2681,2676,2773,2712,2707,2711,2712,2701,2707,2711,2707,2706,2697,2697,2708,2697,2690,2702,2699,2678,2689,2675,2685,2684,2660,2641,2713,2634,2606,2609,2608,2609,2671,2637,2670,2663,2697,2707,2703,2717,2718,2719,2720,2709,2715,2775,2720,2720,2716,2705,2717,2715,2712
StaplesBox,2691,2690,2690,2692,2678,2682,2676,2665,2682,2750,2693,2685,2684,2672,2680,2701,2712,2782,2717,2785,2719,2719,2710,2717,0,2709,2721,0,2717,2775,0,2710,2717,2717,0,2710,2720,0,2708,2709,0,2713,2787,0,2715,2722,0,2777,2721,0,2713,2717,0,2776,2718,2710,0,2716,2710,0,2788,2719,0,2706,2720,0,2718,2709,0,2711,2721,0,2720,2784,0,2721,2710,2720,0,2709,2709,0,2719,2713,2708,2719,2785,2720,2720,2718,2709,2722,2710,2721,2775,2717,2720,2718,2720,2718,2713,2714,2687,2681,2691,2697,2709,2708,2714,2704,2718,2708,2708,2721,2720,2710,2718,2711,2707,2719,2719,2709,2717,2719,2710,2719,2718,2708,2714,2700,2768,2701,2682,2657,2661,2653,2647,2653,2670,2681,2701,2695,2777,2705,2715,2707,2706,2713,2696,2705,2771,2701,2708,2713,2712,2702,2779,2704,2709,2705,2717,2717,2718,2719,2719,2719,2718,2707,2697,2704,2701,2681,2694,2708,2707,2762,2697,2700,2765,2684,2673,2668,2648,2625,2619,2590,2570,2552,2548,2525,2520,2559,2576,2623,2622,2649,2672,2680,2682,2676,2682,2672,2684,2685,2684,2680,2652,2637,2584,2584,2626,2536,2539,2546,2555,2559,2533,2477,2426,2432,2385,2398,2400,2438,2475,2475,2454,2410,2415,2397,2422,2502,2440,2433,2420,2400,2297,2155,2145,2072,1888,1799,1792,1758,1761,1880,1923,2053,2155,2144,2227,2303,2344,2405,2485,2557,2694,2626,2659,2683,2682,2680,2685,2737,2699,2708,2697,2702,2712,2710,2708,2711,2708,2704,2707,2760,2707,2707,2707,2690,2701,2691,2684,2682,2690,2684,2673,2667,2656,2698,2623,2620,2623,2616,2595,2605,2622,2661,2676,2700,2694,2709,2713,2714,2785,2719,2708,2708,2707,2710,2721,2719,2783,2714,2717,2716,2698,2700,2700,2694
StaplesBox,2675,2682,2672,2684,2681,2748,2690,2683,2692,2669,2662,2694,2681,2708,2718,2707,2718,2772,2718,2721,2721,2720,2721,2718,2721,2714,2774,2785,2787,2719,2718,2721,2720,2711,2710,2721,2720,2709,2716,2721,2720,2708,2719,2718,2718,2711,2720,2720,2709,2719,2720,2721,2721,2708,2720,2711,2715,2720,2709,2721,2719,2721,2720,2717,2721,2721,2722,2715,2717,2721,2718,2718,2720,2721,2719,2709,2719,2717,2714,2707,2775,2680,2757,2692,2701,2707,2704,2718,2716,2706,2718,2708,2719,2717,2707,2718,2719,2720,2721,2709,2718,2719,2785,2707,2709,2717,2706,2712,2712,2705,2690,2673,2661,2727,2662,2715,2659,2692,2754,2701,2707,2712,2701,2712,2710,2696,2706,2706,2707,2712,0,2701,2768,0,2701,2705,0,2711,2704,0,2702,2716,0,2710,2709,0,2708,2715,0,2720,2717,0,2702,2780,0,2766,2697,0,2679,2698,0,2696,2707,0,2704,2700,0,2681,2685,0,2677,2656,0,2633,2609,0,2597,2635,0,2554,2531,0,2533,2539,0,2571,2571,2632,0,2653,2661,2682,2694,2678,2755,2684,2672,2747,2663,2664,2661,2619,2656,2559,2537,2557,2566,2555,2616,2586,2521,2404,2375,2385,2450,2427,2455,2480,2488,2477,2507,2458,2402,2420,2424,2437,2441,2441,2444,2400,2350,2217,2072,1960,1851,1786,1781,1760,1773,1851,1839,1958,2078,2198,2262,2324,2312,2379,2448,2534,2663,2652,2660,2667,2673,2685,2673,2695,2684,2696,2779,2710,2768,2779,2710,2712,2712,2704,2697,2709,2697,2697,2701,2699,2701,2693,2695,2681,2683,2669,2662,2652,2627,2623,2623,2616,2607,2606,2610,2610,2648,2723,2682,2694,2759,2701,2717,2720,2709,2719,2720,2721,2720,2716,2719,2721,2720,2776,2704,2710,2708,2709,2707,2690,2692,2681,2670,2683,2682,2672
StaplesBox,2682,2694,2681,2680,2671,2672,2698,2708,2766,2720,2720,2719,2720,2721,2707,2719,2718,2786,2709,2721,2710,2706,2722,2775,2709,2720,2708,2722,2721,2708,2721,2709,2711,2721,2706,2710,2709,2720,2709,2722,2720,2710,2709,2720,2720,2720,2719,2718,2720,2720,2721,2775,2710,2710,2707,2721,2709,2720,2721,2708,2708,2712,2720,2721,2719,2720,2710,2720,2720,2720,2720,2720,2719,2784,2706,2701,2697,2682,2692,2756,2708,2710,2768,2705,2717,2712,2784,2708,2712,2710,2720,2709,2720,2720,2720,2709,2709,2709,2715,2721,2705,2708,2718,2716,2707,2703,2685,2680,2651,2647,2662,2662,2674,2683,2697,2712,2699,2713,2770,2700,2701,2699,2704,2708,2702,2711,2712,2712,2712,2716,2712,2713,2716,2768,2784,2719,2706,2719,2720,2709,2717,2717,2709,2696,2701,2687,2690,2696,2707,2705,2696,2694,2764,2686,2664,2673,2636,2623,2599,2599,2559,2559,2538,2538,2553,2551,2552,2584,2611,2665,2658,2734,2684,2687,2682,2670,2679,2752,2683,2681,2686,2651,2623,2592,2552,2615,2567,2559,2551,2559,2526,2467,2429,2427,2385,2395,2405,2411,2439,2461,2476,2514,2415,2409,2392,2403,2432,2438,2443,2432,2417,2455,2278,2130,2010,1890,1888,1799,1760,1765,1816,1904,1910,2040,2139,2228,2310,2298,2404,2479,2559,2618,2613,2660,2680,2738,2671,2685,2739,2687,2705,2766,2711,2712,2699,2711,2710,2712,2696,2707,2697,2704,2761,2700,2698,2701,2701,2687,2686,2672,2669,2663,2640,2635,2621,2618,2611,2621,2606,2602,2632,2672,2675,2700,2712,2716,2718,2718,2720,2707,2772,2714,2720,2775,2719,2709,2716,2718,2716,2716,2701,2706,2704,2704,2701,2692,2693,2692,2685,2678,2682,2673,2687,2691,2685,2748,2682,2679,2690,2704,2718,2718,2712,2720,2786,2710,2721,2785,2720,2720
StaplesBox,2710,2719,2719,2706,2721,2720,2720,2709,2709,2714,2721,2720,2720,2785,2721,2721,2785,2719,2721,2721,2709,2720,2720,2720,2719,2719,2720,2722,2709,2708,2708,2712,2716,2710,2709,2718,2717,2710,2719,2776,2710,2719,2718,2719,2776,2710,2720,2719,2774,2708,2709,2784,2715,2708,2701,2682,2756,2693,2708,2761,2712,2704,2717,2708,2708,2718,2720,2707,2718,2718,2786,2721,2720,2785,2717,2707,2710,2718,2786,2719,2716,2714,2715,2707,2697,2684,2663,2652,2636,2653,2668,2749,2698,2708,2706,2701,2716,2714,2701,2701,2707,2696,2706,2700,2711,2702,2715,2714,2715,2714,2702,2717,2784,2719,2719,2710,2709,2719,2710,2700,2690,2683,2687,2707,2705,2708,2707,2707,2698,2691,2676,2672,2648,2616,2607,2599,2644,2551,2534,2583,2546,2567,2552,2589,2634,2659,2660,2686,2683,2692,2683,2685,2685,2684,2681,2664,2662,2691,2582,2591,2558,2536,2550,2543,2631,2534,2478,2483,2436,2390,2380,2409,2432,2473,2474,2470,2528,2421,2396,2406,2426,2421,2433,2440,2489,2390,2387,2376,2245,2044,1916,1816,1815,1763,1835,1860,1949,1897,2020,2144,2228,2294,2292,2413,2463,2454,2605,2610,2644,2659,2664,2673,2661,2670,2670,2697,0,2705,2701,0,2712,2701,0,2702,2710,2696,2770,2774,2695,2703,2772,2708,2687,2696,2700,2682,2687,2693,2664,2663,2660,2637,2628,2611,2614,2610,2614,2680,2634,2707,2673,2699,2705,2705,2717,2708,2785,2721,2720,2720,2721,2786,2708,2708,2707,2720,2704,2704,2707,2706,0,2696,2696,0,2685,2684,0,2683,2685,0,2673,2669,0,2683,2677,0,2685,2687,0,2682,2683,0,2684,2689,0,2702,2718,0,2713,2719,2710,2715,2787,2709,2718,2718,2710,2717,2710,2707,2788,2722,2721,2717,2719,2716,2720,2721,2721,2719
StaplesBox,2708,2776,2720,2709,2775,2720,2708,2709,2710,2711,2709,2721,2775,2709,2721,2710,2722,2720,2719,2709,2711,2711,2774,2720,2721,2719,2712,2781,2706,2720,2720,2710,2718,2720,2720,2720,2720,2784,2710,2706,2714,2715,2701,2679,2682,2687,2701,2706,2714,2716,2715,2710,2708,2708,2708,2720,0,2721,2722,0,2718,2710,0,2721,2720,0,2713,2711,2775,2720,2706,2718,2781,2696,2694,2685,2668,2658,2648,2651,2663,2672,2672,2701,2772,2777,2776,2711,2710,2713,2707,2697,2707,2705,2701,2699,2712,2714,2704,2714,2704,2704,2716,2708,2720,2784,2718,2705,2720,2719,2715,2704,2700,2700,2701,2700,2696,2709,2696,2696,2701,2686,2682,2653,2648,2632,2680,2595,2577,2559,2617,2516,2533,2546,2638,2624,2616,2640,2672,2683,2755,2690,2690,2682,2668,2734,2683,2681,2668,2648,2605,2553,2549,2542,2535,2559,2559,2537,2549,2502,2422,2396,2385,2373,2445,2441,2457,2485,2530,2426,2393,2400,2429,2422,2429,2439,2501,2413,2369,2359,2242,2085,1980,1865,1855,1778,1760,1777,1835,1827,2018,2062,2179,2253,2373,2373,2425,2444,2513,2592,2645,2675,2662,2683,2747,2684,2692,2691,2705,2707,2711,2713,2712,2712,2699,2713,2702,2697,2708,2697,2706,2690,2702,2699,2695,2699,2687,2747,2666,2722,2640,2632,2697,2604,2604,2605,2610,2603,2623,2647,2676,2701,2705,2706,2704,2718,2720,2721,2784,2711,2720,2720,2721,2721,2720,2717,2717,2712,2702,2695,2693,2697,2687,2717,2756,2683,2678,2686,2681,2684,2678,2681,2755,2683,2668,2673,2696,2705,2719,2708,2709,2719,2720,2786,2719,2716,2720,2708,2716,2721,2774,2707,2707,2776,2720,0,2711,2710,0,2720,2707,0,2709,2788,0,2710,2722,0,2785,2707,0,2706,2709,0,2722,2776,0,2720,2709,0
StaplesBox,2713,2710,2721,2710,2710,2719,2711,2719,2708,2708,2709,2721,2774,2719,2707,2721,2787,2710,2722,2709,2706,2713,2718,2776,2685,2693,2691,2700,2701,2717,2719,2705,2711,2708,2707,2720,2784,2721,2720,2709,2710,2719,2718,2710,2708,2719,2712,2716,2710,2717,2710,2691,2684,2673,2643,2664,2665,2641,2662,2694,2696,2708,2701,2782,2704,2704,2713,2706,2698,2708,2710,2702,2714,2708,2715,2715,2715,2716,2716,2713,2718,2719,2785,2773,2718,2707,2703,2705,2691,2700,2766,2691,2768,2709,2695,2709,2692,2694,2733,2660,2628,2621,2593,2584,2584,2527,2537,2555,2554,2590,2619,2718,2660,2657,2672,2683,2692,2683,2670,2682,2685,2670,2656,2623,2588,2566,2559,2537,2544,2546,2559,2523,2576,2470,2412,2372,2446,2408,2402,2483,2544,2507,2408,2400,2415,2413,2506,2440,2507,2417,2389,2386,2364,2165,2024,1904,1818,1810,1768,1826,1792,1879,2003,2110,2215,2210,2288,2336,2393,2398,2458,2537,2595,2657,2678,2673,2683,2674,2673,2696,2705,2699,2701,2701,2709,2777,2712,2697,2707,2700,2698,2708,2763,2701,2693,2702,2683,2680,2687,2680,2675,2668,2648,2716,2635,2609,2605,2666,2600,2615,2647,2670,2692,2694,2701,2713,2715,2715,2720,2719,2719,2718,2717,2720,2722,2709,2707,2715,2714,2711,2709,2703,2699,2700,2693,2693,2684,2685,2684,2681,2672,2674,2693,2675,2674,2671,2678,2699,2705,2707,2710,2718,2720,2720,2720,2784,2772,2721,2709,2720,2719,2708,2721,2785,2709,2719,2719,2719,2717,2721,2710,2719,2708,2718,2720,2719,2709,2708,2721,2720,2710,2721,2786,2713,2720,2719,2719,2720,2717,2721,2720,2710,2720,2721,2785,2708,2717,2710,2721,2710,2710,2720,2719,2718,2708,2720,2710,2720,2721,2709,2719,2719,2708,2716,2707,2772,2754,2681,2701,2707
StaplesBox,2716,2715,2704,2709,2718,2717,2720,2720,2785,2709,2720,2719,2718,2781,2709,2709,2719,2782,2717,2701,2712,2699,2680,2672,2674,2651,2647,2657,2739,2704,2695,2708,2712,2712,2715,2704,2775,2707,2707,2705,2698,2699,2710,2712,2709,2715,2700,2704,2714,2711,2706,2720,2719,2717,2707,2720,2719,2784,2702,2702,2774,2700,2686,2762,2696,2705,2707,2706,2694,2693,2685,2679,2649,2633,2620,2585,2586,2576,2605,2533,2532,2558,2593,2611,2613,2646,2668,2677,2692,2682,2673,2682,2684,2672,2726,2710,2631,2651,2546,2540,2544,2579,2572,2556,2513,2451,2403,2376,2380,2393,2425,2458,2456,2541,2472,2429,2386,2387,2428,2440,2440,2429,2432,2423,2420,2259,2102,1996,1951,1802,1793,1767,1760,1800,1897,2012,2121,2118,2220,2291,2339,2390,2455,2526,2596,2604,2658,2672,2685,2681,2749,2682,2691,2771,2697,2696,2700,2712,2712,2701,2709,2697,2708,2704,2707,2707,2690,2700,2690,2696,2694,2691,2678,2675,2670,2650,2707,2621,2617,2621,2619,2600,2614,2649,2675,2669,2682,2707,2704,2718,2719,2706,2720,2787,2709,2718,2720,2715,2720,2719,2705,2714,2700,2702,2712,2707,2700,2739,2755,2692,2665,2683,2682,2667,2683,2685,2690,2672,2681,2661,2693,2712,2706,2708,2720,2710,2721,2720,2710,2718,2712,2719,2720,2785,2709,2719,2719,2711,2721,2721,2721,2719,2719,2709,2788,2721,2709,2722,2720,2709,2710,2720,2710,2713,2708,2710,2720,2787,2721,2718,2720,2709,2710,2706,2710,2710,2721,2708,2786,2715,2717,2786,2774,2710,2721,2709,2718,2720,2776,2721,2721,2708,2708,2720,2709,2717,2695,2678,2693,2693,2689,2700,2700,2710,2784,2720,2711,2720,2720,2775,2719,2720,2709,2708,2721,2715,2719,2720,2717,2720,2718,2785,2717,2709,2687,2699,2752,2672,2658,2656
StaplesBox,2740,2687,2681,2701,2766,2702,2712,2715,2774,2709,2707,2708,2707,2706,2712,2711,2699,2712,2714,2704,2715,2715,2705,2708,2719,2772,2713,2775,2718,2770,2705,2704,2698,2767,2692,2689,2708,2707,2695,2762,2694,2687,2672,2660,2651,2633,2597,2576,2559,2551,2527,2527,2529,2559,2589,2635,2649,2665,2685,2680,2746,2759,2683,2672,2677,2666,2667,2648,2637,2616,2578,2553,2552,2551,2548,2623,2537,2496,2448,2400,2381,2372,2404,2432,2475,2461,2486,2470,2415,2384,2405,2429,2412,2435,2508,2443,2444,2402,2325,2191,2032,1939,1825,1770,1763,1763,1780,1870,2009,1997,2104,2207,2356,2336,2398,2459,2442,2585,2596,2651,2644,2738,2682,2672,2681,2690,2680,2700,2707,2776,2700,2712,2700,2710,2703,2700,2694,2707,2708,2707,2766,2700,2700,2694,2692,2675,2676,2675,2664,2660,2632,2623,2686,2620,2673,2607,2662,2689,2654,2675,2674,2764,2770,2713,2714,2708,2720,2710,2721,2709,2719,2709,2716,2719,2718,2781,2700,2711,2704,2705,2701,2699,2757,2676,2680,2673,2669,2685,2672,2694,2758,2683,2665,2683,2763,2706,2716,2773,2720,2718,2711,2719,2720,2718,2717,2722,2716,2719,2720,2707,2718,2718,2709,2709,2720,2709,2719,2719,2771,2708,2715,2721,2721,2710,2719,2714,2721,2721,2720,2719,2718,2720,2720,2717,2721,2718,2784,2720,2785,2717,2718,2720,2708,2711,2721,2721,2718,2719,2718,2709,2785,2710,2784,2707,2710,2717,2721,2711,2709,2717,2707,2715,2701,2692,2682,2687,2710,2700,2705,2706,2714,2716,2776,2785,2720,2708,2718,2719,2774,2709,2710,2707,2708,2719,2707,2705,2718,2717,2714,2772,2701,2672,2661,2716,2657,2649,2654,2740,2681,2704,2712,2711,2702,2705,2712,2765,2704,2696,2696,2708,2702,2712,2712,2705,2704,2704,2715,2714,2707,2718
StaplesBox,2706,2717,2707,2715,2712,2712,2762,2702,2701,2699,2699,2772,2701,2708,2701,2691,2683,2656,2640,2686,2600,2605,2568,2549,2532,2524,2544,2549,2642,2607,2623,2671,2679,2683,2686,2692,2672,2678,2685,2684,2668,2648,2622,2582,2559,2541,2539,2559,2551,2553,2535,2534,2460,2405,2448,2396,2432,2417,2456,2470,2539,2455,2421,2387,2403,2423,2443,2432,2440,2501,2402,2350,2215,2204,2072,1951,1836,1780,1782,1761,1773,1862,1864,1973,2086,2190,2280,2330,2338,2398,2435,2505,2587,2711,2655,2674,2683,2682,2680,2694,2679,2703,2697,2712,2697,2712,2707,2699,2712,2707,2697,2695,2696,2701,2702,2689,2698,2758,2691,2694,2745,2658,2651,2637,2621,2611,2619,2611,2609,2601,2664,2674,2668,2700,2712,2703,2718,2710,2710,2718,2720,2719,2716,2720,2710,2784,2717,2714,2714,2702,2697,2697,2701,2691,2693,2693,2670,2759,2694,2665,2738,2684,2687,2684,2685,2676,2673,2692,2712,2782,2717,2720,2709,2708,2720,2721,2710,2718,2718,2721,2720,2718,2718,2720,2715,2774,2786,2720,2710,2721,2709,2710,2720,2712,2718,2717,2710,2721,2718,2709,2708,2720,2704,2712,2721,2721,2721,2720,2720,2721,2721,2709,2707,2720,2705,2720,2721,2709,2720,2718,2718,2710,2721,2721,2716,2720,2709,2720,2719,2708,2720,2720,2773,2716,2719,2711,2690,2678,2694,2697,2693,2699,2779,2706,2718,2707,2718,2717,2720,2721,2774,2720,2718,2709,2708,2785,2719,2709,2716,2719,2708,2705,2715,2706,2681,2679,2726,2639,2652,2645,2673,2682,2695,2682,2691,2702,2716,2766,2715,2701,2713,2707,2768,2697,2707,2701,2713,2709,2699,2711,2715,2715,2704,2784,2719,2784,2707,2708,2717,2707,2717,2714,2707,2698,2758,2682,2700,2708,2706,2709,2708,2684,2687,2670,2661,2657,2632,2611,2593,2574
StaplesBox,2519,2524,2540,2648,2623,2612,2648,2672,2749,2695,2682,2754,2684,2672,2684,2684,2652,2728,2616,2584,2556,2566,2601,2559,2576,2558,2520,2474,2460,2411,2369,2392,2432,2459,2452,2549,2463,2440,2466,2410,2403,2424,2437,2423,2444,2497,2417,2352,2208,2053,2040,1941,1915,1783,1762,1784,1781,1839,1958,2069,2074,2180,2265,2309,2381,2427,2523,2515,2587,2710,2640,2658,2669,2673,2684,2680,2706,2712,2700,2702,2710,2771,2702,2711,2705,2698,2707,2697,2707,2756,2690,2691,2700,2687,2747,2687,2683,2672,2654,2640,2648,2625,2619,2620,2610,2623,2610,2624,2670,2692,2697,2701,2711,2705,2708,2720,2785,2716,2710,2787,2710,2721,2718,2721,2715,2704,2705,2700,2713,2705,2701,2686,2682,2693,2690,2736,2683,2682,2737,2693,2689,2757,2672,2672,2759,2683,2699,2719,2708,2785,2720,2708,2717,2718,2708,2720,2708,2721,2719,2714,2708,2721,2710,2707,2720,2786,2718,2721,2709,2709,2785,2707,2721,2721,2709,2706,2719,2785,2709,2721,2720,2706,2719,2720,2711,2720,2711,2708,2718,2707,2720,2721,2716,2720,2718,2713,2720,2721,2718,2707,2721,2707,2785,2707,2722,2721,2719,2717,2710,2720,2720,2704,2705,2695,2757,2692,2698,2697,2769,2712,2706,2708,2717,2708,2718,2721,2710,2720,2719,2708,2719,2710,2721,2711,2778,2718,2708,2706,2716,2715,2697,2704,2693,2670,2724,2643,2650,2644,2673,2672,2754,2697,2700,2710,2705,2716,2713,2712,2696,2707,2698,2700,2712,2699,2779,2713,2714,2714,2709,2716,0,2719,2709,0,2713,2721,0,2711,2727,0,2710,2706,0,2702,2684,0,2691,2708,0,2697,2704,0,2772,2691,2691,2670,2661,2681,2621,2591,2571,2607,2516,2529,2535,2528,2568,2618,2632,2666,2670,2695,2692,2695,2664,2677,2685,2674,2669,2740
StaplesBox,2616,2549,2546,2545,2552,2555,2557,2529,2473,2422,2385,2379,2432,2387,2434,2466,2481,2484,2439,2475,2398,2389,2403,2428,2427,2442,2414,2376,2371,2254,2090,1962,1855,1775,1752,1743,1785,1846,1972,2067,2187,2190,2315,2400,2397,2436,2600,2591,2646,2674,2674,2686,2683,2665,2693,2696,2699,2711,2709,2767,2700,2710,2700,2708,2707,2697,2708,2699,2701,2691,2701,2701,2693,2685,2669,2682,2664,2650,2648,2631,2675,2621,2616,2611,2620,2618,2636,2671,2689,2703,2708,2716,2716,2719,2720,2719,2720,2720,2773,2720,2710,2719,2718,2717,2768,2712,2694,2690,2690,2685,2683,2682,2694,2691,2754,2684,2694,2691,2693,2682,2667,2677,2683,2706,2716,2779,2721,2720,2719,2708,2721,2721,2720,2720,2712,2720,2720,2706,2710,2720,2711,2720,2721,2709,2720,2720,2721,2720,2720,2719,2720,2721,2720,2708,2719,2708,2721,2711,2719,2719,2720,2721,2720,2710,2719,2719,2711,2722,2710,2717,2718,2718,2721,2722,2721,2719,2718,2716,2720,2719,2710,2787,2717,2709,2720,2710,2707,2721,2721,2708,2719,2712,2705,2700,2702,2677,2700,2701,2701,2714,2707,2707,2778,2719,2707,2719,2710,2710,2785,2719,2717,2710,2721,2708,2714,2718,2707,2720,2719,2706,2715,2699,2697,2693,2659,2651,2662,2651,2664,2671,2681,2690,2709,2708,2709,2712,2697,2711,2712,2699,2701,2712,2710,2777,2702,2703,2712,2713,2712,2778,2715,2714,2712,2710,2716,2718,2774,2786,2718,2710,2713,2693,2694,2685,2680,2696,2709,2695,2701,2694,2683,2740,2660,2621,2615,2590,2583,2546,2538,2537,2584,2534,2547,2585,2702,2636,2659,2673,2683,2694,2757,2672,2743,2674,2675,2661,2662,2625,2610,2578,2536,2541,2540,2537,2552,2545,2514,2461,2473,2401,2370,2396,2391,2447,2474,2471,2459,2424,2394,2393
StaplesBox,2443,2440,2434,2416,2384,2295,2140,2031,2025,1925,1812,1834,1769,1761,1792,1886,2009,2117,2221,2303,2303,2332,2486,2486,2552,2634,2660,2662,2673,2682,2666,2744,2681,2700,2708,2712,2701,2712,2712,2701,2701,2709,2706,2701,2707,2701,2696,2753,2700,2691,2701,2682,2682,2667,2672,2661,2663,2644,2629,2609,2620,2604,2623,2623,2683,2657,2682,2685,2701,2713,2713,2714,2706,2707,2720,2772,2709,2710,2708,2718,2709,2708,2716,2714,2705,2777,2709,2694,2703,2687,2687,2760,2677,2680,2683,2673,2693,2690,2693,2686,2682,2665,2693,2692,2716,2705,2720,2710,2721,2721,2710,2719,2785,2720,2720,2713,2720,2721,2721,2716,2720,2710,2709,2710,2707,2719,2707,2720,2720,2718,2719,2714,2720,2785,2719,2718,2713,2776,2785,2710,2709,2786,2716,2786,2720,2772,2708,2721,2782,2786,2720,2716,2720,2721,2720,2782,2708,2720,2721,2711,2718,2773,2718,2785,2721,2774,2720,2705,2713,2720,2720,2705,2707,2697,2689,2693,2708,2697,2704,2782,2717,2720,2784,2719,2708,2710,2712,2721,2721,2718,2720,2719,2708,2720,2708,2718,2720,2708,2707,2716,2715,2704,2756,2675,2729,2727,2703,2663,2662,2658,2675,2696,2698,2713,2700,2710,2712,2712,2709,2706,2712,2700,2712,2715,2769,2712,2712,2765,2714,2715,2772,2716,2718,2772,2709,2719,2706,2720,2720,2704,2708,2683,2682,2702,2767,2697,2706,2696,2700,2684,2734,2642,2662,2635,2604,2643,2566,2547,2527,2527,2526,2616,2574,2599,2634,2714,2681,2684,2665,2691,2678,2680,2672,2667,2718,2636,2599,2609,2543,2552,2539,2558,2559,2531,2488,2435,2432,2456,2381,2380,2425,2475,2463,2475,2451,2428,2400,2384,2395,2425,2436,2445,2420,2478,2398,2319,2142,1995,1912,1900,1806,1768,1760,1802,1965,2019,2089,2133,2220,2231
StaplesBox,2485,2520,2516,2568,2633,2672,2674,2749,2682,2745,2693,2708,2708,2712,2710,2701,2712,2710,2701,2707,2698,2697,2698,2707,2694,2690,2700,2698,2753,2693,2680,2676,2672,2647,2636,2634,2610,2613,2608,2600,2622,2699,2649,2683,2701,2699,2708,2779,2706,2719,2719,2720,2720,2781,2722,2721,2710,2720,2718,2707,2703,2712,2713,2700,2774,2752,2697,2695,2695,2691,2694,2681,2683,2689,2681,2682,2683,2683,2674,2686,2708,2711,2716,2720,2718,2722,2720,2710,2711,2721,2719,2719,2721,2710,2786,2720,2718,2719,2710,2721,2720,2720,2709,2722,2784,2710,2710,2708,2720,2710,2719,2714,2771,2707,2721,2711,2720,2719,2710,2776,2785,2709,2719,2709,2721,2709,2721,2710,2710,2707,2709,2720,2774,2710,2720,2718,2707,2784,2708,2714,2721,2716,2720,2784,2720,2720,2784,2712,2690,2684,2694,2700,2708,2704,2706,2717,2709,2709,2720,2714,2720,2721,2720,2784,2713,2709,2710,2721,2707,2720,2722,2720,2719,2705,2713,2718,2711,2703,2683,2685,2675,2663,2715,2726,2659,2694,2693,2685,2697,2707,2710,2704,2701,2702,2701,2712,2709,2701,2699,2704,2716,2712,2776,2701,2713,2716,2718,2718,2784,2715,2717,2714,2755,2782,2717,2705,2701,2681,2756,2695,2687,2708,2697,2708,2695,2680,2653,2648,2645,2605,2575,2573,2623,2536,2528,2602,2522,2558,2582,2608,2651,2676,2662,2667,2685,2684,2684,2678,2672,2680,2668,2648,2608,2576,2552,2531,2539,2550,2557,2544,2546,2498,2460,2400,2374,2454,2415,2405,2422,2470,2452,2510,2400,2386,2384,2411,2496,2432,2418,2428,2383,2377,2264,2101,2033,1859,1858,1778,1759,1776,1850,1953,1958,2070,2166,2265,2316,2375,2384,2436,2493,2592,2644,2673,2685,2678,2683,2684,2687,2708,2712,2775,2698,2712,2712,2700,2710,2701,2709,2705
StaplesBox,2690,2760,2701,2751,2680,2694,2687,2683,2746,2653,2635,2639,2635,2620,2687,2588,2604,2600,2621,2645,2676,2698,2691,2711,2716,2709,2784,2707,2710,2716,2710,2721,2717,2720,2717,2719,2707,2716,2701,2708,2697,2709,2702,2679,2694,2694,2683,2687,2673,2682,2681,2693,2675,2659,2686,2679,2696,2716,2784,2719,2708,2720,2709,2720,2785,2720,2714,2708,2720,2706,2707,2720,2709,2711,2719,2713,2721,2721,2774,2719,2722,2774,2785,2720,2782,2712,2720,2721,2721,2721,2721,2719,2722,2710,2721,2715,2710,2720,2707,2707,2717,2786,2721,2775,2722,2710,2721,2785,2720,2710,2721,2710,2721,2785,2787,2721,2787,2717,2720,2720,2710,2721,2784,2717,2699,2699,2683,2690,2690,2708,2707,2717,2707,2707,2709,2720,2709,2721,2722,2707,2721,2721,2720,2772,2708,2786,2715,2721,2710,2721,2718,2719,2719,2717,2704,2709,2709,2684,2651,2652,2651,2660,2673,2682,2702,2701,2768,2701,2712,2709,2713,2712,2713,2701,2712,2777,2704,2700,2701,2776,2779,2713,2715,2714,2715,2720,2720,2706,2718,2707,2704,2704,2697,2691,2694,2691,2684,2705,2709,2687,2696,2701,2693,2670,2652,2643,2625,2593,2573,2617,2551,2527,2535,2536,2538,2578,2603,2609,2638,2676,2684,2684,2687,2683,2676,2673,2676,2674,2648,2620,2575,2567,2539,2544,2567,2559,2537,2530,2486,2552,2417,2378,2384,2384,2433,2459,2533,2522,2432,2414,2384,2411,2414,2427,2427,2433,2422,2420,2411,2362,2303,2078,2073,1944,1838,1776,1760,1767,1843,1841,2009,2070,2173,2264,2322,2319,2374,2457,2501,2592,2652,2665,2675,2681,2676,2683,2694,2752,2696,2701,2708,2700,2712,2708,2702,2699,2707,2708,2697,2697,2697,2700,2695,2691,2685,2767,2681,2672,2683,2665,2713,2648,2631,2613,2622,2611,2596,2670,2621,2637
StaplesBox,2760,2770,2712,2716,2712,2720,2782,2721,2722,2716,2775,2785,2719,2706,2718,2718,2704,2702,2708,2697,2708,2700,2755,2694,2694,2692,2693,2678,2744,2682,2689,2687,2750,2673,2676,2685,2692,2715,2721,2718,2719,2765,2720,2708,2711,2721,2710,2721,2721,2721,2720,2720,2719,2710,2721,2786,2708,2785,2719,2709,2720,2721,2716,2721,2722,2722,2720,2721,2779,2721,2708,2720,2773,2708,2719,2721,2721,2720,2720,2706,2719,2710,2710,2721,2720,2710,2787,2718,2708,2722,2708,2721,2711,2718,2719,2720,2710,2710,2718,2716,2718,2719,2714,2690,2691,2682,2701,2701,2774,2715,2718,2706,2708,2720,2721,2709,2719,2721,2721,2720,2720,2714,2721,2718,2708,2719,2709,2710,2720,2707,2707,2705,2715,2713,2764,2676,2669,2650,2650,2639,2727,2659,2683,2696,2697,2712,2713,2779,2702,2699,2706,2712,2712,2715,2714,2716,2705,2712,2711,2706,2716,2705,2706,2720,2707,2710,2719,2782,2707,2718,2716,2767,2691,2694,2687,2695,2708,2706,2708,2701,2693,2670,2661,2638,2600,2584,2595,2623,2546,2532,2525,2541,2600,2576,2674,2650,2665,2670,2747,2693,2677,2686,2683,2683,2683,2668,2649,2619,2584,2649,2539,2542,2552,2545,2552,2538,2509,2464,2416,2476,2378,2445,2410,2432,2473,2470,2459,2435,2388,2390,2377,2420,2442,2435,2429,2490,2385,2289,2129,2117,2005,1886,1818,1812,1761,1767,1792,1933,1879,1998,2119,2213,2288,2341,2342,2465,2470,2547,2613,2661,2652,2685,2679,2661,2683,2697,2705,2708,2713,2710,2707,2711,2713,2702,2706,2709,2697,2698,2708,2697,2697,2702,2685,2694,2694,2694,2684,2672,2657,2651,2633,2621,2621,2605,2596,2621,2626,2635,2661,2737,2766,2699,2704,2708,2719,2720,2710,2708,2776,2722,2719,2719,2708,2719,2720,2716,2712,2708,2707,2700
StaplesBox,2682,2675,2756,2683,2682,2674,2695,2690,2682,2685,2664,2691,2694,2716,2716,2720,2720,2786,2719,2719,2721,2720,2719,2712,2718,2720,2709,2720,2719,2708,2722,2721,2718,2720,2718,2708,2721,2709,2709,2721,2708,2707,2721,2721,2709,2720,2709,2709,2719,2721,2714,2710,2716,2776,2720,2717,2718,2721,2709,2719,2714,2710,2774,2785,2721,2785,2720,2715,2719,2710,2720,2786,2720,2718,2709,2721,2719,2716,2761,2683,2695,2680,2703,2711,2706,2717,2706,2712,2708,2785,2710,2721,2711,2716,2721,2721,2773,2721,2720,2709,2720,2721,2708,2719,2720,2719,2710,2694,2687,2663,2656,2651,2695,2659,2660,2681,2754,2708,2713,2712,2710,2704,2777,2712,2693,2701,2712,2714,2704,2718,2712,2707,2712,2712,2704,2771,2715,2708,2720,2720,2709,2784,2705,2717,2707,2701,2680,2683,2702,2705,2705,2696,2698,2700,2692,2666,2647,2619,2598,2609,2579,2559,2545,2538,2534,2524,2537,2566,2619,2640,2639,2669,2750,2681,2682,2686,2683,2673,2683,2662,2636,2623,2559,2574,2528,2599,2553,2559,2538,2499,2506,2509,2460,2381,2380,2445,2426,2496,2458,2472,2467,2427,2397,2396,2421,2426,2440,2438,2432,2404,2357,2247,2229,2083,1977,1860,1781,1751,1744,1767,1818,1914,2021,2018,2149,2228,2296,2371,2366,2411,2544,2559,2632,2635,2661,2660,2676,2675,2682,2755,2710,2714,2701,2713,2700,2764,2712,2700,2695,2698,2697,2710,2772,2766,2701,2699,2702,2693,2679,2674,2674,2662,2661,2636,2625,2625,2605,2600,2623,2609,2650,2669,2692,2706,2704,2718,2718,2709,2721,2720,2709,2721,2705,2709,2773,2719,2770,2706,2713,2696,2696,2699,2690,2694,2693,2683,2681,2695,2744,2692,2682,2692,2745,2660,2683,2694,2678,2704,2718,2709,2720,2786,2707,2708,2720,2722,2709,2721,2708,2721
StaplesBox,2718,2710,2721,2710,2720,2709,2774,2721,2721,2778,2785,2721,2709,2786,2721,2784,2720,2721,2774,2708,2719,2720,2710,2722,2708,2786,2710,2713,2721,2721,2708,2709,2718,2782,2709,2721,2709,2708,2709,2775,2716,2706,2774,2716,2722,2710,2717,2782,2719,2720,2718,2700,2686,2701,2687,2690,2709,2717,2704,2784,2707,2720,2720,2785,2773,2709,2721,2721,2720,2718,2716,2719,2708,2708,2720,2710,2714,2711,2757,2696,2665,2664,2652,2628,2659,2674,2674,2665,2691,2690,2698,2712,2702,2708,2710,2704,2701,2710,2699,2744,2713,2704,2700,2712,2701,2708,2704,2716,2716,2714,2772,2717,2709,2772,2773,2778,2696,2694,2689,2692,2691,2697,2697,2709,2687,2682,2694,2657,2661,2634,2627,2611,2592,2559,2527,2528,2517,2534,2578,2594,2638,2623,2655,2670,2670,2739,2744,0,2673,2685,0,2664,2664,2651,2649,2695,0,2581,2538,0,2538,2616,0,2614,2614,0,2510,2510,0,2461,2382,0,2387,2400,0,2413,2427,0,2528,2433,0,2405,2468,0,2387,2391,0,2423,2441,0,2424,2416,0,2285,2280,0,2118,1985,0,1873,1772,0,1759,1754,0,1825,1931,1920,2033,2148,2236,2278,2348,2412,2486,2489,2611,2620,2641,2675,2674,2675,2664,2748,2747,2708,2708,2700,2713,2697,2712,2762,2704,2701,2705,2696,2708,2773,2687,2701,2699,2683,2694,2668,2675,2673,2658,2638,2638,2614,2669,2620,2604,2611,2611,2660,2651,0,2675,2694,0,2701,2704,0,2707,2719,0,2720,2720,2708,2709,2720,2774,2720,2709,2716,2715,2701,2709,2709,2698,2687,2694,2683,2687,2693,2672,2745,2692,2680,2694,2738,2673,2662,2687,2713,2717,2720,2709,2720,2720,2719,2708,2718,2707,2719,2709,2721,2721,2774,2719,2721,2716,2709,2721,2710,2721,2784,2707,2721
StaplesBox,2709,2716,2708,2710,2709,2717,2720,2707,2710,2721,2772,2761,2709,2721,2785,2721,2720,2709,2774,2710,2721,2720,2719,2774,2717,2786,2710,2719,2786,2784,2721,2710,2771,2720,2718,2711,2720,2715,2710,2713,2694,2682,2700,2712,2711,2718,2770,2720,2720,2716,2707,2719,2717,2708,2721,2708,2721,2722,2719,2709,2720,2710,2717,2719,2719,2771,2716,2698,2691,2663,2641,2647,2658,2674,2671,2672,2693,2693,2706,2701,2709,2709,2700,2706,2709,2707,2702,2711,2713,2715,2704,2701,2713,2701,2710,2713,2709,2713,2719,2709,2707,2719,2706,2708,2718,2701,2693,2676,2690,2696,2708,2708,2696,2700,2693,2737,2673,2647,2623,2608,2583,2572,2613,2536,2519,2534,2553,2578,2620,2637,2646,2735,2739,2685,2758,2684,2667,2671,2680,2725,2638,2619,2618,2567,2547,2542,2549,2556,2543,2505,2450,2455,2402,2376,2381,2426,2445,2460,2470,2419,2417,2385,2408,2414,2434,2433,2435,2436,2424,2369,2254,2088,1974,1858,1779,1779,1828,1765,1823,1823,1924,2032,2132,2232,2299,2303,2365,2416,2506,2631,2621,2660,2675,2684,2749,2673,2673,2682,2758,2705,2774,2713,2707,2705,2776,2712,2694,2696,2698,2759,2694,2761,2701,2697,2700,2689,2682,2672,2686,2657,2661,2643,2635,2621,2613,2609,2610,2609,2682,2614,2712,2743,2685,2707,2712,2704,2720,2720,2719,2719,2718,2707,2714,2773,2721,2772,2705,2768,2709,2693,2705,2701,2700,2695,2683,2683,2674,2683,2682,2691,2686,2744,2673,2753,2771,2717,2719,2708,2721,2784,2718,2707,2709,2720,2721,2785,2721,2711,2718,2715,2720,2721,2721,2707,2719,2784,2710,2721,2773,2721,2720,2708,2722,2721,2717,2708,2710,2719,2708,2721,2708,2722,2721,2720,2784,2707,2710,2722,2710,2723,2719,2708,2721,2710,2711,2710,2711,2718,2707,2710
StaplesBox,2711,2707,2719,2774,2708,2709,2785,2720,2710,2713,2717,2705,2708,2696,2682,2687,2697,2696,2715,2782,2706,2720,2784,2718,2785,2721,2773,2785,2709,2707,2721,2710,2719,2708,2720,2709,2714,2719,2717,2715,2710,2709,2687,2672,2649,2638,2728,2667,2664,2736,2682,2708,2711,2710,2766,2707,2700,2702,2711,2701,2712,2712,2700,2715,2704,2705,2713,2701,2704,2701,2782,2718,2706,2719,2719,2707,2704,2707,2707,2712,2700,2677,2692,2703,2765,2709,2708,2692,2695,2681,2681,2664,2647,2616,2599,2582,2573,2552,2546,2534,2528,2550,2643,2615,2647,2638,2662,2672,2689,2693,2683,2669,2672,2683,2666,2652,2623,2612,2578,2537,2536,2548,2559,2551,2538,2504,2520,2410,2379,2400,2376,2395,2517,2476,2472,2463,2416,2395,2419,2401,2424,2432,2446,2432,2427,2360,2426,2242,2088,2034,1841,1838,1775,1749,1776,1892,1830,1938,2104,2132,2234,2235,2303,2362,2428,2504,2567,2635,2671,2675,2683,2665,2673,2675,2701,2773,2713,2707,2775,2712,2712,2698,2701,2706,2709,2696,2709,2708,2707,2687,2701,2680,2682,2694,2679,2684,2673,2648,2621,2623,2618,2610,2600,2621,2623,2720,2664,2669,2694,2708,2704,2718,2718,2714,2720,2715,2773,2721,2720,2720,2786,2784,2707,2704,2712,2708,2708,2683,2757,2684,2683,2683,2674,2694,2692,2742,2692,2742,2664,2672,2666,2706,2715,2716,2709,2722,2711,2721,2721,2717,2709,2718,2710,2720,2720,2721,2709,2721,2719,2709,2721,2710,2709,2722,2721,2709,2721,2721,2712,2720,2709,2710,2721,2721,2732,2720,2719,2722,2721,2721,2709,2711,2785,2708,2726,2720,2709,2719,2783,2710,2711,2715,2711,2721,2720,2719,2719,2723,2709,2785,2774,2714,2710,2709,2719,2708,2720,2719,2715,2697,2756,2766,2697,2695,2713,2770,2704,2718,2707,2708
StaplesBox,2710,2721,2775,2709,2715,2715,2709,2782,2721,2772,2709,2718,2708,2719,2782,2762,2700,2691,2683,2659,2650,2645,2656,2676,2691,2702,2702,2696,2705,2712,2712,2710,2713,2713,2711,2776,2712,2701,2717,2704,2777,2712,2704,2709,2715,2705,2719,2773,2709,2709,2720,2705,2704,2736,2704,2691,2681,2765,2708,2707,2770,2701,2702,2691,2682,2672,2659,2635,2594,2588,2568,2552,2546,2535,2523,2606,2579,2595,2627,2650,2673,2673,2666,2687,2684,2672,2684,2661,2658,2638,2637,2602,2554,2549,2547,2557,2559,2557,2507,2471,2416,2385,2374,2381,2411,2426,2468,2461,2471,2445,2375,2386,2411,2425,2445,2438,2440,2416,2386,2398,2290,2185,1991,1874,1769,1760,1823,1833,1886,1926,2032,2142,2308,2303,2342,2421,2426,2491,2552,2623,2607,2647,2657,2679,2675,2684,2691,2698,2706,2701,2765,2775,2712,2767,2709,2702,2707,2697,2705,2698,2700,2691,2690,2696,2691,2676,2693,2674,2661,2659,2649,2647,2630,2615,2623,2618,2669,2606,2617,2636,2649,2668,2681,2758,2697,2713,2716,2718,2720,2721,2721,2708,2720,2719,2720,2712,2715,2717,2780,2704,2708,2706,2696,2701,2681,2693,2692,2687,2675,2686,2690,2679,2682,2680,2664,2672,2681,2698,2716,2707,2774,2718,2711,2719,2721,2708,2709,2720,2721,2773,2707,2720,2718,2710,2707,2709,2719,2712,2718,2719,2721,2708,2721,2716,2707,2721,2774,2719,2710,2716,2773,2721,2709,2708,2784,2771,2708,2721,2710,2718,2720,2710,2708,2721,2722,2709,2722,2708,2773,2719,2708,2720,2721,2721,2721,2721,2708,2720,2719,2710,2720,2720,2718,2784,2772,2718,2699,2702,2685,2692,2693,2708,2715,2715,2717,2718,2771,2720,2719,2708,2721,2720,2709,2710,2721,2721,2718,2718,2719,2722,2721,2708,2706,2707,2701,2690,2696,2675,2660,2635
