Starbucks,2111,2088,2088,2146,2078,2087,2113,2175,2180,2217,2254,2347,2321,2332,2356,2384,2365,2371,2376,2372,2356,2366,2347,2350,2348,2349,2330,2335,2356,2419,2373,2377,2413,2403,2407,2416,2410,2408,2472,2401,2391,2386,2447,2457,2394,2393,2400,2381,2387,2459,2407,2432,2425,2402,2401,2400,2405,2400,2411,2409,2388,2387,2389,2453,2381,2377,2381,2370,2360,2366,2379,2396,2387,2378,2397,2394,2376,2375,2369,2372,2380,2376,2367,2367,2377,2424,2367,2415,2352,2421,2355,2366,2363,2356,2364,2369,2419,2366,2365,2420,2365,2369,2353,2369,2367,2340,2342,2351,2353,2409,2348,2333,2338,2335,2330,2323,2311,2324,2320,2316,2320,2320,2316,2317,2320,2332,2322,2328,2326,2332,2335,2330,2337,2335,2330,2326,2343,2344,2350,2345,2356,2367,2359,2367,2369,2378,2395,2402,2401,2391,2401,2425,2428,2432,2424,2417,2414,2415,2498,2440,2439,2432,2442,2444,2432,2432,2441,2428,2442,2425,2443,2503,2424,2414,2411,2417,2471,2429,2416,2423,2420,2416,2417,2441,2432,2435,2500,2427,2419,2468,2476,2403,2404,2411,2394,2439,2355,2370,2358,2345,2349,2323,2323,2330,2322,2400,2350,2340,2346,2353,2360,2357,2365,2362,2398,2414,2401,2402,2425,2415,2473,2427,2420,2412,2384,2429,2441,2379,2374,2370,2369,2363,2375,2376,2400,2400,2396,2471,2412,2401,2421,2441,2445,2432,2442,2424,2393,2396,2381,2357,2352,2320,2310,2296,2322,2254,2236,2247,2240,2227,2222,2240,2242,2247,2246,2314,2274,2289,2299,2325,2317,2310,2381,2321,2303,2364,2303,2294,2280,2276,2325,2269,2266,2269,2270,2342,2279,2338,2246,2246,2194,2153,2120,2134,2127,2103,2082,2094,2084,2090,2127,2173,2219,2265,2293,2286,2321,2349,2360,2383,2374,2371,2380,2372,2365,2400,2354,2353,2349,2347
Starbucks,2362,2364,2357,2380,2384,2388,2398,2414,2464,2420,2413,2409,2411,2386,2391,2391,2456,2396,2397,2389,2393,2391,2463,2412,2411,2400,2411,2412,2415,2409,2462,2400,2411,2404,2398,2448,2400,2385,2379,2436,2371,2362,2363,2356,2379,2387,2393,2394,2390,2400,2391,2440,2369,2380,2382,2433,2432,2370,2378,2357,2356,2347,2370,2359,2367,2356,2356,2356,2366,2418,2360,2369,2352,2427,2347,2361,2367,2357,2348,2343,2345,2343,2351,2407,2343,2327,2333,2329,2328,2326,2326,2320,2319,2312,2312,2320,2319,2315,2324,2309,2313,2337,2338,2328,2333,2326,2324,2332,2339,2324,2328,2343,2350,2348,2407,2330,2411,2365,2355,2372,2366,2372,2395,2410,2392,2411,2425,2419,2413,2421,2416,2425,2424,2421,2486,2439,2499,2440,2428,2488,2439,2435,2434,2439,2428,2491,2442,2422,2420,2426,2426,2428,2419,2407,2413,2426,2432,2479,2424,2423,2416,2436,2423,2433,2438,2432,2415,2416,2406,2412,2416,2408,2384,2364,2370,2364,2357,2338,2342,2332,2336,2337,2329,2336,2340,2343,2341,2355,2341,2352,2355,2367,2385,2389,2395,2409,2394,2426,2419,2415,2417,2419,2410,2386,2379,2372,2443,2380,2377,2372,2380,2385,2381,2381,2377,2380,2410,2405,2432,2429,2432,2441,2439,2412,2414,2409,2385,2364,2348,2315,2322,2303,2273,2261,2224,2247,2240,2241,2225,2243,2241,2236,2260,2264,2270,2273,2300,2303,2316,2340,2330,2315,2377,2303,2302,2285,2281,2287,2339,2263,2269,2280,2275,2287,2346,2289,2284,2272,2218,2180,2140,2125,2126,2107,2104,2083,2079,2086,2095,2141,2249,2191,2243,2264,2367,2338,2328,2412,2361,2376,2438,2367,2435,2361,2358,2352,2351,2339,2351,2354,2342,2341,2364,2371,2380,2387,2404,2412,2401,2419,2421,2470,2410,2381,2390,2393,2386,2395,2390,2394
Starbucks,2456,2414,2411,2401,2409,2427,2396,2414,2411,2408,2469,2395,2377,2400,2398,2392,2382,2382,2381,2384,2369,2364,2438,2396,2397,2389,2395,2375,2392,2398,2383,2383,2374,2374,2372,2377,2350,2365,2365,2357,2357,2371,2359,2366,2365,2357,2360,2366,2348,2366,2411,2355,2351,2426,2350,2367,2419,2366,2357,2344,2351,2352,2350,2351,2334,2340,2329,2323,2335,2328,2374,2324,2312,2318,2310,2312,2320,2321,2319,2310,2377,2336,2338,2329,2339,2339,2396,2338,2335,2351,2348,2354,2336,2338,2342,2355,2421,2365,2367,2384,2389,2407,2415,2412,2391,2425,2425,2419,2422,2424,2410,2418,2445,2437,2442,2441,2438,2500,2437,2432,2496,2439,2427,2440,2432,2416,2439,2478,2480,2429,2423,2416,2425,2420,2420,2424,2427,2407,2407,2416,2440,2438,2444,2435,2426,2416,2416,2404,2410,2391,2384,2374,2369,2366,2366,2347,2335,2335,2340,2339,2333,2395,2351,2350,2344,2337,2344,2365,2366,2384,2380,2395,2404,2403,2432,2422,2424,2424,2417,2412,2394,2445,2380,2378,2381,2372,2381,2363,2414,2380,2385,2387,2395,2414,2401,2460,2400,2417,2432,2432,2420,2413,2401,2396,2361,2340,2385,2297,2294,2256,2263,2259,2241,2240,2288,2231,2213,2216,2240,2255,2249,2260,2325,2352,2292,2289,2310,2327,2334,2320,2313,2302,2301,2303,2283,2265,2274,2276,2332,2285,2290,2276,2289,2279,2276,2238,2249,2168,2138,2130,2137,2123,2110,2088,2084,2079,2081,2116,2156,2214,2256,2260,2273,2378,2334,2365,2365,2366,2378,2438,2381,2385,2383,2353,2334,2412,2346,2343,2354,2341,2346,2349,2360,2437,2400,2393,2400,2409,2401,2425,2424,2469,2405,2411,2412,2453,2395,2443,2400,2398,2377,2386,2392,2398,2463,2414,2409,2401,2426,2432,2428,2398,2393,2407,2412,2409,2391,2378,2394,2367
Starbucks,2353,2366,2362,2369,2379,2371,2395,2390,2388,2386,2378,2384,2384,2374,2376,2381,2366,2370,2385,2374,2380,2418,2355,2362,2371,2360,2362,2354,2364,2369,2358,2362,2366,2358,2362,2365,2416,2355,2357,2352,2353,2355,2360,2403,2352,2345,2399,2340,2334,2337,2328,2333,2324,2335,2328,2323,2308,2320,2321,2320,2316,2315,2313,2321,2332,2326,2325,2338,2319,2396,2320,2335,2350,2349,2408,2350,2354,2348,2353,2350,2363,2355,2384,2382,2376,2395,2386,2406,2402,2412,2400,2426,2428,2422,2426,2477,2479,2481,2426,2433,2440,2440,2496,2432,2439,2432,2441,2438,2443,2440,2439,2441,2424,2432,2416,2425,2412,2417,2406,2418,2426,2424,2482,2426,2422,2432,2434,2432,2441,2434,2486,2424,2426,2486,2413,2459,2395,2367,2373,2432,2365,2363,2347,2335,2338,2338,2334,2333,2411,2351,2353,2345,2353,2342,2348,2360,2372,2384,2378,2457,2400,2423,2480,2425,2421,2414,2407,2448,2384,2384,2374,2369,2370,2437,2383,2382,2380,2380,2386,2396,2409,2414,2411,2408,2416,2436,2442,2438,2426,2407,2386,2383,2377,2356,2334,2361,2351,2279,2256,2247,2236,2243,2245,2225,2216,2226,2235,2264,2259,2265,2290,2291,2309,2303,2311,2316,2319,2318,2324,2369,2303,2303,2344,2272,2289,2270,2260,2274,2279,2293,2272,2282,2290,2255,2320,2210,2163,2151,2136,2133,2136,2105,2098,2092,2088,2079,2100,2148,2251,2240,2236,2265,2303,2329,2338,2362,2385,2382,2369,2373,2370,2358,2352,2339,2414,2349,2348,2342,2344,2347,2355,2362,2372,2400,2413,2406,2407,2416,2429,2424,2400,2391,2386,2398,2400,2390,2452,2394,2382,2387,2395,2400,2401,2407,2393,2412,2423,2467,2412,2413,2405,2415,2393,2386,2396,2400,2384,2380,2377,2381,2367,2365,2375,2380,2372,2396,2392,2400,2398,2396
Starbucks,2371,2367,2377,2379,2383,2376,2366,2379,2371,2360,2364,2360,2365,2362,2364,2365,2346,2364,2365,2360,2360,2348,2356,2367,2364,2346,2366,2364,2357,2365,2354,2345,2350,2346,2352,2345,2389,2335,2329,2396,2333,2325,2324,2310,2302,2311,2309,2317,2377,2320,2317,2380,2325,2328,2325,2330,2327,2335,2322,2352,2354,2345,2408,2350,2339,2398,2358,2353,2374,2381,2380,2395,2407,2406,2415,2409,2402,2410,2476,2417,2425,2419,2480,2426,2427,2432,2439,2435,2441,2435,2500,2439,2432,2432,2439,2486,2419,2429,2493,2424,2420,2426,2421,2417,2426,2415,2473,2429,2435,2443,2433,2434,2439,2432,2423,2418,2415,2429,2480,2411,2397,2398,2392,2374,2353,2350,2342,2349,2338,2395,2334,2385,2328,2355,2350,2350,2341,2347,2413,2410,2365,2365,2378,2387,2400,2394,2432,2426,2422,2421,2424,2406,2390,2393,2455,2363,2377,2377,2372,2379,2356,2380,2370,2388,2385,2386,2408,2415,2400,2417,2444,2443,2437,2440,2413,2394,2361,2422,2343,2314,2324,2347,2274,2250,2263,2239,2296,2226,2216,2235,2244,2242,2237,2244,2279,2266,2289,2303,2315,2337,2332,2315,2322,2375,2303,2302,2282,2291,2279,2334,2275,2265,2264,2268,2275,2276,2288,2266,2232,2220,2181,2149,2195,2136,2118,2106,2100,2141,2084,2143,2122,2185,2174,2228,2256,2347,2293,2339,2327,2367,2364,2376,2374,2382,2362,2379,2367,2397,2353,2403,2350,2341,2341,2346,2369,2364,2376,2363,2395,2402,2401,2454,2420,2426,2405,2469,2409,2395,2398,2397,2393,2386,2397,2390,2395,2394,2406,2410,2409,2401,2416,2411,2405,2406,2409,2414,2415,2406,2376,2393,2397,2382,2370,2382,2381,2360,2355,2362,2372,2393,2393,2453,2397,2390,2384,2381,2374,2440,2428,2440,2380,2383,2371,2366,2365,2354,2357,2357,2361,2369
Starbucks,2352,2365,2356,2363,2361,2427,2365,2357,2367,2364,2369,2357,2364,2341,2349,2342,2342,2354,2341,2335,2335,2339,2323,2326,2301,2367,2300,2311,2318,2324,2377,2318,2314,2382,2319,2329,2335,2334,2332,2319,2385,2326,2396,2318,2404,2353,2354,2342,2349,2339,2366,2357,2346,2375,2391,2448,2414,2412,2406,2412,2422,2416,2425,2410,2419,2476,2416,2441,2441,2434,2483,2439,2434,2440,2439,2444,2440,2439,2434,2413,2414,2432,2423,2418,2426,2414,2432,2417,2412,2419,2426,2420,2428,2413,2429,2440,2445,2438,2485,2426,2422,2424,2416,2400,2403,2387,2384,2383,2434,2364,2363,2350,2349,2342,2324,2329,2318,2325,2352,2346,2346,2347,2340,2335,2414,2366,2365,2373,2448,2414,2412,2403,2425,2413,2419,2480,2422,2406,2377,2435,2384,2377,2440,2379,2358,2372,2375,2383,2377,2397,2396,2414,2402,2411,2408,2483,2444,2440,2441,2411,2397,2388,2385,2380,2344,2335,2303,2284,2290,2273,2252,2226,2240,2243,2242,2237,2233,2232,2260,2266,2279,2277,2350,2303,2302,2335,2327,2324,2320,2318,2303,2300,2294,2291,2274,2320,2337,2330,2279,2275,2289,2281,2350,2319,2211,2185,2175,2217,2134,2128,2124,2119,2166,2077,2064,2090,2134,2186,2223,2264,2261,2273,2317,2352,2352,2356,2380,2446,2380,2376,2384,2365,2417,2352,2355,2340,2337,2347,2351,2338,2366,2364,2365,2382,2388,2392,2410,2478,2426,2424,2407,2471,2393,2389,2375,2387,2378,2391,2397,2392,2459,2396,2474,2403,2409,2426,2416,2400,2412,2407,2411,2411,2404,2396,2395,2376,2372,2381,2371,2364,2365,2348,2382,2387,2390,2396,2395,2390,2400,2393,2385,2371,2381,2447,2369,2365,2374,2427,2359,2371,2355,2363,2355,2357,2350,2350,2429,2428,2370,2363,2365,2365,2365,2425,2365,2358,2353,2355,2366,2343
Starbucks,2409,2413,2350,2332,2330,2327,2389,2337,2334,2303,2318,2318,2311,2321,2321,2309,2320,2315,2311,2384,2317,2325,2336,2392,2316,2340,2323,2331,2326,2341,2340,2348,2343,2353,2339,2369,2382,2385,2389,2392,2405,2411,2408,2393,2432,2420,2409,2427,2420,2414,2432,2421,2429,2438,2486,2439,2433,2429,2491,2434,2445,2438,2485,2494,2435,2426,2424,2417,2490,2432,2422,2424,2425,2429,2486,2414,2433,2443,2439,2427,2427,2419,2419,2416,2419,2419,2402,2391,2375,2388,2370,2365,2349,2406,2340,2329,2336,2335,2334,2321,2353,2344,2338,2408,2337,2365,2370,2385,2379,2392,2408,2401,2416,2428,2421,2485,2425,2411,2400,2397,2363,2363,2381,2375,2367,2373,2384,2372,2369,2391,2396,2416,2414,2405,2402,2424,2441,2439,2507,2421,2421,2384,2372,0,2365,2326,0,2313,2282,0,2263,2243,2233,2230,2235,2207,2234,2228,2252,2262,2276,2282,2293,2293,2313,2335,0,2323,2312,0,2316,2303,0,2298,2292,0,2284,2279,0,2272,2274,0,2280,2269,0,2283,2278,2278,0,2253,2223,2169,2184,2147,2128,0,2128,2109,0,2152,2090,2076,2146,2072,2126,2184,2180,2217,2262,2287,2315,2323,2340,2348,2366,2372,2374,2370,2380,2363,2413,2350,2343,2337,2348,2412,2353,2349,2356,2365,2380,2367,2388,2388,2401,2417,0,2432,2407,0,2421,2458,0,2392,2393,0,2397,2396,2390,0,2392,2377,0,2386,2397,0,2406,2401,0,2472,2416,2416,2426,2415,2410,2414,2412,2412,2384,2396,2393,2387,2385,2380,2374,2355,2358,2374,2395,2444,2386,2397,2395,2390,2372,2365,2384,2361,2382,2371,2381,2380,2362,2367,2352,2361,2366,2365,2356,2360,2362,2425,2365,2355,2370,2366,2356,2357,2356,2354,2355,2363,2359,2355,2352,2349,2410,2334,2348,2345
Starbucks,2385,2331,2327,2393,2321,2324,2316,2315,2321,2321,2320,2317,2325,2320,2311,2328,2338,2330,2335,2326,2329,2338,2332,2342,2349,2341,2408,2333,2342,2355,2367,2432,2390,2385,2445,2411,2454,2405,2400,2406,2417,2427,2418,2424,2416,2411,2432,2434,2424,2433,2439,2429,2432,2442,2443,2432,2419,2417,2421,2417,2444,2438,2423,2415,2426,2424,2432,2428,2412,2425,2422,2444,2440,2438,2432,2426,2425,2426,2475,2416,2482,2409,2403,2398,2376,2369,2422,2407,2348,2350,2339,2386,2335,2332,2335,2349,2353,2341,2349,2340,2341,2346,2359,2425,2426,2370,2380,2392,2401,2424,2427,2420,2426,2416,2425,2414,2399,2387,2395,2441,2379,2373,2381,2365,2363,2441,2367,2371,2396,2404,2398,2415,2463,2425,2426,2432,2443,2437,2413,2411,2380,2360,2367,2349,2319,2299,2303,2275,2261,2299,2243,2238,2243,2215,2231,2241,2235,2261,2331,2296,2292,2298,2311,2320,2331,2310,2320,2303,2365,2298,2284,2351,2275,2265,2273,2275,2293,2281,2290,2279,2259,2288,2173,2148,2126,2136,2118,2104,2078,2069,2088,2128,2174,2232,2226,2303,2280,2315,2367,2326,2365,2365,2382,2374,0,2365,2365,2362,0,0,2346,2350,2347,2335,2342,2352,2336,2356,2365,2371,2453,2389,2412,2460,2473,2473,2412,2406,2403,2385,2400,2389,2400,2396,2392,2392,2397,2411,2413,2414,2412,2411,2411,2398,2401,2470,2405,2416,2464,2382,2385,2394,2361,2441,2378,2356,2370,2373,2396,2387,2390,2399,2396,2392,2457,2389,2365,2381,2429,2372,2381,2365,2357,2369,2354,2357,2366,2363,2356,2409,2355,2361,2367,2348,2359,2355,2412,2425,2354,2354,2354,0,2354,2354,0,2340,2404,0,2348,2340,0,2353,2350,0,2328,2386,0,2330,2393,0,2328,2371,2321,2312,2303,2320,2303,2321,2325,2340
Starbucks,2325,2327,2328,2329,2392,2333,2333,2335,2350,2346,2352,2349,2352,2414,2364,2385,2371,2393,2411,2399,2407,2414,2420,2432,2432,2421,2426,2425,2425,2432,2440,2432,2443,2433,2432,2437,2499,2444,2426,2432,2427,2481,2421,2425,2416,2416,2420,2484,2414,2416,2432,2420,2419,2426,2411,2441,2440,2425,2432,2428,2419,2425,2426,2413,2414,2398,2384,2379,2357,2366,2335,2355,2352,2328,2335,2326,2327,2344,2349,2354,2341,2350,2337,2367,2366,2372,2367,2393,2410,2392,2430,2419,2424,2422,2413,2396,2400,2384,2379,2376,2376,2384,2377,2371,2381,2380,2363,2396,2387,2416,2400,2407,2412,2426,2445,2491,2440,2436,2427,2409,2375,2353,2337,2347,2380,2272,2273,2279,2250,2228,2233,2229,2242,2244,2233,2238,2261,2313,2277,2294,2284,2299,2321,2321,2325,2325,2303,2312,2303,2303,2283,2288,2287,2328,2268,2269,2293,2290,2280,2283,2275,2242,2259,2203,2179,2141,2128,2138,2136,2119,2088,2086,2086,2079,2096,2150,2197,2237,2243,2331,2295,2310,2400,2357,2371,2367,2373,2382,2362,2424,2350,2353,2343,2350,2341,2351,2347,2354,2351,2425,2379,2395,2468,2410,2408,2426,2424,2432,2427,2410,2407,2396,2387,2388,2386,2391,2441,2395,2386,2384,2470,2411,2401,2432,2425,2427,2393,2469,2471,2410,2405,2447,2400,2393,2396,2392,2374,2383,2377,2420,2349,2364,2384,2384,2393,2451,2397,2395,2387,2395,2370,2380,2361,2370,2381,2363,2381,2364,2358,2367,2354,2415,2365,2359,2353,2346,2366,2357,2365,2418,2366,2366,2370,2356,2362,2360,2352,2362,2422,2369,2353,2410,2400,2350,2346,2339,2320,2334,2332,2328,2319,2321,2324,2321,2316,2373,2367,2314,2324,2365,2322,2340,2323,2335,2327,2339,2333,2391,2328,2329,2409,2346,2395,2354,2340,2366,2358,2367,2384,2366
Starbucks,2400,2403,2470,2463,2410,2477,2414,2416,2426,2420,2432,2417,2419,2440,2436,2445,2443,2432,2432,2444,2434,2444,2439,2436,2417,2428,2415,2416,2413,2409,2416,2425,2418,2425,2422,2416,2442,2445,2440,2439,2434,2421,2420,2420,2416,2421,2469,2385,2394,2397,2381,2355,2352,2356,2352,2337,2329,2337,2335,2319,2342,2350,2342,2332,2341,2342,2366,2366,2353,2440,2393,2403,2414,2402,2481,2426,2407,2420,2408,2390,2386,2392,2375,2372,2376,2378,2384,2384,2381,2378,2388,2397,2386,2406,2400,2411,2479,2444,2428,2432,2432,2409,2400,2399,2432,2366,2332,2325,2303,2279,2253,2253,2242,2233,2247,2234,2233,2238,2233,2233,2250,2268,2289,2345,2303,2371,2335,2335,2314,2315,2303,2300,2285,2286,2281,2275,2260,2263,2268,2288,2294,2288,2276,2318,2262,2207,2240,2149,2121,2136,2118,2108,2084,2093,2079,2104,2141,2197,2243,2245,2275,2288,2312,2348,2349,2367,2381,2380,2435,2376,2373,2353,2352,2349,2351,2352,2348,2408,2336,2360,2365,2357,2384,2397,2401,2412,2428,2425,2426,2411,2393,2415,2400,2387,2397,2394,2386,2396,2391,2389,2398,2408,2400,2411,2402,2426,2463,2413,2408,2412,2412,2398,2390,2456,2376,2392,2396,2389,2371,2372,2356,2357,2381,2395,2388,2397,2400,2399,2387,2391,2380,2371,2371,2386,2385,2384,2379,2432,2370,2360,2356,2361,2367,2353,2370,2367,2365,2417,2354,2363,2366,2366,2346,2362,2367,2365,2357,2406,2343,2355,2352,2331,2349,2354,2332,2331,2340,2335,2335,2333,2318,2321,2370,2321,2318,2376,2316,2325,2316,2323,2335,2334,2321,2331,2339,2334,2321,2327,2330,2392,2341,2347,2407,2345,2335,2356,2366,2362,2382,2372,2391,2456,2409,2404,2411,2425,2420,2417,2413,2410,2427,2427,2417,2417,2444,2498,2429,2496,2440,2432
Starbucks,2421,2440,2435,2439,2483,2485,2425,2420,2422,2416,2427,2426,2420,2422,2420,2416,2425,2436,2433,2441,2432,2432,2421,2426,2425,2401,2400,2394,2446,2383,2378,2425,2363,2349,2340,2320,2337,2335,2332,2405,2344,2343,2353,2345,2347,2412,2359,2363,2366,2371,2389,2398,2425,2417,2416,2429,2426,2424,2400,2381,2372,2383,2384,2373,2380,2371,2369,2371,2384,2369,2377,2454,2473,2414,2401,2421,2445,2441,2491,2499,2423,2416,2380,2379,2414,2352,2346,2310,2354,2274,2248,2246,2243,2228,2233,2243,2285,2234,2243,2227,2316,2273,2349,2294,2287,2296,2320,2324,2300,2320,2324,2320,2302,2291,2286,2272,2259,2265,2334,2275,2278,2292,2289,2289,2269,2221,2171,2172,2151,2128,2172,2122,2116,2159,2089,2064,2088,2133,2172,2223,2225,2319,2290,2325,2339,2337,2360,2366,2372,2381,2367,2359,2355,2344,2341,2334,2346,2349,2400,2348,2365,2384,2373,2383,2392,2410,2414,2412,2425,2413,2414,2400,2408,2383,2394,2393,2394,2389,2387,2395,2379,2396,2409,2405,2409,2426,2468,2414,2460,2406,2404,2470,2401,2387,2389,2395,2394,2389,2381,2373,2382,2380,2415,2377,2383,2375,2386,2386,2385,2392,2397,2384,2380,2378,2440,2380,2372,2366,2372,2375,2380,2367,2367,2356,2361,2366,2366,2370,2365,2356,2425,2357,2357,2365,2364,2367,2354,2357,2367,2359,2369,2366,2349,2341,2340,2344,2350,2338,2322,2338,2333,2334,2338,2334,2318,2321,2320,2321,2310,2315,2302,2311,2318,2318,2325,2331,2337,2393,2334,2331,2336,2328,2330,2319,2341,2352,2354,2345,2400,2332,2353,2356,2378,2381,2434,2395,2402,2401,2394,2421,2429,2424,2412,2414,2425,2425,2487,2419,2432,2442,2438,2432,2441,2432,2493,2440,2443,2442,2428,2411,2429,2426,2432,2427,2424,2417,2425,2432,2422,2473
Starbucks,2417,2416,2440,2442,2496,2439,2438,2432,2421,2416,2426,2409,2404,2456,2379,2432,2366,2366,2367,2350,2340,2328,2324,2335,2392,2355,2344,2350,2350,2345,2353,2369,2364,2349,2385,2386,2410,2429,2486,2426,2426,2416,2407,2389,2400,2377,2364,2382,2378,2381,2366,2382,2425,2395,2399,2405,2401,2409,2409,2417,2444,2443,2496,2442,2423,2414,2375,2367,2344,2348,2381,2303,2290,2280,2257,2237,2244,2238,2243,2242,2237,2235,2243,2257,2269,2278,2294,2320,2323,2316,2325,2391,2303,2310,2321,2303,2297,2294,2269,2270,2278,2273,2266,2352,2289,2283,2283,2272,2290,2184,2153,2145,2132,2125,2121,2165,2092,2086,2073,2086,2139,2175,2223,2227,2259,2286,2384,2334,2335,2365,2358,2378,2374,2375,2438,2366,2362,2408,2350,2355,2346,2349,2342,2403,2354,2374,2394,2406,2394,2402,2416,2432,2424,2483,2410,2403,2397,2395,2391,2396,2395,2390,2394,2396,2397,2404,2404,2409,2476,2416,2425,2416,2410,2401,2400,2459,2458,2448,2388,2386,2371,2381,2374,2375,2373,2355,2357,2377,2396,2392,2390,2457,2384,2452,2426,2443,2382,2385,2371,2382,2380,2373,2369,2359,2353,2366,2364,2357,2351,2355,2366,2370,2349,2417,2358,2413,2361,2367,2363,2356,2367,2363,2357,2357,2348,2352,2332,2333,2332,2328,2328,2333,2328,2325,2320,2317,2372,2320,2321,2320,2320,2311,2321,2314,2316,2319,2381,2327,2331,2322,2327,2328,2334,2336,2345,2351,2408,2340,2335,2356,2341,2356,2357,2370,2371,2398,2388,2440,2411,2409,2472,2427,2420,2480,2426,2416,2427,2427,2419,2433,2443,2440,2437,2442,2434,2428,2442,2438,2441,2424,2432,2432,2440,2424,2429,2412,2478,2488,2424,2432,2426,2411,2488,2426,2437,2437,2441,2437,2432,2425,2422,2408,2419,2483,2408,2387,2393,2376,2422,2350
Starbucks,2329,2334,2329,2390,2330,2335,2327,2352,2348,2342,2351,2360,2360,2361,2434,2393,2401,2412,2422,2487,2423,2424,2470,2411,2403,2388,2395,2380,2371,2367,2385,2372,2381,2378,2376,2381,2388,2401,2411,2406,2414,2403,2411,2496,2440,2433,2414,2409,2390,2436,2367,2342,2303,2290,2283,2337,2313,2236,2228,2247,2240,2282,2227,2240,2244,2239,2257,2334,2290,2290,2289,2294,2317,2398,2323,2327,2321,2320,2309,2295,2354,2291,2275,2271,2274,2274,2284,2290,2261,2281,2334,2224,2191,2150,2127,2124,2123,2100,2107,2087,2137,2090,2188,2172,2211,2259,2261,2263,2302,2337,2354,2348,2355,2382,2370,2376,2383,2380,2363,2341,2349,2348,2350,2353,2350,2346,2425,2378,2386,2398,2412,2405,2472,2411,2414,2412,2407,2457,2387,2385,2393,2442,2397,2391,2390,2396,2393,2398,2412,2406,2410,2406,2404,2405,2400,2401,2405,2390,2395,2445,2390,2367,2375,2422,2379,2363,2370,2380,2362,2369,2392,2391,2396,2392,2390,2387,2366,2371,2382,2381,2371,2380,2377,2370,2364,2361,2357,2370,2366,2360,2352,2428,2409,2361,2355,2366,2361,2428,2356,2357,2356,2364,2421,2356,2356,2352,2340,2337,2345,2354,2341,2335,2325,2331,2337,2325,2320,2320,2316,2318,2320,2311,2315,2311,2373,2334,2333,2339,2339,2329,2325,2335,2385,2318,2349,2351,2333,2350,2348,2344,2348,2366,2366,2356,2372,2387,2389,2450,2400,2392,2415,2413,2480,2429,2416,2487,2424,2415,2419,2425,2421,2502,2432,2440,2432,2440,2426,2434,2444,2439,2436,2441,2478,2434,2440,2475,2421,2425,2424,2428,2425,2417,2417,2423,2420,2436,2445,2444,2439,2433,2485,2426,2421,2415,2426,2407,2411,2384,2372,2361,2358,2427,2349,2339,2327,2327,2330,2334,2326,2351,2350,2412,2350,2343,2338,2351,2366,2372,2370,2392
Starbucks,2417,2415,2426,2417,2482,2456,2405,2393,2369,2377,2381,2384,2372,2381,2379,2374,2394,2387,2383,2405,2400,2416,2409,2416,2440,2435,2432,2421,2427,2400,2376,2367,2364,2340,2325,2355,2281,2281,2259,2256,2261,2243,2235,2228,2245,2240,2234,2241,2249,2265,2286,2362,2303,2318,2321,2334,2316,2308,2372,2303,2296,2296,2291,2278,2269,2277,2278,2333,2267,2281,2295,2292,2287,2242,2211,2171,2166,2130,2189,2131,2132,2125,2075,2073,2150,2097,2161,2167,2196,2236,2277,2295,2382,2352,2347,2375,2385,2381,2377,2365,2423,2404,2343,2341,2350,2347,2410,2354,2347,2366,2378,2387,2401,2386,2409,2407,2483,2432,2424,2405,2402,2387,2389,2390,2446,2386,2380,2383,2386,2401,2415,2472,2392,2412,2412,2409,2396,2425,2403,2397,2406,2469,2385,2393,2396,2396,2457,2367,2371,2360,2353,2369,2390,2394,2394,2385,2395,2389,2396,2432,2381,2369,2379,2435,2378,2375,2371,2365,2360,2366,2357,2355,2364,2365,2360,2367,2366,2350,2356,2355,2360,2356,2365,2366,2354,2363,2423,2366,2365,2395,2343,2355,2346,2350,2332,2327,2334,2327,2315,2327,2312,2324,2315,2321,2320,2316,2303,2312,2313,2320,2326,2389,2337,2340,2339,2326,2318,2335,2340,2346,2341,2401,2350,2342,2359,2367,2369,2373,2398,2405,2398,2410,2403,2411,2421,2486,2422,2416,2407,2416,2432,2420,2487,2437,2496,2434,2432,2502,2441,2445,2435,2435,2434,2442,2438,2427,2434,2428,2426,2424,2425,2418,2420,2481,2424,2422,2418,2484,2429,2421,2440,2439,2496,2440,2409,2487,2425,2422,2397,2392,2383,2380,2379,2356,2365,2343,2343,2338,2380,2339,2332,2345,2411,2340,2354,2349,2397,2366,2353,2357,2372,2379,2384,2403,2428,2416,2426,2437,2407,2408,2410,2390,2372,2381,2381,2377,2372,2378,2372,2380
Starbucks,2405,2462,2400,2412,2420,2439,2440,2428,2437,2424,2385,2382,2382,2346,2351,2317,2302,2298,2269,2262,2241,2235,2234,2245,2238,2243,2242,2241,2259,2256,2260,2281,2303,2311,2328,2332,2324,2316,2380,2303,2288,2345,2295,2281,2275,2274,2270,2277,2288,2267,2278,2281,2254,2262,2266,2170,2148,2130,2131,2135,2111,2104,2092,2069,2059,2079,2135,2170,2203,2264,2263,2278,2302,2333,2345,2361,2363,2376,2371,2380,2365,2356,2350,2342,2345,2342,2402,2408,2403,2352,2361,2371,2381,2395,2452,2409,2400,2406,2396,2403,2410,2391,2454,2400,2393,2392,2395,2444,2390,2395,2407,2404,2400,2429,2483,2391,2423,2411,2405,2403,2412,2392,2449,2397,2457,2389,2385,2374,2372,2427,2361,2385,2381,2381,2386,2397,2395,2392,2385,2393,2371,2381,2374,2382,2380,2367,2382,2384,2361,2370,2369,2356,2360,2369,2364,2420,2356,2364,2360,2421,2364,2361,2354,2349,2365,2366,2359,2369,2349,2357,2352,2348,2343,2350,2346,2409,2335,2339,2336,2332,2389,2324,2337,2330,2312,2318,2316,2318,2316,2322,2315,2312,2328,2325,2337,2339,2337,2390,2322,2334,2396,2316,2406,2339,2347,2413,2354,2348,2356,2356,2381,2385,2367,2384,2383,2467,2410,2432,2414,2421,2426,2423,2429,2420,2427,2425,2428,2497,2432,2432,2430,2436,2440,2423,2443,2440,2425,2423,2427,2420,2432,2425,2476,2416,2411,2423,2484,2429,2419,2423,2426,2423,2433,2432,2440,2444,2421,2422,2408,2427,2427,2404,2392,2391,2375,2379,2367,2357,2367,2342,2344,2335,2339,2395,2334,2331,2353,2351,2352,2337,2345,2343,2369,2367,2419,2379,2392,2404,2403,2409,2422,2425,2422,2416,2422,2407,2387,2400,2398,2436,2379,2365,2437,2380,2384,2380,2378,2391,2400,2398,2408,2401,2424,2426,2436,2432,2427,2485,2407,2394
Starbucks,2325,2331,2313,2303,2342,2276,2251,2255,2295,2230,2234,2226,2246,2300,2242,2259,2269,2279,2274,2283,2303,2311,2333,2335,2324,2314,2318,2303,2303,2294,2272,2331,2273,2272,2270,2275,2280,2274,2290,2262,2240,2199,2183,2188,2196,2122,2122,2104,2143,2076,2074,2073,2137,2166,2203,2325,2278,2255,2360,2326,2348,2369,2367,2383,2376,2371,2369,2366,2366,2350,2342,2334,2341,2339,2352,2350,2357,2383,2390,2397,2415,2400,2426,2425,2405,2414,2407,2395,2457,2395,2448,2397,2394,2393,2403,2393,2399,2395,2406,2471,2397,2415,2401,2411,2414,2414,2411,2411,2391,2400,2387,2375,2371,2372,2433,2425,2364,2385,2380,2394,2387,2380,2384,2396,2387,2398,2381,2381,2378,2366,2381,2434,2380,2364,2356,2347,2427,2365,2360,2367,2409,2425,2365,2349,2369,2370,2355,2365,2364,2362,2366,2367,2354,2365,2344,2420,2336,2340,2354,2344,2354,2350,2334,2331,2328,2338,2338,2320,2324,2309,2321,2321,2313,2322,2317,2312,2329,2326,2333,2388,2337,2334,2327,2388,2380,2342,2354,2341,2340,2350,2333,2432,2367,2414,2380,2380,2390,2396,2389,2472,2409,2411,2410,2424,2416,2426,2432,2432,2426,2425,2440,2441,2442,2432,2499,2432,2432,2429,2432,2442,2444,2443,2432,2424,2421,2429,2425,2422,2409,2416,2415,2424,2416,2416,2432,2427,2420,2438,2432,2491,2432,2420,2410,2413,2480,2454,2410,2407,2387,2382,2374,2378,2357,2364,2407,2338,2334,2324,2337,2334,2332,2337,2340,2348,2334,2347,2341,2337,2364,2362,2367,2364,2447,2412,2397,2427,2469,2411,2416,2409,2406,2454,2376,2372,2380,2378,2433,2384,2377,2374,2432,2439,2386,2396,2460,2414,2409,2398,2421,2443,2432,2489,2441,2405,2395,2394,2376,2359,2335,2366,2354,2270,2276,2262,2244,2235,2247,2240,2243,2242
Starbucks,2255,2249,2330,2275,2289,2297,2303,2367,2324,2325,2317,2323,2303,2301,2291,2287,2273,2276,2279,2328,2276,2281,2343,2293,2256,2255,2231,2171,2150,2129,2123,2120,2108,2097,2075,2142,2108,2154,2203,2188,2290,2258,2293,2325,2310,2336,2364,2360,2382,2367,2384,2380,2352,2419,2353,2354,2343,2349,2341,2352,2344,2353,2361,2381,2395,2402,2414,2408,2428,2426,2432,2416,2414,2401,2398,2394,2387,2391,2400,2396,2394,2386,2377,2405,2410,2414,2418,2426,2406,2403,2404,2401,2461,2396,2399,2443,2396,2378,2373,2384,2379,2360,2367,2363,2386,2397,2394,2391,2394,2391,2385,2438,2382,2378,2374,2370,2373,2383,2365,2362,2358,2356,2357,2366,2365,2357,2428,2367,2362,2418,2366,2355,2361,2408,2422,2367,2353,2409,2351,2361,2365,2343,2346,2350,2340,2350,2350,2318,2336,2339,2388,2334,2333,2311,2324,2322,2321,2321,2321,2325,2323,2314,2321,2331,2382,2321,2326,2370,2337,2334,2335,2319,2354,2348,2345,2352,2352,2357,2356,2365,2360,2372,2397,2386,2411,2409,2467,2409,2420,2412,2408,2426,2426,2413,2421,2486,2437,2444,2441,2437,2436,2440,2440,2496,2423,2494,2502,2467,2438,2418,2428,2418,2414,2469,2426,2425,2472,2426,2422,2416,2410,2432,2443,2427,2438,2442,2417,2484,2425,2419,2416,2412,2398,2385,2381,2432,2350,2367,2424,2349,2341,2342,2332,2328,2334,2335,2355,2405,2342,2340,2340,2347,2358,2363,2385,2381,2390,2407,2394,2477,2427,2425,2419,2426,2408,2445,2399,2376,2385,2385,2439,2380,2378,2438,2372,2376,2392,2382,2397,2410,2412,2406,2412,2432,2438,2441,2440,2476,2391,2381,2361,2365,2348,2313,2290,2320,2252,2248,2224,2244,2243,2228,2229,2241,2302,2237,2257,2265,2292,2272,2356,2380,2331,2317,2325,2322,2309,2302,2296,2294
Starbucks,2266,2279,2278,2266,2265,2290,2282,2345,2289,2256,2200,2173,2154,2152,2134,2129,2122,2099,2096,2086,2129,2105,2154,2143,2195,2240,2267,2303,2335,2329,2346,2423,2441,2378,2439,2380,2357,2345,2348,2340,2408,2348,2351,2355,2350,2366,2363,2375,2392,2387,2401,2412,2424,2424,2424,2426,2401,2468,2412,2387,2395,2394,2398,2392,2393,2453,2395,2398,2411,2409,2404,2413,2405,2466,2412,2401,2414,2407,2411,2392,2385,2389,2397,2436,2382,2372,2356,2370,2369,2381,2397,2387,2396,2397,2390,2395,2377,2441,2381,2373,2384,2373,2372,2359,2425,2355,2417,2370,2351,2356,2357,2367,2356,2356,2412,2355,2355,2409,2360,2356,2360,2424,2371,2367,2357,2349,2347,2352,2349,2348,2342,2337,2334,2326,2335,2322,2314,2337,2339,2303,2302,2310,2321,2318,2376,2321,2366,2311,2331,2325,2336,2336,2330,2336,2330,2326,2327,2355,2356,2354,2347,2343,2367,2358,2422,2363,2363,2385,2385,2415,2411,0,2412,2397,0,2432,2414,0,2410,2432,0,2411,2428,0,2420,2440,2423,2433,2432,2440,2436,2440,2424,2433,2435,2496,2440,2416,2416,2423,2471,2418,2428,2413,2416,2422,2417,2477,2413,2429,2432,2428,2500,2425,2416,2427,2420,2484,2459,2401,2388,2381,2367,2362,2367,2355,2351,2329,2334,2385,2396,2352,2350,2354,2351,2348,2351,2348,2356,2385,2390,2389,2397,2454,2474,2428,2426,2425,2426,2409,2471,2380,2375,2433,2369,2380,2367,2371,2379,2382,2441,2425,2384,2404,2410,2412,2423,2426,2445,2438,2432,2425,2395,2391,2390,2365,2348,2336,2303,2293,2291,2274,2243,2244,2233,2240,2240,2243,2246,2237,2242,2258,2327,2294,2286,2343,2291,2314,2326,2326,2319,2313,2321,2296,2301,2272,2287,2344,2270,2267,2265,2289,2294,2291,2290,2252,2213,2186,2146,2130
Starbucks,2099,2096,2091,2079,2079,2110,2158,2215,2203,2240,2260,2303,2335,2337,2369,2360,2370,2375,2436,2385,2381,2366,2335,2346,2349,2337,2354,2350,2343,2349,2374,2375,2449,2445,2411,2410,2401,2419,2416,2411,2410,2411,2409,2395,2387,2454,2386,2394,2394,2397,2376,2394,2401,2425,2416,2400,2409,2406,2416,2460,2410,2386,2384,2395,2385,2369,2376,2370,2369,2366,2380,2445,2400,2395,2392,2448,2437,2381,2385,2381,2379,2376,2381,2425,2372,2362,2345,2417,2365,2353,2425,2366,2364,2367,2348,2349,2360,2369,2366,2365,2356,2357,2365,2359,2427,2358,2370,2367,2349,2393,2352,2352,2343,2407,2335,2325,2322,2334,2337,2325,2318,2311,2320,2322,2364,2321,2367,2321,2335,2332,2331,2319,2329,2339,2332,2386,2336,2345,2342,2355,2403,2341,2341,2356,2353,2385,2440,2370,2386,2396,2411,2404,2412,2429,2419,2419,2419,2416,2425,2421,2434,2435,2432,2442,2434,2436,2441,2439,2426,2482,2435,2423,2436,2425,2489,2422,2432,2406,2413,2416,2420,2432,2428,2411,2422,2484,2432,2432,2444,2421,2434,2407,2425,2422,2415,2409,2411,2387,2369,2384,2356,2365,2361,2341,2324,2329,2322,2317,2385,2339,2356,2341,2352,2349,2344,2369,2354,2381,2384,2380,2402,2410,2420,2485,2474,2407,2425,2399,2391,2379,2384,2382,2367,2375,2369,2384,2386,2362,2440,2396,2376,2414,2410,2398,2410,2474,2441,2440,2438,2472,2400,2395,2377,2366,2327,2320,2341,2294,2278,2244,2243,2241,2235,2246,2240,2234,2243,2252,2261,2335,2259,2287,2364,2312,2329,2313,2312,2314,2357,2303,2290,2276,2279,2274,2259,2264,2261,2339,2295,2290,2337,2318,2213,2185,2171,2141,2135,2129,2138,2092,2077,2063,2089,2118,2158,2216,2246,2230,2261,2300,2387,2341,2347,2382,2376,2379,2437,2380,2364,2350
Starbucks,2343,2341,2352,2403,2351,2365,2378,2396,2393,2404,2405,2429,2468,2402,2412,2414,2413,2455,2396,2383,2395,2392,2390,2399,2394,2467,2410,2404,2404,2409,2407,2400,2400,2403,2400,2402,2395,2382,2386,2429,2366,2384,2371,2366,2369,2382,2375,2385,2377,2456,2384,2400,2381,2385,2375,2385,2432,2371,2432,2371,2360,2365,2415,2367,2358,2355,2354,2357,2419,2365,2364,2369,2366,2365,2411,2366,2348,2356,2350,2363,2397,2352,2344,2346,2349,2333,2410,2326,2336,2389,2330,2334,2335,2320,2317,2377,2321,2320,2316,2320,2321,2312,2339,2335,2326,2395,2335,2330,2396,2335,2377,2336,2400,2402,2355,2339,2350,2352,2364,2369,2352,2363,2429,2386,2400,2406,2406,2408,2417,2418,2408,2417,2425,2432,2427,2419,2433,2432,2483,2432,2441,2485,2496,2441,2424,2435,2445,2425,2420,2425,2472,2415,2419,2408,2418,2427,2432,2427,2425,2418,2427,2419,2412,2432,2432,2436,2417,2408,2429,2425,2396,2401,2397,2382,2379,2360,2370,2354,2352,2333,2332,2338,2327,2387,2352,2343,2343,2337,2337,2356,2367,2357,2437,2390,2462,2415,2421,2409,2416,2417,2426,2406,2412,2393,2371,2382,2384,2384,2380,2378,2436,2370,2375,2400,2398,2401,2412,2454,2412,2426,2436,2438,2435,2426,2390,2383,2372,2367,2331,2333,2321,2289,2265,2264,2260,2240,2287,2287,2246,2233,2224,2235,2301,2279,2274,2276,2280,2358,2311,2334,2316,2308,2319,2316,2310,2298,2297,2289,2267,2322,2269,2266,2332,2288,2274,2274,2288,2265,2217,2194,2147,2127,2133,2125,2119,2104,2093,2148,2073,2081,2133,2175,2227,2224,2252,2290,2320,2340,2357,2367,2379,2376,2381,2375,2371,2418,2342,2340,2347,2351,2345,2340,2342,2340,2370,2356,2366,2387,2470,2414,2406,2416,2421,2467,2411,2410,2400,2389,2398,2389
Starbucks,2440,2391,2398,2408,2403,2411,2428,2409,2423,2406,2417,2416,2456,2401,2410,2391,2385,2394,2398,2433,2379,2376,2425,2365,2356,2371,2396,2392,2400,2394,2388,2397,2399,2392,2380,2369,2384,2381,2361,2372,2352,2422,2366,2347,2363,2424,2354,2367,2418,2365,2408,2421,2352,2357,2419,2353,2369,2365,2363,2422,2352,2349,2340,2347,2342,2350,2344,2326,2338,2330,2396,2317,2325,2325,2318,2317,2312,2372,2314,2312,2320,2315,2335,2333,2340,2337,2332,2383,2326,2335,2395,2350,2349,2403,2349,2350,2341,2351,2365,2355,2358,2372,2380,2396,2408,2410,2411,2409,2400,2429,2416,2414,2427,2408,2417,2470,2411,2432,2437,2437,2435,2444,2432,2440,2437,2432,2433,2416,2426,2428,2485,2424,2417,2432,2416,2426,2416,2419,2425,2412,2414,2441,2444,2435,2440,2437,2412,2425,2424,2420,2483,2411,2446,2395,2390,2367,2363,2360,2345,2345,2351,2335,2333,2395,2326,2334,2410,2351,2348,2341,2349,2353,2346,2366,2427,2378,2381,2461,2405,2424,2417,2426,2428,2424,2409,2394,2395,2377,2384,2376,2361,2436,2432,2383,2440,2371,2450,2375,2404,2411,2404,2402,2426,2438,2428,2426,2415,2411,2367,2384,2364,2397,2309,2302,2283,2264,2314,2246,2245,2237,2233,2238,2243,2240,2296,2260,2273,2291,2295,2297,2320,2339,2325,2335,2320,2313,2322,2303,2280,2347,2276,2274,2321,2268,2276,2294,2289,2290,2275,2251,2210,2180,2154,2145,2123,2130,2175,2108,2099,2092,2076,2104,2147,2190,2246,2238,2263,2333,2373,2342,2370,2365,2362,2439,2382,2373,2361,2365,2397,2340,2334,2346,2350,2345,2351,2356,2364,2419,2380,2393,2402,2403,2402,2416,2427,2406,2463,2398,2393,2386,2455,2386,2384,2393,2392,2415,2408,2404,2411,2424,2432,2428,2404,2416,2401,2406,2401,2398,2398,2454
Starbucks,2374,2379,2376,2358,2367,2361,2440,2395,2380,2389,2439,2384,2382,2438,2379,2374,2377,2434,2380,2379,2377,2371,2369,2367,2426,2351,2364,2367,2359,2363,2359,2367,2355,2419,2366,2361,2356,2357,2363,2357,2354,2342,2355,2405,2350,2341,2353,2349,2346,2325,2325,2337,2339,2334,2330,2320,2325,2323,2321,2321,2315,2324,2321,2313,2330,2321,2334,2332,2387,2337,2333,2345,2349,2349,2342,2352,2334,2350,2351,2361,2424,2384,2374,2371,2394,2395,2413,2412,2402,2401,2422,2410,2429,2416,2424,2425,2425,2423,2443,2432,2439,2436,2433,2436,2433,2440,2437,2437,2428,2439,2428,2416,2438,2423,2416,2422,2413,2415,2420,2425,2430,2428,2425,2420,2492,2440,2433,2493,2423,2416,2426,2422,2414,2404,2395,2385,2367,2379,2356,2364,2355,2341,2334,2333,2329,2339,2385,2340,2396,2334,2351,2347,2339,2367,2379,2377,2395,2402,2415,2421,2423,2416,2475,2417,2413,2398,2393,2395,2361,2437,2382,2374,2373,2381,2377,2384,2379,2394,2405,2412,2410,2400,2470,2475,2440,2440,2425,2467,2393,2356,2348,2333,2302,2284,2271,2277,2249,2242,2294,2239,2243,2233,2244,2240,2258,2276,2268,2285,2288,2303,2322,2339,2335,2325,2319,2311,2363,2303,2298,2287,2275,2263,2274,2266,2275,2273,2278,2280,2272,2218,2196,2150,2201,2135,2131,2128,2094,2093,2140,2058,2086,2138,2175,2170,2220,2264,2283,2310,2339,2392,2366,2349,2373,2384,2372,2381,2365,2338,2332,2334,2349,2340,2342,2353,2352,2354,2380,2393,2402,2413,2421,2416,2424,2403,2400,2412,2398,2398,2387,2383,2387,2395,2386,2396,2405,2406,2401,2411,2423,2414,2409,2418,2400,2404,2410,2379,2398,2386,2379,2447,2381,2385,2385,2380,2361,2366,2380,2392,2398,2389,2394,2398,2384,2438,2380,2367,2381,2385,2361,2380
Starbucks,2356,2419,2367,2362,2425,2355,2363,2361,2358,2369,2358,2370,2364,2422,2366,2414,2364,2367,2370,2362,2356,2408,2350,2343,2401,2350,2388,2338,2321,2335,2335,2320,2313,2314,2318,2371,2321,2320,2324,2380,2318,2318,2327,2328,2387,2338,2334,2326,2335,2330,2354,2351,2342,2349,2331,2407,2369,2363,2355,2366,2374,2393,2399,2395,2404,2409,2411,2402,2416,2427,2418,2420,2426,2417,2433,2444,2436,2427,2442,2433,2494,2432,2432,2432,2422,2432,2412,2428,2425,2424,2473,2426,2429,2422,2478,2426,2425,2432,2416,2422,2438,2438,2446,2444,2437,2422,2427,2429,2414,2404,2400,2395,2380,2384,2371,2354,2366,2340,2317,2331,2338,2330,2323,2329,2350,2332,2344,2350,2408,2351,2366,2424,2369,2394,2401,2410,2426,2414,2472,2480,2407,2392,2387,2400,2386,2372,2380,2384,2437,2371,2382,2378,2372,2381,2392,2414,2400,2401,2411,2413,2432,2442,2435,2416,2459,2391,2370,2348,2339,2326,2320,2282,2276,2248,2262,2242,2233,2234,2224,2247,2232,2237,2303,2246,2272,2283,2283,2300,2380,2303,2325,2321,2324,2313,2296,2294,2283,2293,2344,2330,2257,2258,2266,2270,2265,2345,2290,2273,2231,2223,2192,2142,2136,2129,2189,2111,2155,2088,2075,2078,2123,2174,2219,2245,2337,2316,2321,2315,2365,2355,2377,2372,2384,2369,2369,2340,2348,2331,2351,2354,2341,2345,2349,2360,2373,2367,2385,2412,2400,2404,2480,2424,2403,2401,2402,2390,2387,2393,2400,2396,2379,2389,2466,2458,2411,2406,2393,2425,2396,2417,2413,2411,2406,2410,2386,2454,2393,2393,2382,2373,2380,2379,2423,2373,2373,2380,2384,2391,2390,2393,2396,2381,2385,2375,2376,2374,2384,2380,2435,2349,2416,2353,2369,2350,2363,2356,2367,2356,2356,2345,2357,2367,2362,2360,2358,2362,2423,2356,2357,2366
Starbucks,2342,2351,2341,2355,2351,2332,2326,2340,2338,2382,2335,2319,2303,2312,2374,2322,2303,2315,2321,2320,2329,2335,2329,2335,2379,2335,2337,2394,2321,2379,2342,2341,2340,2352,2349,2340,2364,2361,2356,2375,2370,2456,2411,2405,2401,2411,2423,2419,2414,2413,2409,2475,2411,2498,2441,2432,2497,2426,2421,2493,2435,2439,2432,2440,2433,2426,2419,2416,2427,2425,2417,2427,2409,2471,2426,2424,2414,2414,2411,2442,2441,2435,2428,2438,2417,2427,2432,2432,2406,2409,2380,2375,2370,2419,2360,2364,2344,2325,2333,2329,2330,2345,2340,2351,2398,2403,2349,2356,2355,2377,2397,2391,2405,2410,2406,2417,2429,2425,2418,2398,2377,2400,2367,2374,2371,2381,2367,2363,2376,2374,2381,2393,2401,2412,2416,2406,2414,2423,2436,2440,2432,2427,2408,2392,2361,2366,2337,2316,2358,2323,2263,2261,2251,2226,2242,2234,2235,2249,2236,2254,2279,2286,2295,2281,2296,2318,2326,2328,2337,2320,2320,2303,2342,2280,2292,2260,2263,2275,2274,2285,2294,2289,2281,2252,2219,2175,2147,2132,2136,2125,2175,2096,2088,2128,2067,2136,2192,2181,2227,2219,2261,2287,2296,2330,2334,2407,2354,2377,2369,2429,2383,2351,2341,2352,2338,2344,2351,2402,2338,2352,2350,2371,2384,2394,2391,2400,2424,2419,2420,2426,2397,2410,2392,2391,2396,2391,2453,2392,2449,2400,2409,2401,2405,2407,2416,2414,2406,2401,2409,2395,2390,2389,2383,2392,2375,2425,2432,2381,2369,2358,2381,2382,2384,2394,2393,2387,2396,2400,2376,2374,2367,2370,2381,2369,2375,2384,2381,2353,2357,2364,2357,2365,2358,2353,2347,2365,2414,2359,2362,2366,2361,2367,2361,2363,2418,2366,2363,2367,2362,2351,2344,2336,2354,2351,2324,2333,2335,2329,2335,2334,2387,2320,2316,2315,2315,2321,2320,2317,2322,2303
Starbucks,2326,2339,2329,2322,2392,2323,2343,2339,2320,2340,2341,2356,2353,2364,2366,2366,2384,2439,2395,2395,2464,2456,2393,2429,2428,2413,2425,2474,2428,2424,2414,2432,2441,2444,2435,2438,2437,2441,2440,2434,2501,2440,2439,2443,2427,2417,2425,2469,2478,2432,2416,2425,2424,2417,2425,2422,2417,2426,2438,2432,2429,2418,2420,2411,2414,2421,2396,2409,2413,2391,2438,2366,2363,2341,2345,2331,2323,2333,2327,2336,2340,2346,2345,2406,2347,2342,2408,2367,2370,2391,2390,2393,2402,2417,2429,2422,2416,2427,2454,2401,2444,2393,2441,2386,2378,2365,2371,2375,2385,2370,2377,2385,2409,2408,2412,2422,2416,2424,2440,2433,2427,2410,2390,2426,2355,2336,2326,2297,2290,2272,2312,2248,2237,2231,2233,2236,2224,2233,2233,2246,2274,2287,2293,2341,2296,2309,2335,2332,2325,2323,2312,2294,2296,2292,2270,2267,2320,2278,2275,2274,2284,2295,2286,2264,2237,2244,2192,2167,2136,2133,2129,2132,2181,2090,2087,2091,2081,2116,2157,2256,2243,2337,2264,2303,2328,2343,2370,2361,2380,2367,2381,2385,2367,2426,2351,2352,2355,2401,2352,2333,2341,2349,2359,2366,2379,2388,2411,2398,2413,2429,2417,2414,2401,2396,2396,2398,2386,2386,2445,2377,2380,2402,2464,2410,2423,2429,2422,2406,2400,2408,2412,2413,2399,2386,2396,2392,2385,2383,2375,2367,2365,2363,2370,2376,2380,2397,2389,2377,2397,2361,2367,2382,2380,2424,2381,2378,2372,2365,2361,2353,2357,2367,2355,2362,2356,2355,2369,2370,2355,2361,2420,2366,2364,2359,2354,2362,2420,2361,2367,2353,2341,2402,2345,2344,2344,2340,2322,0,2327,2335,2331,0,2327,2326,0,2371,2317,0,2376,2320,0,2316,2309,0,2321,2311,0,2312,2380,0,2331,2339,0,2338,2326,0,2325,2325,0,2325
Starbucks,2397,2332,2341,2356,2361,2365,2422,2451,2410,2404,2402,2425,2472,2485,2427,2416,2401,2395,2446,2385,2375,2380,2375,2424,2365,2373,2370,2395,2386,2404,2403,2410,2421,2502,2426,2434,2425,2413,2407,2453,2364,2356,2325,2323,2301,2291,2260,2259,2233,2238,2246,2297,2230,2233,2265,2260,2260,2271,2300,2287,2321,2334,2334,2386,2320,2312,2318,2303,2294,2292,2281,2320,2264,2272,2275,2293,2292,2351,2279,2248,2196,2225,2122,2131,2136,2127,2121,2084,2085,2075,2064,2094,2151,2195,2189,2243,2259,2350,2320,2319,2369,2366,2352,2377,2440,2375,2374,2363,2347,2352,2371,2347,2353,2351,2350,2350,2416,2372,2399,2392,2410,2411,2432,2419,2426,2424,2470,2412,2388,2395,2395,2386,2387,2391,2400,2391,2394,2400,2410,2413,2414,2413,2424,2402,2408,2407,2468,2382,2399,2395,2389,2393,2381,2385,2384,2438,2354,2363,2384,2389,2392,2395,2396,2440,2382,2395,2374,2380,2376,2382,2385,2374,2373,2364,2364,2418,2357,2363,2421,2352,2360,2370,2355,2356,2425,2355,2361,2366,2352,2359,2366,2353,2361,2367,2362,2358,2411,2351,2348,2340,2337,2404,2335,2386,2339,2334,2316,2325,2320,2376,2394,2302,2312,2322,2315,2311,2318,2303,2390,2329,2325,2327,2334,2334,2319,2335,2345,2402,2349,2349,2352,2350,2343,2350,2354,2357,2367,2374,2440,2380,2392,2402,2413,2407,2419,2414,2421,2417,2425,2418,2426,2425,2422,2440,2437,2442,2439,2440,2432,2435,2436,2432,2440,2432,2426,2436,2426,2426,2426,2425,2415,2423,2428,2419,2417,2413,2416,2490,2444,2432,2440,2440,2421,2428,2425,2415,2400,2459,2386,2367,2355,2366,2345,2354,2349,2326,2320,2325,2335,2348,2340,2355,2345,2351,2346,2427,2367,2352,2366,2392,2448,2402,2426,2432,2418,2438,2418,2404,2414,2403
Starbucks,2372,2377,2381,2380,2371,2381,2425,2372,2393,2386,2404,2408,2406,2402,2432,2418,2498,2440,2428,2414,2410,2376,2377,2350,2320,2301,2303,2288,2275,2260,2238,2235,2231,2233,2243,2235,2246,2240,2252,2329,2281,2296,2324,2322,2321,2336,2318,2324,2313,2296,2286,2340,2282,2279,2272,2265,2275,2273,2269,2279,2286,2280,2260,2207,2259,2161,2205,2184,2139,2135,2109,2159,2089,2065,2096,2132,2212,2211,2235,2276,2303,2311,2352,2369,2366,2381,2376,2384,2380,2382,2366,2400,2352,2353,2341,2352,2349,2352,2336,2349,2360,2380,2391,2415,2413,2394,2427,2423,2400,2412,2408,2400,2394,2396,2387,2400,2386,2395,2386,2387,2414,2413,2404,2429,2408,2418,2408,2414,2416,2411,2403,2393,2390,2386,2386,2371,2371,2358,2370,2367,2379,2381,2396,2391,2388,2395,2393,2378,2381,2373,2369,2372,2381,2384,2374,2357,2364,2358,2354,2361,2360,2366,2364,2356,2370,2359,2419,2362,2358,2355,2406,2365,2360,2369,2360,2355,2350,2407,2352,2349,2342,2348,2329,2395,2337,2332,2324,2336,2312,2321,2320,2322,2321,2363,2314,2320,2321,2314,2327,2331,2324,2385,2335,2326,2328,2339,2345,2340,2331,2340,2350,2367,2358,2366,2417,2369,2371,2400,2383,2406,2402,2400,2484,2421,2407,2417,2416,2416,2414,2432,2413,2445,2441,2432,2493,2442,2433,2436,2432,2432,2445,2434,2419,2426,2425,2466,2487,2418,2417,2421,2407,2427,2426,2472,2427,2432,2444,2442,2428,2432,2484,2426,2428,2423,2399,2411,2385,2370,2348,2358,2367,2350,2346,2395,2323,2331,2340,2329,2353,2350,2344,2350,2356,2343,2364,2364,2376,2400,2395,2409,2467,2408,2430,2416,2425,2416,2408,2445,2385,2384,2374,2382,2380,2377,2375,2371,2381,2428,2387,2387,2401,2415,2413,2397,2421,2441,2440,2434,2420,2405
Starbucks,2340,2351,2333,2311,2295,2274,2328,2259,2234,2244,2244,2240,2234,2247,2253,2251,2278,2278,2291,2303,2299,2322,2322,2387,2335,2315,2303,2300,2309,2284,2290,2272,2275,2266,2278,2294,2346,2288,2292,2283,2230,2189,2153,2136,2139,2125,2132,2120,2088,2070,2063,2072,2116,2166,2210,2264,2269,2273,2296,2321,2331,2410,2352,2380,2371,2382,2365,2364,2338,2348,2351,2326,2354,2353,2335,2342,2365,2376,2373,2394,2416,2401,2417,2412,2417,2411,2401,2400,2389,2393,2391,2392,2393,2387,2375,2386,2416,2410,2406,2426,2416,2465,2409,2408,2469,2409,2412,2400,2438,2386,2396,2380,2372,2377,2424,2360,2360,2381,2377,2400,2389,2388,2390,2390,2428,2376,2380,2373,2379,2378,2371,2379,2384,2365,2365,2361,2353,2366,2367,2355,2365,2356,2357,2367,2364,2357,2365,2365,2360,2367,2367,2365,2363,2419,2353,2350,2407,2338,2348,2346,2328,2339,2337,2326,2329,2327,2326,2324,2323,2320,2315,2312,2308,2324,2339,2326,2326,2325,2329,2324,2325,2334,2326,2326,2333,2340,2350,2345,2352,2352,2350,2353,2361,2364,2356,2381,2378,2395,2408,2414,2401,2421,2475,2426,2428,2416,2417,2425,2426,2427,2444,2497,2440,2432,2442,2444,2444,2429,2429,2436,2434,2434,2417,2434,2422,2411,2419,2419,2426,2425,2432,2417,2420,2428,2417,2414,2491,2435,2441,2432,2415,2475,2410,2402,2405,2390,2445,2367,2425,2353,2345,2343,2351,2320,2335,2334,2331,2340,2376,2348,2352,2342,2398,2352,2361,2360,2371,2395,2403,2408,2408,2417,2425,2417,2417,2428,2403,2384,2393,2376,2375,2375,2382,2378,2380,2376,2384,2371,2383,2388,2411,2401,2398,2483,2445,2496,2429,2438,2409,2444,2371,2365,2327,2327,2320,2272,2276,2243,2236,2246,2237,2236,2243,2242,2238,2265,2274,2271,2294,2287
Starbucks,2319,2382,2320,2322,2313,2310,2303,2285,2290,2274,2326,2268,2268,2266,2294,2285,2291,2252,2202,2165,2133,2139,2136,2191,2111,2082,2082,2087,2098,2154,2148,2212,2243,2279,2309,2295,2322,2351,2365,2380,2384,2381,2379,2381,2413,2342,2335,2343,2344,2345,2354,2356,2426,2446,2388,2390,2393,2411,2420,2426,2405,2404,2400,2397,2394,2386,2396,2400,2398,2390,2391,2398,2414,2403,2396,2410,2419,2476,2415,2396,2406,2403,2402,2448,2398,2395,2387,2395,2371,2373,2379,2358,2366,2377,2456,2391,2397,2385,2384,2386,2381,2380,2369,2381,2380,2367,2370,2376,2375,2369,2348,2361,2423,2359,2361,2366,2365,2365,2365,2364,0,2356,2357,2365,2355,2365,2358,2370,2363,2367,2342,2343,2351,2347,2344,2349,2340,2320,2334,2327,2339,2336,2312,2335,2319,2323,2321,2310,2320,2308,2372,2309,2339,2324,2326,2335,2336,2339,2335,2325,2326,2338,2329,2410,2341,2341,2409,2350,2363,2364,2365,2376,2397,2395,2402,2400,2401,2401,2417,2420,2426,2426,2424,2489,2429,2414,2417,2440,2423,2445,2434,2439,2435,2428,2444,2438,2432,2489,2425,2439,2432,2440,2425,2410,2420,2420,2416,2427,2423,2428,2419,2426,2439,2423,2492,2444,2426,2484,2426,2406,2411,2408,2449,2383,2369,2350,2362,2356,2341,2350,2334,2317,2334,2336,2333,2345,2343,2338,2351,2341,2361,2356,2365,2434,2400,2403,2467,2432,2422,2416,2422,2429,2405,2410,2388,2371,2375,2384,2367,2371,2377,2370,2380,2385,2380,2394,2402,2410,2405,2416,2419,2416,2442,2432,2444,2443,2416,2439,2382,2350,2317,2320,2279,2272,2323,2260,2234,2243,2242,2234,2246,2241,2240,2261,2272,2270,2334,2286,2296,2312,2330,2337,2394,2309,2314,2308,2296,2302,2281,2274,2267,2276,2272,2294,2292,2289,2281,2276,2278,2222
Starbucks,2130,2128,2135,2123,2100,2091,2148,2064,2104,2152,2151,2205,2243,2258,2301,2332,2335,2335,2414,2381,2381,2362,2360,2361,2357,2351,2341,2401,2346,2350,2342,2344,2356,2369,2391,2456,2391,2408,2426,2410,2401,2407,2409,2396,2399,2449,2384,2393,2385,2397,2395,2376,2413,2405,2409,2411,2425,2469,2416,2414,2411,2412,2392,2411,2400,2386,2384,2382,2380,2372,2379,2362,2365,2361,2432,2382,2400,2400,2400,2391,2388,2381,2381,2377,2372,2384,2378,2376,2424,2361,2354,2365,2367,2357,2365,2361,2360,2364,2359,2353,2365,2426,2367,2364,2356,2349,2363,2361,2367,2366,2358,2339,2392,2408,2403,2406,2336,2326,2340,2339,2328,2326,2323,2303,2379,2315,2321,2310,2321,2311,2382,2311,2335,2327,2325,2339,2328,2392,2323,2325,2340,2331,2345,2337,2344,2351,2343,2370,2369,2354,2370,2374,2385,2454,2405,2406,2412,2400,2425,2428,2416,2424,2479,2416,2426,2420,2409,2436,2435,2435,2433,2428,2428,2432,2440,2424,2442,2422,2445,2442,2426,2411,2480,2427,2432,2429,2425,2421,2417,2421,2416,2432,2438,2432,2444,2439,2471,2414,2419,2412,2398,2414,2402,2395,2432,2413,2365,2351,2352,2322,2332,2324,2322,2337,2333,2348,2342,2397,2344,2343,2332,2366,2378,2387,2395,2398,2410,2425,2425,2420,2424,2415,2398,2393,2392,2365,2385,2363,2363,2376,2442,2377,2371,2376,2382,2396,2410,2402,2414,2432,2425,2439,2436,2432,2468,2390,2384,2374,2363,2339,2313,2294,2281,2270,2253,2233,2231,2247,2235,2289,2235,2232,2256,2256,2252,2263,2281,2358,2303,2301,2314,2316,2311,2324,2322,2322,2298,2295,2284,2282,2272,2257,2277,2279,2265,2291,2289,2339,2249,2206,2213,2159,2188,2134,2191,2124,2120,2102,2089,2079,2108,2168,2162,2203,2227,2266,2302,2327,2354,2340
Starbucks,2371,2367,2371,2370,2354,2335,2352,2351,2347,2401,2346,2346,2353,2365,2370,2396,2397,2402,2426,2423,2419,2409,2407,2460,2386,2392,2389,2394,2439,2384,2399,2397,2411,2409,2456,2432,2432,2416,2411,2460,2397,2415,2412,2407,2396,2393,2391,2385,2377,2373,2376,2362,2355,2377,2398,2394,2394,2387,2396,2400,2386,2365,2432,2382,2371,2382,2432,2380,2378,2363,2366,2354,2362,2356,2412,2361,2418,2365,2417,2349,2359,2366,2370,2367,2357,2364,2364,2356,2352,2370,2367,2365,2347,2410,2354,2349,2342,2336,2388,2329,2330,2325,2335,2320,2312,2378,2320,2310,2317,2315,2313,2330,2338,2317,2384,2336,2330,2325,2335,2331,2334,2350,2344,2346,2409,2340,2340,2365,2361,2423,2366,2376,2389,2391,2404,2404,2415,2406,2416,2425,2420,2425,2414,2409,2417,2439,2435,2425,2435,2444,2437,2441,2441,2438,2440,2486,2420,2426,2487,2410,2423,2429,2413,2412,2484,2426,2416,2486,2420,2444,2440,2436,2427,2441,2432,2421,2427,2417,2416,2406,2400,2389,2375,2382,2361,2360,2353,2339,2347,2387,2340,2339,2332,2324,2346,2400,2342,2355,2404,2348,2351,2357,2384,2398,2396,2404,2471,2425,2425,2422,2432,2413,2403,2395,2433,2374,2380,2378,2381,2379,2375,2379,2380,2380,2388,2409,2411,2413,2432,2414,2414,2427,2440,2423,2429,2404,2395,2381,2354,2331,2309,2303,2280,2270,2303,2233,2242,2290,2242,2288,2238,2246,2238,2244,2332,2291,2280,2302,2320,2331,2334,2325,2365,2380,2303,2303,2295,2289,2287,2292,2274,2274,2266,2276,2272,2275,2289,2269,2241,2194,2144,2123,2124,2124,2106,2093,2090,2069,2145,2119,2168,2165,2226,2317,2273,2295,2303,2324,2357,2365,2381,2380,2378,2378,2366,2345,2341,2349,2346,2404,2352,2347,2334,2350,2364,2432,2389,2414,2404,2402
Starbucks,2416,2463,2397,2448,2396,2383,2391,2376,2453,2449,2389,2398,2456,2409,2393,2414,2423,2419,2424,2408,2397,2401,2413,2391,2445,2391,2386,2384,2375,2369,2373,2357,2370,2366,2372,2377,2398,2397,2392,2382,2392,2377,2370,2377,2383,2383,2379,2372,2442,2381,2441,2357,2364,2360,2363,2357,2356,2365,2367,2348,2365,2417,2365,2360,2362,2407,2357,2364,2357,2349,2369,2356,2342,2350,2399,2350,2343,2332,2325,2335,2338,2335,2335,2330,2395,2319,2320,2312,2314,2321,2380,2320,2331,2340,2330,2334,2322,2333,2328,2410,2338,2384,2352,2351,2353,2407,2348,2346,2355,2365,2358,2385,2433,2385,2410,2412,2407,2409,2401,2417,2416,2427,2418,2421,2422,2421,2435,2432,2441,2485,2432,2444,2440,2432,2428,2436,2426,2420,2414,2417,2440,2420,2480,2416,2475,2486,2424,2418,2419,2423,2421,2428,2425,2437,2432,2440,2435,2500,2437,2416,2413,2405,2410,2393,2428,2380,2365,2364,2334,2352,2330,2324,2336,2317,2387,2350,2401,2353,2349,2392,2409,2345,2353,2382,2382,2392,2408,2462,2429,2425,2416,2426,2424,2409,2382,2434,2381,2372,2432,2381,2380,2384,2379,2364,2389,2416,2414,2407,2404,2425,2437,2443,2501,2439,2406,2412,2438,2374,2358,2333,2310,2282,2278,2263,2262,2241,2235,2242,2233,2234,2244,2240,2267,2269,2337,2290,2297,2312,2324,2320,2330,2341,2321,2316,2320,2284,2293,2290,2272,2266,2272,2258,2265,2290,2347,2292,2254,2226,2227,2172,2135,2136,2130,2130,2107,2164,2146,2074,2124,2104,2133,2196,2247,2246,2261,2295,2321,2340,2355,2369,2375,2380,2371,2371,2366,2362,2343,2405,2411,2341,2341,2352,2344,2343,2365,2370,2389,2400,2410,2424,2411,2401,2413,2463,2384,2385,2440,2385,2396,2388,2384,2449,2400,2409,2403,2416,2428,2426,2417,2400
Starbucks,2405,2408,2453,2457,2452,2387,2385,2370,2369,2378,2359,2363,2361,2369,2395,2397,2385,2387,2396,2386,2367,2378,2371,2365,2438,2381,2385,2382,2374,2353,2356,2367,2364,2357,2366,2356,2366,2365,2356,2365,2364,2361,2361,2423,2358,2357,2364,2427,2352,2411,2423,2370,2345,2346,2347,2352,2340,2327,2392,2389,2335,2326,2320,2386,2314,2317,2321,2301,2303,2321,2316,2312,2329,2325,2327,2337,2316,2326,2335,2355,2341,2350,2344,2346,2398,2367,2360,2361,2356,2372,2396,2389,2396,2396,2400,2424,2418,2429,2422,2483,2424,2424,2420,2426,2439,2436,2443,2444,2435,2442,2437,2432,2439,2440,2444,2438,2416,2418,2416,2426,2432,2419,2426,2418,2473,2487,2426,2432,2425,2424,2432,2440,2427,2416,2424,2420,2421,2425,2395,2409,2397,2384,2367,2365,2360,2345,2350,2333,2396,2334,2335,2335,2334,2330,2350,2345,2342,2335,2344,2356,2378,2444,2382,2411,2410,2426,2424,2432,2428,2417,2411,2400,2391,2380,2385,2375,2371,2380,2379,2381,2380,2370,2439,2445,2403,2401,2412,2399,2429,2417,2440,2489,2500,2416,2402,2411,2361,2357,2351,2310,2303,2324,2260,2244,2230,2299,2245,2240,2245,2237,2244,2260,2263,2350,2303,2312,2339,2335,2382,2320,2313,2351,2296,2291,2285,2291,2327,2268,2280,2274,2322,2281,2282,2291,2258,2203,2175,2184,2144,2120,2125,2113,2119,2091,2080,2059,2085,2137,2191,2189,2243,2265,2296,2303,2313,2331,2362,2429,2376,2372,2382,2384,2363,2339,2350,2354,2342,2350,2347,2353,2369,2360,2366,2364,2378,2394,2421,2419,2416,2425,2402,2399,2448,2386,2395,2456,2457,2440,2392,2398,2399,2407,2404,2393,2414,2416,2426,2416,2401,2410,2413,2465,2400,2393,2386,2381,2377,2443,2381,2427,2354,2355,2367,2397,2400,2377,2397,2386,2388,2375
Starbucks,2375,2379,2372,2379,2385,2372,2371,2352,2361,2355,2363,2425,2349,2349,2353,2364,2419,2362,2352,2360,2355,2417,2365,2367,2360,2363,2365,2351,2332,2354,2346,2350,2344,2331,2335,2339,2329,2396,2331,2383,2315,2313,2321,2321,2316,2314,2315,2339,2335,2332,2335,2337,2329,2331,2330,2318,2326,2352,2354,2351,2350,2346,2407,2366,2364,2376,2364,2372,2387,2409,2405,2416,2411,2407,2484,2427,2416,2417,2423,2416,2413,2437,2432,2424,2497,2432,2425,2432,2434,2443,2503,2438,2421,2432,2410,2422,2417,2422,2432,2425,2432,2426,2426,2425,2423,2427,2441,2444,2442,2435,2441,2423,2482,2414,2429,2416,2400,2396,2397,2372,2370,2354,2413,2412,2352,2330,2334,2384,2380,2337,2340,2351,2337,2413,2352,2349,2355,2382,2434,2373,2387,2402,2407,2484,2428,2413,2480,2420,2400,2375,2377,2376,2385,2363,2372,2382,2380,2380,2380,2372,2449,2404,2405,2416,2412,2422,2441,2440,2438,2440,2409,2402,2372,2361,2367,2342,2303,2303,2278,2254,2251,2261,2241,2235,2294,2224,2301,2292,2236,2246,2250,2266,2349,2310,2300,2303,2310,2328,2335,2303,2316,2324,2294,2288,2279,2265,2321,2276,2259,2269,2293,2290,2286,2260,2226,2184,2181,2149,2129,2136,2124,2100,2096,2081,2064,2089,2133,2175,2230,2219,2260,2288,2312,2393,2371,2355,2356,2382,2384,2381,2443,2366,2409,2352,2350,2345,2353,2344,2352,2340,2357,2426,2400,2389,2386,2411,2404,2396,2424,2412,2396,2403,2397,2396,2398,2386,2394,2386,2386,2409,2404,2466,2462,2411,2425,2409,2398,2412,2404,2412,2392,2385,2396,2388,2388,2394,2363,2375,2366,2370,2376,2385,2366,2392,2396,2389,2390,2384,2375,2373,2378,2377,2384,2382,2370,2382,2377,2359,2355,2356,2423,2364,2352,2367,2370,2360,2354,2366,2417,2356
Starbucks,2418,2357,2355,2355,2370,2358,2360,2361,2352,2350,2344,2354,2350,2348,2325,2337,2334,2317,2335,2333,2311,2369,2315,2325,2312,2312,2320,2372,2339,2330,2329,2329,2320,2330,2380,2328,2356,2340,2346,2341,2354,2349,2343,2343,2367,2356,2366,2386,2433,2394,2411,2400,2396,2421,2477,2417,2423,2416,2411,2425,2424,2477,2440,2420,2432,2438,2434,2432,2432,2435,2425,2416,2432,2421,2428,2483,2416,2416,2426,2416,2414,2424,2429,2419,2425,2424,2432,2428,2441,2424,2421,2429,2422,2416,2411,2401,2457,2437,2385,2369,2347,2361,2337,2327,2329,2338,2329,2337,2333,2410,2346,2347,2341,2352,2349,2356,2382,2390,2387,2394,2402,2400,2432,2422,2415,2423,2487,2408,2386,2428,2375,2426,2442,2379,2377,2383,2377,2377,2396,2393,2404,2415,2409,2409,2426,2440,2434,2441,2432,2425,2409,2373,2367,2367,2347,2311,2294,2337,2246,2244,2303,2246,2240,2234,2290,2243,2253,2261,2273,2276,2288,2298,2314,2387,2331,2316,2311,2311,2303,2299,2303,2288,2282,2276,2269,2269,2276,2275,2280,2288,2286,2236,2200,2186,2154,2133,2196,2130,2130,2120,2084,2089,2074,2096,2154,2150,2188,2229,2279,2266,2303,2319,2339,2357,2364,2381,2371,2380,2380,2367,2347,2352,2351,2352,2340,2337,2412,2349,2370,2366,2360,2396,2404,2406,2404,2406,2416,2452,2412,2407,2388,2400,2388,2386,2396,2389,2391,2448,2461,2406,2401,2402,2411,2416,2416,2483,2402,2405,2413,2410,2445,2377,2385,2381,2373,2380,2380,2357,2352,2374,2397,2394,2378,2389,2389,2385,2385,2378,2443,2381,2379,2434,2365,2379,2369,2353,2362,2369,2370,2357,2352,2357,2370,2361,2366,2356,2357,2367,2347,2366,2358,2364,2357,2367,2353,2413,2351,2344,2337,2343,2416,2340,2326,2327,2336,2329,2327,2380,2312,2309
Starbucks,2315,2315,2319,2315,2374,2315,2317,2329,2325,2320,2320,2335,2327,2386,2349,2349,2344,2350,2348,2411,2414,2355,2355,2379,2372,2400,2391,2411,2410,2415,2417,2419,2427,2423,2416,2426,2424,2489,2442,2437,2429,2425,2425,2501,2440,2432,2432,2439,2425,2425,2432,2428,2429,2417,2416,2425,2424,2413,2423,2416,2416,2421,2408,0,2488,2438,0,2432,2425,0,2417,2418,0,2416,2413,0,2463,2445,0,2372,2379,0,2379,2356,0,2356,2348,0,2341,2320,0,2338,2316,2333,2328,0,2326,2342,0,2341,2339,0,2346,2354,2343,2360,0,2367,2385,0,2450,2449,0,2414,2421,0,2420,2425,0,2416,2423,0,2404,2390,0,2376,2374,2380,2361,2441,2356,2361,2376,2380,2380,2394,2396,2414,2400,2464,2421,2418,2432,2502,2419,2416,2400,2399,2353,2344,2324,2302,2276,2256,2253,2247,2242,2233,2241,2241,2236,2238,2227,2252,2260,2338,2310,2324,2301,2321,2335,2383,2338,2318,2357,2303,2303,2282,2343,2274,2271,2323,2268,2267,2348,2289,2272,2266,2224,2194,2207,2131,2134,2194,2111,2096,2087,2073,2092,2083,2195,2230,2223,2252,2289,2292,2309,2325,2355,2361,2380,2363,2424,2381,2366,2355,2408,2350,2348,2342,2355,2355,2350,2341,2355,2385,2400,2413,2415,2409,2407,2421,2410,2413,2464,2408,2385,2394,2385,2384,2393,2389,2396,2394,2414,2404,2392,2419,2417,2409,2412,2410,2402,2406,2408,2379,2378,2385,2380,2371,2384,2380,2364,2352,2372,2392,2393,2391,2395,2400,2398,2370,2376,2384,2384,2385,2374,2384,2382,2378,2354,2356,2365,2357,2366,2365,2352,2367,2416,2422,2366,2354,2370,2367,2361,2352,2356,2366,2370,2363,2365,2341,2349,2343,2341,2353,2405,2334,2326,2336,2339,2338,2310,2334,2315,2323,2300,2317,2382,2323
Starbucks,2327,2391,2334,2334,2328,2326,2333,2320,2339,2328,2353,2405,2351,2340,2351,2367,2364,2364,2365,2366,2400,2384,2393,2408,2400,2420,2410,2427,2474,2425,2410,2415,2424,2442,2445,2438,2437,2439,2436,2443,2428,2427,2432,2440,2443,2429,2418,2428,2425,2413,2416,2417,2432,2432,2426,2408,2418,2425,2432,2432,2427,2444,2441,2414,2424,2425,2414,2410,2410,2384,2376,2382,2367,2360,2357,2333,2335,2335,2324,2336,2330,2332,2342,2352,2339,2333,2401,2358,2366,2380,2385,2411,2411,2419,2426,2423,2440,2425,2415,2398,2398,2385,2367,2378,2383,2375,2370,2374,2372,2384,2379,2371,2395,2401,2460,2409,2417,2444,2423,2440,2439,2416,2409,2375,2367,2339,2324,2319,2286,2263,2259,2246,2248,2241,2235,2234,2237,2229,2245,2244,2329,2259,2286,2309,2294,2317,2397,2335,2324,2381,2321,2366,2295,2282,2263,2267,2275,2274,2294,2290,2289,2280,2274,2244,2237,2187,2148,2134,2132,2111,2106,2107,2087,2087,2086,2126,2181,2225,2263,2263,2285,2381,2335,2358,2355,2364,2435,2371,2381,2372,2417,2341,2350,2355,2351,2401,2351,2341,2342,2351,2366,2372,2390,2381,2405,2400,2417,2421,2420,2425,2469,2411,2400,2442,2386,2393,2381,2396,2395,2394,2395,2409,2401,2412,2423,2416,2415,2461,2471,2396,2413,2403,2472,2395,2377,2396,2383,2373,2380,2379,2359,2381,2370,2400,2446,2392,2379,2389,2394,2388,2381,2385,2383,2375,2379,2377,2385,2379,2379,2372,2367,2366,2369,2363,2355,2352,2356,2360,2360,2353,2364,2425,2347,2359,2367,2367,2357,2361,2363,2348,2344,2352,2353,2343,2395,2315,2337,2339,2396,2325,2391,2325,2321,2322,2312,2318,2318,2312,2322,2317,2335,2334,2330,2338,2333,2334,2335,2338,2329,2323,2350,2341,2351,2348,2354,2351,2353,2355,2355,2378
Starbucks,2409,2401,2408,2398,2402,2425,2424,2416,2432,2409,2483,2426,2432,2441,2432,2444,2432,2441,2441,2434,2439,2437,2437,2421,2411,2425,2410,2469,2427,2415,2417,2417,2427,2421,2425,2438,2432,2440,2444,2432,2424,2416,2420,2469,2413,2412,2394,2391,2372,2360,2366,2369,2349,2335,2390,2335,2338,2335,2341,2343,2342,2353,2341,2354,2360,2364,2379,2385,2412,2406,2421,2425,2425,2416,2424,2411,2400,2396,2392,2371,2385,2438,2379,2365,2374,2380,2371,2440,2396,2381,2396,2411,2408,2408,2432,2415,2433,2432,2432,2422,2400,2395,2377,2364,2333,2316,2273,2265,2317,2247,2231,2233,2234,2235,2246,2244,2232,2254,2267,2276,2257,2276,2294,2315,2394,2339,2335,2310,2311,2366,2303,2285,2290,2281,2276,2275,2331,2277,2290,2272,2280,2265,2224,2175,2153,2149,2126,2134,2116,2108,2099,2084,2073,2103,2142,2200,2247,2246,2265,2290,2317,2332,2365,2439,2369,2374,2371,2371,2384,2354,2351,2347,2355,2352,2350,2347,2337,2360,2355,2372,2400,2394,2400,2409,2417,2427,2407,2405,2412,2410,2393,2394,2394,2397,2383,2388,2400,2386,2396,2409,2402,2424,2408,2472,2404,2413,2412,2402,2451,2386,2400,2387,2380,2371,2385,2372,2347,2354,2376,2385,2400,2439,2386,2385,2446,2392,2384,2378,2370,2380,2438,2363,2381,2362,2385,2373,2356,2365,2351,2358,2370,2363,2357,2366,2367,2359,2365,2363,2422,2366,2361,2428,2357,2419,2366,2350,2345,2345,2342,2342,2337,2403,0,2335,2321,0,2332,2340,0,2329,2316,2376,2320,0,2316,2309,0,2320,2321,0,2371,2321,0,2381,2327,0,2327,2339,0,2335,2323,0,2334,2339,0,2331,2341,0,2339,2336,0,2349,2352,0,2366,2346,0,2413,2372,0,2400,2392,0,2385,2398,0,2408,2402,0,2417
Starbucks,2436,2366,2385,2438,2361,2378,2376,2377,2387,2410,2401,2471,2412,2421,2429,2426,2432,2435,2471,2405,2401,2394,2371,2352,2335,2301,2303,2279,2310,2252,2240,2236,2301,2246,2227,2243,2242,2257,2338,2289,2287,2296,2321,2323,2397,2323,2311,2312,2310,2301,2294,2290,2275,2265,2277,2269,2264,2281,2276,2290,2329,2242,2246,2188,2153,2139,2116,2116,2096,2084,0,2076,2071,0,2081,2127,0,2174,2242,2319,2291,2316,2309,2398,2352,2369,2383,2376,2385,2379,2401,2351,2355,2343,2352,2348,2404,2342,2357,2360,2366,2379,2450,2411,2409,2408,2416,2424,2409,2412,2400,2396,2390,2395,2394,2389,2400,2396,2387,2411,2406,2399,2423,2420,2426,2408,2401,2411,2394,2401,2469,2384,2380,2398,2384,2441,2381,2378,2370,2356,2355,2379,2381,2392,2392,2389,2400,2391,2369,2380,2367,2438,2381,2374,2371,2369,2381,2370,2410,2366,2366,2362,2359,2361,2412,2359,2367,2356,2356,2364,2367,2410,2424,2367,2365,2362,2356,2363,2349,2338,2355,2345,2342,2329,2329,2336,2328,2324,2320,2320,2316,2324,2319,2309,2321,2318,2312,2322,2339,2329,2335,2331,2331,2335,2388,2324,2349,2402,2354,2343,2331,2349,2364,2357,2357,2374,2401,2398,2392,2399,2457,2402,2427,2420,2486,2422,2422,2426,2418,2432,2444,2440,2421,2437,2442,2424,2421,2502,2439,2433,2502,2420,2424,2418,2427,2432,2432,2421,2420,2429,2432,2417,2426,2425,2432,2443,2438,2441,2423,2416,2425,2416,2416,2412,2404,2396,2387,2373,2361,2358,2426,2350,2348,2354,2335,2331,2395,2394,2354,2355,2335,2344,2352,2365,2351,2360,2378,2387,2396,2397,2418,2425,2406,2423,2480,2405,2381,2394,2372,2385,2385,2371,2372,2376,2381,2371,2369,2392,2409,2400,2414,2393,2427,2425,2432,2439,2417,2420,2422,2390
Starbucks,2334,2328,2373,2291,2296,2261,2253,2234,2233,2237,2238,2243,2243,2224,2240,2262,2263,2284,2290,2303,2311,2339,2332,2392,2319,2311,2303,2309,2303,2281,2270,2270,2269,2276,2268,2289,2282,2281,2293,2267,2218,2196,2135,2133,2136,2134,2109,2094,2084,2068,2073,2077,2123,2183,2229,2224,2322,2291,2317,2322,2340,2365,2373,2383,2370,2367,2361,2333,2354,2347,2338,2352,2342,2352,2361,2356,2380,2382,2397,2409,2407,2429,2426,2482,2469,2404,2414,2388,2396,2386,2386,2395,2447,2397,2393,2410,2461,2401,2416,2427,2418,2392,2413,2405,2414,2401,2389,2453,2393,2386,2373,2372,2381,2367,2358,2384,2390,2381,2387,2396,2391,2400,2384,2371,2376,2367,2375,2381,2377,2441,2360,2364,2356,2356,2353,2367,2363,2369,2424,2352,2357,2365,2361,2358,2366,2367,2358,2365,2364,2365,2353,2343,2410,2345,2348,2342,2351,2350,2345,2336,2321,2326,2326,2320,2312,2312,2321,2318,2317,2377,2303,2302,2317,2326,2332,2330,2333,2318,2332,2333,2333,2329,2326,2351,2347,2339,2351,2338,2347,2428,2367,2365,2433,2377,2383,2389,2403,2394,2393,2420,2417,2414,2474,2409,2420,2412,2418,2482,2432,2434,2425,2432,2429,2429,2432,2432,2439,2432,2421,2440,2419,2433,2435,2487,2416,2418,2432,2426,2420,2413,2413,2416,2426,2427,2432,2439,2433,2441,2418,2420,2426,2423,2426,2397,2385,2387,2423,2376,2426,2366,2347,2345,2352,2334,2320,2397,2327,2344,2351,2345,2341,2355,2343,2367,2345,2369,2397,2411,2462,2411,2424,2475,2420,2427,2473,2464,2391,2386,2441,2382,2436,2381,2361,2377,2361,2382,2389,2386,2396,2406,2415,2412,2410,2423,2500,2442,2434,2441,2420,2401,2381,2363,2355,2351,2303,2282,2275,2253,2245,2247,2240,2222,2226,2233,2232,2265,2256,2254,2272,2282
Starbucks,2318,2383,2340,2339,2320,2321,2303,2303,2288,2293,2291,2274,2267,2266,2295,2283,2280,2291,2272,2243,2179,2156,2121,2193,2138,2170,2096,2089,2073,2150,2092,2133,2172,2212,2311,2289,2320,2344,2361,2385,2375,2381,2365,2381,2366,2335,2352,2339,2340,2352,2351,2355,2342,2365,2359,2443,2400,2393,2400,2409,2424,2417,2408,2403,2400,2409,2397,2386,2389,2449,2377,2449,2396,2413,2414,2412,2410,2409,2429,2408,2424,2472,2400,2406,2405,2400,2393,2387,2400,2375,2377,2441,2443,2371,2371,2360,2379,2395,2388,2438,2379,2400,2384,2376,2380,2426,2372,2381,2377,2372,2381,2373,2357,2371,2366,2356,2365,2362,2358,2365,2364,2355,2352,2369,2362,2355,2367,2349,2363,2356,2363,2366,2358,2353,2401,2351,2347,2403,2345,2338,2331,2336,2324,2338,2328,2322,2318,2310,2318,2325,2374,2321,2317,2315,2321,2321,2331,2337,2340,2324,2323,2326,2327,2334,2335,2354,2410,2348,2342,2353,2360,2366,2361,2357,2367,2380,2367,2451,2400,2415,2406,2411,2471,2486,2427,2432,2416,2428,2487,2416,2445,2434,2444,2444,2444,2441,2435,2432,2445,2434,2440,2425,2420,2413,2419,2480,2417,2416,2425,2417,2428,2419,2416,2427,2425,2478,2429,2439,2437,2432,2441,2432,2416,2424,2470,2400,2411,2400,2449,2364,2355,2366,2360,2335,2329,2332,2327,2325,2334,2339,2340,2342,2342,2339,2348,2347,2373,2385,2366,2389,2465,2416,2412,2406,2426,2417,2424,2424,2400,2394,2370,2442,2382,2376,2377,2377,2436,2363,2400,2390,2416,2412,2408,2455,2474,2432,2434,2437,2432,2477,2412,2369,2366,2361,2343,2317,2297,2282,2289,2253,2260,2233,2296,2245,2226,2236,2229,2229,2311,2267,2292,2289,2299,2303,2303,2326,2336,2321,2312,2311,2297,2289,2344,2349,2280,2270,2280,2270,2266,2291
Starbucks,2209,2227,2186,2181,2145,2183,2136,2125,2108,2103,2086,2064,2073,2129,2185,2182,2227,2321,2290,2318,2413,2348,2364,2381,2375,2384,2361,2369,2357,2335,2352,2330,2353,2409,2351,2341,2367,2361,2367,2380,2388,2400,2408,2432,2413,2414,2408,2404,2376,2389,2395,2393,2450,2383,2395,2399,2384,2402,2412,2405,2407,2426,2396,2483,2395,2406,2411,2458,2396,2385,2389,2392,2454,2395,2378,2383,2370,2364,2356,2381,2380,2399,2385,2395,2391,2456,2396,2386,2381,2381,2377,2432,2375,2373,2369,2381,2361,2424,2367,2361,2356,2365,2367,2426,2347,2361,2365,2365,2356,2358,2367,2369,2356,2356,2365,2370,2370,2352,2335,2395,2348,2409,2355,2352,2334,2333,2395,2334,2340,2320,2366,2380,2320,2303,2314,2311,2311,2312,2335,2338,2338,2324,2333,2335,2321,2330,2398,2338,2347,2339,2349,2341,2367,2364,2357,2366,2378,2393,2399,2389,2402,2411,2411,2416,2427,2416,2414,2424,2426,2410,2436,2436,2435,2440,2494,2424,2432,2432,2432,2435,0,2429,2432,0,2428,2413,0,2411,2425,0,2413,2432,0,2432,2419,0,2426,2484,0,2411,2415,0,2407,2421,0,2426,2436,0,2429,2439,2409,2424,0,2423,2415,0,2409,2393,0,2432,2375,0,2379,2350,0,2356,2351,0,2327,2319,0,2325,2326,0,2347,2346,0,2342,2348,0,2344,2341,2343,2351,0,2411,2380,0,2386,2400,0,2397,2413,0,2432,2424,0,2426,2413,0,2406,2385,0,2384,2432,0,2378,2382,0,2381,2375,0,2381,2385,0,2400,2415,0,2414,2401,0,2426,2414,0,2432,2437,2420,2428,2408,2396,2349,2341,2325,2301,2292,2273,2328,2314,2292,2245,2244,2237,2234,2226,2240,2251,2276,2291,2281,2291,2312,2321,2320,2322,2302,2320,2317,2297,2290,2288
Starbucks,2256,2322,2266,2262,2272,2332,2276,2276,2268,2244,2198,2192,2166,2125,2133,2126,2096,2093,2089,2072,2145,2122,2123,2211,2213,2246,2267,2300,2303,2330,2340,2367,2376,2437,2380,2377,2372,2441,2366,2408,2411,2345,2343,2350,2348,2332,2367,2381,2390,2395,2408,2457,2410,2420,2416,2392,2463,2380,2389,2400,2398,2382,2384,2390,2397,2393,2414,2415,2396,2425,2410,2406,2413,2406,2468,2412,2393,2386,2378,2384,2365,2385,2373,2361,2354,2364,2366,2395,2392,2400,2390,2380,2371,2367,2374,2442,2377,2371,2373,2382,2429,2376,2361,2354,2366,2348,2356,2366,2369,2421,2366,2358,2355,2364,2355,2345,2364,2420,2356,2414,2362,2356,2341,2354,2341,2341,2341,2335,2351,2354,2330,2325,2331,2335,2334,2329,2303,2324,2303,2319,2312,2314,2313,2375,2339,2335,2396,2335,2327,2325,2338,2329,2336,2350,2347,2354,2355,2341,2351,2367,2365,2369,2363,2378,2385,2380,2416,2414,2415,2406,2409,2416,2480,2487,2412,2425,2417,2419,2435,2436,2432,2442,2496,2441,2440,2491,2442,2490,2432,2425,2408,2432,2418,2417,2408,2423,2486,2429,2426,2417,2426,2407,2428,2445,2422,2440,2433,2442,2427,2432,2425,2416,2413,2471,2378,2372,2375,2380,2357,2366,2349,2344,2327,2336,2325,2327,2353,2341,2338,2339,2354,2348,2338,2361,2372,2382,2400,2387,2400,2408,2432,2408,2420,2426,2408,2390,2397,2372,2372,2379,2386,2362,2382,2384,2383,2367,2393,2470,2409,2411,2403,2428,2441,2426,2441,2435,2418,2413,2433,2370,2354,2349,2377,2303,2262,2261,2252,2256,2245,2230,2240,2245,2248,2235,2261,2252,2265,2279,2301,2324,2321,2318,2327,2326,2323,2312,2310,2302,2274,2280,2275,2262,2320,2278,2273,2263,2292,2344,2285,2274,2209,2169,2149,2127,2130,2108,2096,2078,2075,2078
Starbucks,2228,2231,2279,2279,2297,2317,2334,2360,2361,2432,2370,2385,2370,2373,2356,2348,2352,2339,2325,2343,2346,2355,2351,2353,2357,2372,2386,2398,2471,2401,2416,2416,2398,2411,2390,2398,2387,2386,2388,2390,2386,2378,2396,2411,2412,2464,2400,2406,2419,2408,2407,2470,2400,2395,2394,2381,2389,2397,2377,2367,2381,2435,2360,2366,2378,2436,2397,2391,2456,2384,2393,2394,2384,2380,2379,2371,2380,2385,2364,2442,2363,2355,2357,2367,2360,2360,2426,2366,2356,2372,2364,2358,2366,2356,2370,2367,2416,2425,2366,2411,2370,2366,2349,2352,2350,2340,2352,2347,2347,2324,2335,2320,2341,2335,2382,2319,2364,2320,2317,2312,2323,2316,2314,2308,2392,2328,2340,2328,2325,2340,2332,2325,2345,2345,2411,2354,2342,2338,2364,2357,2358,2356,2379,2438,2449,2416,2401,2408,2401,2412,2417,2422,2420,2417,2407,2417,2434,2434,2441,2436,2441,2437,2504,2433,2427,2439,2426,2433,2432,2429,2418,2432,2424,2468,2413,2428,2419,2426,2416,2482,2424,2416,2414,2437,2432,2432,2432,2419,2421,2417,2426,2401,2464,2400,2388,2374,2371,2365,2361,2352,2345,2390,2335,2325,2335,2330,2375,2352,2349,2355,2353,2339,2344,2363,2374,2372,2400,2386,2406,2426,2416,2432,2425,2432,2417,2410,2452,2381,2376,2373,2381,2372,2372,2380,2379,2381,2382,2389,2397,2411,2394,2475,2432,2424,2437,2428,2432,2428,2414,2403,2391,2366,2352,2341,2325,2303,2271,2251,2264,2233,2232,2242,2224,2233,2235,2238,2264,2241,2272,2279,2294,2317,2311,2329,2326,2319,2372,2300,2303,2284,2283,2284,2276,2264,2272,2268,2275,2281,2280,2290,2251,2204,2182,2164,2150,2127,2135,2113,2104,2105,2089,2062,2088,2131,2122,2175,2216,2249,2350,2321,2347,2370,2408,2359,2383,2374,2362,2438,2356,2357
Starbucks,2344,2400,2410,2405,2347,2355,2360,2360,2383,2393,2411,2415,2412,2427,2418,2408,2404,2400,2387,2385,2396,2400,2396,2396,2392,2450,2393,2414,2411,2410,2406,2425,2424,2419,2410,2402,2410,2395,2390,2393,2389,2440,2377,2385,2380,2363,2360,2382,2395,2398,2393,2385,2388,2387,2369,2383,2376,2437,2381,2367,2370,2380,2371,2354,2370,2367,2356,2359,2365,2359,2362,2363,2352,2349,2364,2365,2365,2358,2367,2364,2362,2365,2364,2343,2351,2350,2344,2355,2341,2316,2327,2397,2330,2339,2335,2317,2313,2324,2321,2313,2321,2314,2309,2320,2321,2332,2393,2335,2393,2335,2333,2323,2326,2316,2354,2355,2344,2352,2350,2348,2367,2356,2360,2381,2377,2385,2414,2402,2401,2413,2415,2406,2425,2425,2416,2422,2480,2432,2436,2440,2439,2444,2467,2428,2438,2492,2444,2436,2487,2427,2418,2419,2413,2415,2423,2409,2424,2424,2418,2415,2426,2426,2440,2445,2429,2429,2425,2432,0,2418,2417,0,2419,2405,0,2380,2385,0,2369,2376,0,2358,2358,0,2346,2347,2325,2330,2336,2335,2336,2403,2352,2354,2340,2350,2401,2358,2367,2364,2382,2451,2403,2474,2414,2419,2426,2416,2413,2415,2413,2376,2383,2372,2380,2380,2441,2379,2373,2370,2377,2400,2405,2414,2408,2412,2426,2480,2420,2435,2485,2414,2461,2455,2346,2346,2385,2287,2352,2274,2253,2247,2237,2244,2243,2233,2235,2242,2264,2261,2274,2279,2298,2308,2302,2303,2335,2365,2316,2314,2303,2294,2284,2283,2279,2331,2273,2264,2276,2289,2279,2295,2291,2264,2228,2181,2154,2150,2130,2117,2109,2089,2106,2075,2073,2160,2135,2200,2189,2227,2258,2292,2303,2315,2352,2349,2380,2371,2380,2377,2369,2370,2345,2342,2350,2410,2334,2350,2351,2349,2363,2367,2373,2395,2410,2414,2465,2427,2425,2416
Starbucks,2389,2394,2455,2395,2400,2397,2393,2393,2395,2400,2400,2410,2417,2428,2423,2454,2454,2416,2404,2411,2392,2452,2396,2397,2386,2378,2372,2367,2361,2377,2376,2380,2444,2386,2392,2388,2387,2380,2372,2385,2378,2371,2382,2371,2369,2371,2417,2357,2416,2363,2367,2350,2355,2361,2369,2424,2424,2365,2369,2370,2362,2365,2364,2364,2362,2363,2421,2344,2348,2352,2349,2402,2354,2330,2328,2376,2326,2327,2336,2313,2318,2312,2313,2313,2316,2316,2337,2328,2323,2335,2324,2336,2326,2336,2330,2325,2331,2331,2349,2347,2355,2337,2357,2352,2375,2385,2390,2414,2413,2404,2467,2412,2422,2420,2417,2416,2414,2420,2419,2440,2438,2498,2441,2434,2432,2440,2433,2423,2435,2441,2440,2422,2432,2479,2424,2418,2426,2418,2428,2421,2488,2416,2424,2483,2407,2432,2432,2427,2421,2432,2426,2427,2419,2472,2400,2398,2456,2381,2363,2360,2355,2341,2330,2332,2336,2323,2325,2336,2351,2355,2397,2351,2344,2338,2361,2373,2380,2392,2401,2412,2400,2421,2426,2483,2416,2406,2400,2396,2396,2372,2384,2370,2365,2371,2381,2386,2372,2371,2385,2396,2416,2414,2403,2412,2410,2416,2440,2428,2419,2426,2399,2396,2379,2355,2353,2384,2317,2290,2267,2324,2296,2235,2243,2222,2228,2242,2242,2263,2253,2273,2275,2282,2302,2315,2339,2320,2384,2309,2321,2321,2296,2288,2291,2277,2260,2266,2266,2278,2278,2290,2287,2282,2275,2231,2229,2175,2148,2190,2127,2116,2115,2104,2087,2064,2105,2127,2182,2209,2270,2283,2315,2345,2349,2424,2382,2385,2385,2381,2371,2367,2339,2345,2328,2329,2349,2341,2339,2349,2361,2425,2422,2384,2471,2401,2432,2413,2421,2426,2401,2411,2400,2386,2452,2386,2387,2460,2400,2395,2386,2410,2407,2404,2396,2415,2412,2414,2396,2414,2401,2412
Starbucks,2390,2376,2452,2367,2434,2434,2373,2351,0,2365,2367,0,2387,2396,0,2388,2398,0,2396,2385,0,2386,2440,0,2367,2384,2381,0,2433,2380,0,2361,2365,0,2365,2413,0,2360,2370,0,2363,2362,0,2366,2361,0,2365,2355,0,2362,2358,0,2355,2366,0,2359,2366,0,2354,2354,0,2352,2400,0,2342,2350,0,2347,2354,0,2336,2322,0,2322,2381,0,2333,2303,0,2313,2323,0,2303,2316,0,2311,2312,0,2320,2325,0,2326,2331,0,2335,2326,0,2393,2317,0,2332,2321,0,2325,2338,0,2341,2339,0,2355,2344,0,2426,2357,0,2356,2371,0,2396,2387,0,2410,2406,0,2394,2416,0,2421,2425,0,2416,2423,2424,2416,2428,2435,2425,2441,2435,2438,2494,2440,2438,2432,2429,2426,2486,2426,2419,2416,2424,2432,2416,2424,2419,2414,2432,2478,2413,2416,2445,2422,2435,2444,2428,2424,2476,2412,2401,2406,2409,2391,2379,2373,2354,2338,2345,2410,2333,2328,2339,2325,2382,2333,2339,2354,2350,2341,2349,2342,2366,2366,2377,2384,2402,2413,2423,2417,2411,2441,2405,2413,2451,2384,2370,2371,2442,2370,2346,2369,2385,2384,2377,2456,2395,2408,2413,2410,2473,2425,2438,2438,2445,2437,2416,2460,2441,2369,2369,2352,2303,2295,2269,2260,2252,2238,2237,2244,2209,2238,2233,2244,2262,2259,2273,2287,2301,2320,2314,2328,2325,2320,2321,2288,2296,2294,2289,2280,2266,2267,2266,2280,2266,2257,2292,2266,2228,2255,2156,2160,2137,2181,2128,2105,2084,2066,2085,2093,2118,2159,2228,2303,2288,2299,2335,2363,2424,2356,2380,2382,2370,2357,2333,2335,2407,2352,2407,2408,2352,2361,2369,2375,2384,2451,2395,2407,2411,2432,2417,2471,2410,2399,2396,2443,2395,2397,2400,2387,2396,2395
Starbucks,2394,2394,2407,2486,2402,2463,2405,2408,2402,2410,2440,2455,2400,2389,2373,2380,2376,2358,2365,2376,2372,2383,2391,2385,2384,2400,2387,2384,2379,2372,2376,2377,2371,2370,2378,2372,2358,2370,2367,2370,2369,2363,2425,2356,2370,2360,2355,2354,2366,2358,2357,2354,2358,2370,2371,2359,2352,2337,2345,2405,2352,2346,2342,2334,2387,2330,2335,2311,2313,2324,2309,2318,2312,2318,2322,2316,2310,2333,2329,2321,2328,2339,2336,2329,2318,2334,2339,2343,2340,2340,2346,2354,2332,2335,2354,2363,2377,2372,2388,2416,2394,2414,2420,2421,2427,2424,2417,2432,2476,2421,2425,2438,2432,2437,2444,2432,2428,2437,2445,2423,2501,2424,2418,2423,2411,2415,2426,2408,2421,2413,2416,2484,2429,2424,2423,2412,2416,2440,2439,2435,2441,2416,2414,2413,2416,2400,2447,2400,2385,2371,2366,2358,2347,2330,2324,2329,2328,2328,2330,2351,2346,2347,2345,2344,2369,2384,2366,2385,2395,2414,2471,2408,2417,2425,2417,2402,2409,2444,2387,2379,2373,2372,2384,2377,2375,2442,2373,2378,2396,2386,2472,2416,2408,2402,2415,2440,2442,2435,2438,2426,2438,2372,2422,2352,2324,2314,2291,2275,2265,2254,2242,2236,2295,2247,2299,2299,2227,2258,2277,2265,2290,2273,2301,2321,2332,2339,2315,2324,2322,2367,2303,2288,2294,2278,2270,2264,2258,2277,2347,2281,2352,2278,2264,2218,2196,2151,2153,2194,2117,2115,2106,2076,2065,2088,2131,2136,2180,2224,2250,2286,2316,2350,2370,2353,2379,2372,2373,2385,2441,2352,2406,2351,2325,2355,2349,2336,2412,2410,2365,2376,2383,2385,2401,2401,2420,2415,2414,2462,2411,2391,2384,2398,2386,2386,2395,2455,2393,2392,2403,2400,2401,2411,2405,2416,2473,2416,2455,2469,2402,2385,2395,2400,2390,2395,2376,2382,2367,2363,2358,2382
Starbucks,2386,2397,2378,2398,2394,2387,2382,2377,2362,2383,2374,2382,2380,2379,2355,2370,2364,2347,2429,2367,2361,2369,2365,2409,2366,2365,2349,2369,2366,2363,2348,2363,2366,2363,2342,2355,2352,2352,2352,2348,2330,2332,2331,2328,2327,2312,2323,2303,2312,2309,2317,2311,2313,2313,2313,2330,2335,2331,2395,2330,2330,2329,2334,2327,2325,2347,2345,2344,2349,2341,2367,2357,2358,2379,2448,2457,2393,2409,2402,2402,2429,2411,2425,2427,2425,2416,2418,2435,2444,2440,2440,2435,2441,2439,2503,2432,2440,2433,2441,2429,2468,2417,2416,2427,2426,2419,2427,2427,2475,2432,2427,2409,2436,2501,2440,2440,2432,2441,2408,2408,2413,2410,0,2400,2390,0,2376,2432,0,2363,2355,0,2329,2401,0,2345,2335,0,2326,2326,0,2336,2341,0,2347,2405,0,2355,2351,0,2347,2367,0,2381,2379,2415,2464,2401,2416,2422,2427,2425,2467,2400,2396,2390,2369,2387,2372,2375,2375,2366,2381,2364,2396,2397,2404,2404,2411,2454,2487,2442,2443,2432,2426,2407,2385,2387,2376,2329,2328,2321,2290,2261,2261,2262,2234,2242,2242,2294,2242,2242,2233,2250,2259,2267,2278,2290,2302,2310,2329,2324,2322,2311,2320,2303,2296,2293,2292,2352,2272,2331,2274,2271,2327,2290,2348,2266,2228,2257,2195,2129,2135,2132,2116,2099,2090,2064,2078,2130,2175,2174,2227,2249,2289,2317,2346,2370,2369,2366,2380,2378,2376,2373,2356,2351,2350,2347,2350,2355,2354,2407,2367,2417,2371,2396,2453,2390,2410,2480,2418,2417,2407,2401,2396,2399,2382,2445,2386,2395,2394,2398,2409,2404,2468,2398,2409,2419,2419,2412,2405,2402,2411,2409,2391,2397,2392,2447,2382,2380,2374,2371,2366,2408,2433,2399,2390,2380,2455,2394,2390,2397,2373,2433,2380,2367,2367,2384,2378,2372
Starbucks,2350,2361,2426,2364,2371,2367,2363,2360,2347,2360,2366,2365,2367,2358,2363,2357,2347,2370,2366,2363,2405,2340,2350,2353,2349,2409,2397,2339,2333,2387,2335,2335,2316,2321,2315,2311,2321,2317,2312,2324,2316,2303,2329,2325,2326,2338,2328,2324,2329,2390,2335,2350,2342,2340,2346,2367,2369,2426,2350,2381,2377,2373,2396,2407,2406,2400,2424,2480,2432,2423,2422,2428,2432,2432,2425,2434,2501,2441,2432,2427,2442,2438,2435,2432,2440,2432,2426,2434,2444,2405,2426,2422,2426,2413,2425,2416,2423,2421,2421,2417,2425,2432,2442,2445,2434,2441,2423,2422,2432,2402,2400,2389,2392,2380,2363,2418,2350,2346,2338,2328,2329,2339,2334,2348,2350,2348,2343,2353,2360,2369,2380,2379,2392,2397,2423,2422,2426,2418,2479,2411,2386,2393,2381,2376,2380,2374,2371,2367,2360,2433,2394,2399,2399,2411,2408,2411,2430,2435,2444,2429,2423,2403,2396,2352,2341,2340,2316,2303,2286,2263,2247,2246,2247,2302,2242,2235,2298,2235,2232,2261,2276,2286,2287,2288,2297,2320,2330,2339,2334,2319,2315,2303,2294,2282,2290,2266,2274,2275,2265,2266,2285,2283,2291,2267,2272,2199,2150,2132,2188,2135,2117,2087,2087,2069,2108,2106,2152,2197,2240,2269,2282,2312,2350,2345,2356,2381,2366,2371,2381,2377,2365,2349,2342,2354,2392,2347,2407,2351,2361,2367,2379,2396,2445,2411,2408,2423,2407,2407,2407,2462,2396,2444,2396,2385,2454,2395,2393,2410,2398,2471,2410,2407,2477,2410,2414,2403,2407,2409,2401,2386,2400,2398,2395,2380,2381,2432,2366,2361,2359,2373,2437,2395,2380,2396,2388,2397,2374,2378,2367,2382,2384,2424,2372,2438,2372,2367,2369,2361,2364,2360,2354,2365,2369,2366,2365,2413,2369,2358,2357,2360,2365,2369,2425,2345,2365,2358,2344,2354,2351,2334
