Toblerone,2709,2721,2710,2720,2718,2707,2708,2706,2713,2718,2713,2776,2787,2719,2716,2712,2719,2717,2717,2717,2705,2697,2741,2660,2665,2665,2694,2697,2716,2719,2719,2709,2718,2779,2715,2710,2721,2721,2711,2720,2720,2721,2721,2721,2789,2718,2721,2719,2710,2721,2710,2720,2709,2706,2707,2710,2777,2777,2717,2719,2716,2707,2710,2719,2708,2718,2721,2707,2714,2719,2717,2707,2708,2708,2777,2719,2709,2719,2720,2785,2709,2719,2789,2706,2719,2715,2720,2709,2719,2717,2718,2717,2719,2719,2713,2774,2715,2704,2701,2695,2654,2586,2590,2506,2425,2389,2201,2191,2087,1969,1903,1715,1632,1663,1833,1823,2053,2205,2251,2407,2428,2423,2465,2520,2548,2553,2581,2555,2581,2598,2613,2621,2629,2637,2652,2640,2647,2640,2649,2653,2651,2661,2720,2732,2645,2659,2648,2646,2650,2672,2672,2665,2673,2672,2663,2654,2666,2685,2684,2677,2682,2748,2683,2683,2678,2682,2672,2672,2680,2752,2758,2760,2693,2693,2690,2704,2700,2696,2689,2685,2705,2709,2708,2777,2703,2701,2782,2712,2712,2712,2777,2700,2712,2715,2702,2704,2714,2715,2704,2717,2715,2787,2718,2787,2707,2778,2718,2707,2777,2788,2714,2709,2719,2705,2719,2720,2709,2719,2718,2718,2720,2720,2709,2719,2719,2784,2706,2720,2721,2719,2709,2789,2707,2721,2714,2720,2719,2714,2720,2714,2710,2721,2789,2710,2718,2720,2719,2719,2721,2710,2721,2715,2721,2710,2712,2721,2708,2789,2721,2780,2776,2776,2710,2719,0,2709,2708,2708,0,2779,2720,0,2720,2776,0,2710,2719,0,2708,2719,0,2722,2788,0,2789,2780,0,2719,2707,0,2787,2718,0,2721,2710,0,2710,2709,2786,0,2709,2718,2717,2716,2720,2709,2788,2710,2710,2788,2776,2721,2720,2721,2717,2787,2706,2718,2721,2709
Toblerone,2709,2718,2718,2786,2720,2718,2706,2718,2715,2716,2719,2718,2715,2713,2777,2700,2687,2650,2665,2741,2701,2687,2713,2787,2711,2718,2710,2719,2708,2720,2720,2788,2719,2712,2779,2710,2710,2709,2708,2720,2721,2708,2720,2718,2721,2709,2720,2720,2707,2719,2721,2709,2708,2719,2708,2718,2709,2720,2719,2715,2707,2718,2708,2716,2705,2717,2712,2718,2708,2719,2719,2719,2707,2706,2719,2720,2719,2786,2718,2720,2707,2705,2708,2719,2719,2706,2717,2708,2787,2717,2785,2700,2702,2701,2672,2615,2600,2535,2440,2372,2242,2131,2134,2016,1906,1855,1663,1633,1637,1724,1882,2055,2189,2301,2293,2371,2432,2478,2534,2625,2581,2652,2599,2599,2605,2611,2620,2639,2637,2625,2644,2629,2645,2718,2661,2653,2652,2661,2660,2654,2662,2647,2656,2661,2659,2662,2664,2674,2673,2654,2728,2672,2685,2681,2676,2682,2675,2683,2681,2752,2683,2673,2687,2682,2689,2684,2683,2694,2685,2764,2769,2701,2767,2707,2706,2708,2696,2702,2705,2713,2712,2713,2712,2713,2713,2784,2785,2715,2714,2713,2708,2774,2706,2717,2776,2719,2719,2708,2718,2718,2720,2789,2776,2718,2720,2712,2707,2720,2720,2786,2717,2708,2720,2719,2719,2708,2720,2719,2716,2710,2720,2720,2718,2779,2722,2720,2717,2710,2720,2711,2721,2720,2710,2773,2720,2710,2720,2719,2715,2710,2720,2711,2721,2789,2720,2719,2709,2719,2720,2720,2777,2709,2719,2719,2708,2789,2720,2717,2711,2709,2788,2719,2774,2709,2718,2709,2708,2720,2719,2709,2720,2709,2719,2720,2779,2719,2720,2720,2779,2719,2708,2719,2719,2710,2709,2712,2707,2720,2720,2720,2718,2707,2707,2707,2718,2720,2719,2718,2709,2720,2718,2717,2718,2718,2788,2715,2718,2718,2706,2718,2708,2719,2714,2717,2716,2701,2701,2687,2663,2661
Toblerone,2697,2708,2712,2716,2717,2720,2721,2720,2718,2720,2721,2709,2720,2718,2722,2721,2709,2718,2720,2721,2710,2720,2708,2709,2719,2720,2709,2718,2709,2709,2720,2709,2721,2715,2719,2720,2708,2717,2717,2707,2708,2720,2710,2718,2717,2717,2719,2719,2717,2713,2719,2713,2718,2719,2707,2708,2717,2719,2720,2716,2708,2778,2785,2718,2711,2719,2714,2708,2718,2708,2704,2715,2705,2706,2747,2623,2558,2479,2392,2335,2152,2150,2109,1920,1784,1776,1668,1625,1709,1877,1872,2030,2170,2354,2378,2460,2447,2538,2559,2581,2647,2588,2677,2607,2615,2622,2614,2627,2634,2648,2642,2702,2631,2643,2660,2656,2664,2664,2656,2651,2660,2658,2663,2645,2661,2665,2673,2672,2674,2672,2669,2737,2659,2672,2672,2740,2680,2684,2740,2675,2683,2672,2752,2694,2684,2691,2676,2687,2680,2700,2700,2690,2701,2689,2706,2697,2707,2780,2712,2711,2701,2712,2701,2706,2713,2714,2771,2715,2704,2705,2717,2705,2786,2717,2717,2717,2709,2713,2714,2719,2718,2721,2720,2715,2720,2721,2719,2708,2719,2787,2709,2720,2787,2708,2719,2719,2709,2788,2789,2708,2719,2720,2720,2707,2710,2720,2790,2718,2709,2720,2722,2708,2720,2709,2709,2789,2718,2720,2721,2710,2709,2720,2720,2718,2718,2709,2707,2710,2720,2716,2717,2720,2718,2717,2720,2720,2778,2719,2718,2711,2720,2720,2708,2718,2718,2721,2709,2719,2717,2720,2709,2708,2708,2720,2719,2720,2710,2720,2788,2719,2720,2710,2720,2720,2706,2710,2714,2720,2716,2789,2707,2709,2719,2710,2720,2708,2710,2709,2720,2708,2712,2707,2790,2720,2722,2716,2717,2717,2708,2714,2719,2708,2788,2717,2707,2717,2714,2703,2682,2662,2665,2686,2683,2696,2783,2718,2707,2720,2721,2710,2777,2719,2708,2721,2720,2721,2706,2720,2721,2789
Toblerone,2709,2721,2710,2710,2713,2707,2721,2720,2721,2720,2720,2720,2718,2789,2716,2719,2788,2719,2719,2720,2720,2707,2707,2707,2719,2706,2717,2720,2719,2718,2715,2719,2709,2709,2711,2720,2716,2789,2709,2720,2720,2719,2717,2708,2718,2718,2776,2718,2787,2706,2718,2719,2717,2715,2707,2681,2630,2636,2559,2476,2382,2356,2221,2052,1959,1819,1680,1685,1635,1759,1853,2017,2158,2284,2386,2383,2428,2473,2532,2541,2581,2579,2572,2657,2606,2612,2622,2618,2632,2622,2644,2704,2650,2649,2638,2661,2659,2653,2664,2662,2650,2661,2652,2644,2676,2742,2742,2673,2661,2673,2674,2665,2727,2742,2680,2684,2683,2682,2748,2684,2739,2683,2683,2669,2679,2750,2693,2680,2691,2681,2691,2701,2689,2700,2697,2701,2707,2776,2702,2699,2712,2711,2712,2713,2712,2768,2784,2713,2715,2705,2717,2774,2706,2716,2717,2717,2707,2718,2720,2708,2719,2718,2785,2720,2718,2718,2719,2719,2720,2709,2708,2708,2712,2709,2720,2719,2708,2719,2708,2709,2721,2709,2709,2710,2721,2778,2719,2718,2709,2789,2721,2710,2708,2707,2706,2710,2721,2709,2721,2719,2710,2709,2721,2710,2708,2720,2709,2720,2720,2722,2709,2720,2719,2706,2721,2720,2719,2718,2775,2719,2709,2718,2709,2718,2709,2719,2719,2718,2715,2708,2719,2709,2720,2710,2718,2778,2710,2720,2710,2710,2709,2721,0,2708,2709,0,2721,2720,0,2714,2708,0,2708,2705,2721,2708,2719,0,2719,2708,0,2711,2707,0,2770,2708,2716,2718,2717,2719,2719,2718,2718,2717,2709,2719,2707,2784,2707,2708,2717,2703,2716,2705,2683,2660,2661,2680,2692,2714,2771,2720,2721,2708,2719,2788,2720,2720,2707,2720,2720,2720,2709,2720,2720,2717,2709,2784,2710,2710,2719,2710,2777,2787,2720,2790,2720,2709,2719,2721
Toblerone,2710,2720,2720,2717,2708,2708,2775,2707,2716,2720,2709,2708,2718,2709,2713,2707,2707,2719,2707,2706,2709,2708,2720,2719,2776,2718,2719,2708,2719,2710,2708,2719,2718,2718,2718,2706,2720,2707,2776,2704,2699,2675,2673,2601,2524,2446,2355,2244,2127,2005,1896,1770,1829,1641,1700,1814,1928,1928,2060,2201,2389,2396,2456,2500,2600,2557,2581,2570,2571,2596,2608,2619,2613,2636,2628,2647,2639,2648,2648,2660,2663,2649,2659,2662,2646,2664,2662,2660,2652,2731,2670,2665,2738,2675,2670,2673,2671,2665,2683,2684,2673,2672,2673,2742,2683,2666,2667,2683,2690,2678,2679,2694,2684,2682,2701,2757,2700,2701,2707,2697,2708,2698,2712,2703,2713,2712,2700,2711,2712,2710,2702,2715,2715,2713,2717,2705,2717,2718,2707,2719,2709,2717,2706,2720,2719,2720,2719,2706,2720,2719,2719,2715,2709,2721,2720,2707,2719,2718,2709,2707,2720,2719,2709,2718,2708,2789,2788,2720,2720,2719,2710,2721,2707,2776,2718,2721,2721,2721,2717,2721,2722,2709,2710,2721,2708,2711,2708,2716,2719,2712,2721,2789,2785,2720,2720,2776,2715,2721,2720,2719,2720,2706,2777,2718,2710,2717,2708,2708,2790,2719,2718,2718,2720,2710,2720,2715,2775,2713,2720,2709,2720,2718,2720,2709,2710,2719,2710,2715,2719,2788,2720,2720,2717,2706,2787,2709,2720,2710,2721,2710,2718,2710,2709,2720,2719,2718,2720,2709,2709,2719,2718,2778,2719,2707,2708,2718,2787,2707,2768,2701,2704,2690,2672,2664,2675,2683,2686,2710,2718,2708,2718,2720,2706,2717,2721,2709,2721,2720,2711,2721,2720,2708,2721,2720,2718,2708,2720,2711,2788,2721,2710,2789,2720,2710,2718,2710,2709,2790,2720,2708,2786,2718,2776,2709,2720,2708,2787,2712,2706,2704,2707,2717,2718,2708,2788,2720,2779,2720,2719,2710
Toblerone,2708,2708,2720,2719,2719,2719,2711,2716,2718,2718,2717,2717,2719,2717,2718,2705,2765,2682,2631,2559,2559,2535,2385,2273,2142,2033,1923,1997,1855,1682,1708,1627,1656,1807,2005,2137,2127,2261,2349,2404,2475,2524,2506,2546,2627,2567,2574,2579,2588,2596,2687,2616,2628,2634,2648,2713,2640,2650,2638,2647,2715,2664,2662,2652,2731,2659,2659,2652,2664,2659,2662,2664,2669,2673,2664,2670,2664,2670,2675,2681,2676,2675,2681,2750,2672,2682,2685,2673,2683,2682,2756,2694,2681,2693,2700,2759,2700,2701,2684,2707,2698,2698,2712,2710,2704,2701,2702,2713,2700,2710,2714,2715,2716,2705,2704,2785,2705,2707,2715,2706,2715,2718,2716,2717,2719,2717,2717,2720,2714,2719,2719,2720,2718,2708,2783,2720,2720,2708,2719,2705,2714,2717,2721,2720,2718,2707,2718,2721,2721,2777,2790,2719,2708,2721,2707,2708,2710,2778,2721,2721,2709,2709,2779,2789,2707,2723,2722,2718,2721,2788,2721,2711,2705,2710,2713,2722,2708,2720,2718,2709,2720,2708,2718,2717,2719,2709,2720,2719,2706,2719,2719,2712,2719,2708,2706,2719,2720,2709,2710,2720,2719,2719,2722,2708,2708,2719,2715,2709,2718,2707,2721,2720,2720,2709,2776,2719,2718,2708,2720,2710,2718,2788,2720,2720,2708,2709,2719,2710,2716,2718,2719,2719,2717,2717,2708,2722,2706,2704,2718,2705,2705,2698,2672,2650,2661,2668,2701,2768,2716,2717,2713,2709,2721,2720,2709,2719,2710,2721,2720,2720,2722,2720,2717,2712,2721,2721,2720,2716,2710,2709,2720,2714,2719,2707,2718,2720,2787,2709,2719,2712,2720,2788,2788,2718,2719,0,2709,2707,0,2711,2707,0,2716,2720,2718,2719,2708,2716,2706,2719,2706,2709,2707,2709,2709,2720,2720,2718,2720,2788,2719,2718,2784,2720,2708,2716,2708,2702,2718,2715
Toblerone,2619,2608,2548,2467,2462,2396,2264,2151,2051,1937,1816,1684,1630,1635,1760,1853,2016,2161,2292,2276,2355,2441,2483,2521,2540,2557,2559,2643,2590,2600,2604,2621,2618,2684,2623,2703,2652,2632,2648,2637,2644,2730,2661,2652,2641,2650,2661,2650,2659,2728,2674,2668,2664,2659,2674,2672,2673,2673,2653,2666,2686,2679,2684,2681,2748,2684,2685,2683,2672,2679,2679,2757,2694,2693,2681,2685,2687,2687,2690,2700,2707,2704,2709,2702,2701,2700,2712,2713,2712,2709,2701,2714,2713,2704,2715,2716,2716,2717,2703,2707,2712,2708,2717,2720,2719,2709,2709,2704,2718,2720,2720,2776,2720,2718,2717,2707,2709,2719,2708,2787,2787,2719,2718,2707,2721,2719,2707,2721,2786,2707,2719,2710,2720,2720,2775,2712,2719,2717,2722,2710,2721,2718,2708,2709,2709,2721,2777,2720,2720,2720,2709,2718,2720,2721,2720,2710,2715,2710,2719,2719,2711,2720,2720,2714,2719,2717,2710,2719,2777,2719,2720,2708,2720,2718,2710,2721,2720,2718,2707,2719,2715,2714,2717,2718,2720,2720,2720,2709,2720,2714,2719,2721,2716,2710,2716,2719,2708,2706,2719,2720,2710,2721,2787,2709,2719,2720,2721,2717,2775,2718,2707,2718,2784,2715,2704,2719,2718,2702,2771,2702,2692,2662,2662,2747,2676,2687,2712,2712,2721,2721,2721,2720,2720,2716,2775,2717,2707,2708,2720,2720,2709,2721,2708,2710,2712,2709,2721,2720,2707,2787,2788,2715,2719,2787,2708,2708,2719,2714,2708,2719,2706,2708,2787,2709,2720,2718,2716,2776,2719,2718,2785,2720,2774,2708,2719,2718,2719,2707,2720,2786,2720,2773,2719,2719,2720,2708,2709,2718,2720,2718,2717,2706,2720,2709,2719,2716,2714,2717,2712,2687,2645,2675,2600,2423,2355,2215,2207,2113,2003,1937,1875,1816,1645,1652,1749,1937,2012,2087,2225,2316
Toblerone,2496,2523,2511,2533,2559,2571,2595,2591,2601,2599,2620,2634,2632,2643,2650,2636,2637,2716,2647,2709,2662,2654,2660,2651,2651,2664,2653,2650,2659,2728,2661,2671,2737,2661,2669,2662,2673,2686,2680,2662,2682,2683,2673,2678,2685,2672,2672,2694,2693,2760,2693,2681,2691,2701,2685,2687,2684,2690,2767,2708,2697,2708,2707,2712,2702,2700,2713,2701,2711,2710,2712,2713,2716,2705,2705,2704,2706,2718,2717,2708,2707,2716,2704,2712,2709,2710,2721,2718,2707,2787,2720,2776,2717,2719,2709,2710,2788,2719,2719,2720,2707,2720,2718,2712,2721,2720,2720,2711,2720,2716,2785,2709,2721,2721,2710,2719,2788,2721,2718,2721,2709,2712,2720,2787,2721,2721,2784,2709,2722,2719,2708,2722,2790,2719,2719,2719,2774,2776,2710,2721,2720,2719,2719,2709,2785,2786,2714,2720,2719,2717,2721,2720,2719,2718,2776,2709,2709,2710,2708,2721,2719,2708,2721,2710,2720,2718,2718,2755,2785,2719,2711,2711,2787,2720,2719,2786,2707,2714,2715,2720,2719,2720,2720,2710,2709,2720,2709,2719,2718,2714,2709,2718,2717,2706,2717,2713,2709,2718,2707,2718,2718,2706,2714,2701,2690,2670,2661,2661,2671,2684,2708,2773,2718,2774,2707,2720,2720,2708,2710,2720,2709,2720,2720,2709,2720,2720,2715,2713,2721,2708,2787,2719,2708,2721,2721,2719,2718,2709,2718,2720,2720,2775,2716,2718,2709,2720,2709,2708,2719,2706,2707,2785,2719,2709,2717,2707,2787,2719,2771,2707,2718,2707,2720,2710,2718,2719,2717,2718,2718,2708,2720,2708,2717,2709,2719,2786,2707,2718,2709,2720,2717,2704,2708,2707,2704,2764,2654,2625,2621,2547,2444,2361,2236,2136,2024,2011,1910,1773,1660,1637,1625,1693,1932,2025,2175,2294,2375,2444,2428,2483,2509,2550,2559,2582,2627,2579,2595,2619,2611,2638
Toblerone,2704,2641,2638,2634,2651,2638,2659,2654,2662,2662,2650,2660,2657,2662,2661,2652,2664,2649,2660,2662,2674,2661,2660,2671,2653,2665,2667,2684,2674,2673,2672,2681,2670,2685,2686,2694,2687,2759,2675,2683,2693,2701,2687,2702,2696,2697,2708,2696,2708,2707,2700,2712,2712,2703,2701,2701,2701,2712,2711,2704,2713,2716,2706,2704,2716,2707,2717,2776,2717,2708,2718,2711,2717,2718,2718,2709,2721,2709,2713,2720,2709,2719,2707,2710,2720,2720,2720,2720,2720,2709,2721,2708,2720,2718,2777,2720,2721,2708,2704,2709,2718,2719,2711,2709,2718,2719,2709,2787,2722,2709,2720,2720,2709,2721,2721,2716,2721,2719,2711,2722,2717,2709,2709,2719,2710,2721,2721,2708,2718,2708,2709,2719,2706,2720,2719,2787,2718,2716,2719,2720,2708,2709,2719,2705,2720,2709,2720,2721,2720,2786,2719,2710,2720,2716,2787,2719,2708,2709,2720,2710,2788,2720,2716,2720,2721,2720,2720,2709,2716,2720,2709,2707,2720,2719,2707,2718,2718,2704,2718,2786,2717,2707,2720,2716,2708,2720,2706,2713,2708,2708,2687,2731,2661,2685,2673,2697,2705,2774,2716,2708,2720,2709,2709,2707,2708,2720,2720,2707,2721,2720,2711,2709,2708,2707,2721,2720,2709,2718,2718,2710,2721,2708,2721,2710,2710,2721,2720,2709,2718,2719,2708,2709,2720,2787,2718,2716,2708,2720,2718,2717,2718,2718,2708,2717,2708,2717,2721,2717,2717,2720,2785,2710,2719,2711,2719,2708,2710,2721,2707,2708,2718,2717,2718,2719,2706,2706,2711,2777,2700,2661,2597,2516,2433,2346,2341,2193,2114,2004,1948,1749,1743,1652,1628,1746,1931,1920,2079,2229,2390,2416,2451,2446,2573,2513,2559,2580,2568,2660,2661,2595,2610,2623,2637,2631,2625,2641,2647,2634,2648,2635,2720,2661,2643,2726,2650,2659,2718,2648,2660,2663
Toblerone,2672,2673,2668,2662,2661,2661,2672,2669,2685,2673,2680,2676,2746,2672,2747,2685,2672,2683,2678,2683,2692,2681,2684,2693,2701,2700,2700,2702,2695,2707,2762,2698,2708,2774,2780,2712,2699,2712,2712,2700,2712,2716,2772,2704,2714,2703,2713,2707,2706,2706,2717,2706,2706,2736,2709,2719,2719,2708,2706,2721,2720,2720,2708,2720,2718,2719,2718,2708,2710,2786,2718,2716,2718,2720,2708,2715,2720,2788,2721,2719,2708,2709,2721,2716,2720,2721,2718,2709,2719,2721,2708,2709,2718,2708,2715,2721,2720,2717,2709,2716,2720,2709,2707,2721,2719,2721,2710,2720,2719,2788,2718,2709,2706,2719,2719,2709,2719,2718,2709,2720,2720,2719,2719,2716,2775,2719,2707,2718,2720,2721,2717,2720,2720,2716,2716,2710,2710,2709,2720,2709,2720,2717,2719,2720,2719,2709,2720,2719,2707,2720,2720,2720,2775,2788,2721,2710,2711,2718,2716,2717,2706,2718,2719,2719,2712,2718,2706,2719,2718,2707,2717,2715,2764,2682,2658,2663,2662,2687,2775,2772,2706,2719,2720,2721,2710,2778,2711,2720,2775,2709,2709,2710,2720,2721,2709,2777,2720,2720,2714,2719,2719,2718,2719,2720,2720,2774,2718,2719,2715,2721,2719,2719,2719,2709,2707,2720,2720,2707,2709,2717,2708,2717,2714,2711,2719,2717,2708,2708,2774,2718,2719,2715,2709,2710,2706,2709,2786,2786,2774,2780,2717,2716,2786,2719,2719,2785,2716,2718,2707,2705,2706,2752,2638,2623,2539,2470,2364,2240,2241,2133,2001,1895,1759,1667,1639,1628,1717,1878,1874,2041,2183,2296,2381,2442,2433,2496,2534,2544,2572,2584,2608,2592,2602,2607,2604,2701,2621,2649,2651,2636,2647,2643,2639,2648,2648,2656,2641,2651,2653,2653,2664,2651,2667,2661,2673,2725,2743,2662,2730,2674,2663,2666,2685,2669,2677,2675,2676,2745,2684,2741
Toblerone,2679,2687,2687,2693,2685,2692,2702,2689,2696,2700,2692,2697,2701,2708,2698,2698,2710,2712,2703,2702,2701,2701,2700,2712,2704,2704,2717,2717,2705,2718,2704,2772,2717,2705,2712,2707,2774,2708,2707,2720,2709,2720,2720,2719,2707,2774,2714,2718,2720,2718,2719,2717,2774,2787,2721,2720,2720,2719,2718,2720,2709,2718,2709,2712,2721,2721,2720,2710,2721,2720,2720,2720,2721,2720,2710,2776,2709,2721,2710,2718,2708,2709,2777,2709,2713,2720,2721,2719,2708,2716,2776,2718,2710,2708,2720,2707,2712,2717,2774,2709,2709,2708,2709,2717,2709,2713,2718,2710,2714,2708,2720,2720,2708,2707,2720,2720,2709,2720,2720,2713,2719,2710,2709,2721,2718,2720,2709,2709,2708,2720,2777,2708,2720,2710,2720,2721,2718,2709,2719,2707,2719,2706,2714,2718,2775,2717,2720,2708,2707,2716,2778,2707,2718,2711,2691,2685,2682,2652,2661,2695,2757,2708,2717,2715,2720,2718,2710,2720,2721,2708,2707,2788,2712,2720,2719,2712,2776,2709,2718,2717,2720,2720,2719,2719,2719,2710,2720,2721,2707,2720,2709,2720,2709,2719,2719,2719,2718,2721,2709,2720,2709,2708,2720,2719,2707,2708,2719,2709,2707,2718,2714,2707,2720,2720,2720,2719,2713,2707,2708,2717,2719,2718,2719,2720,2712,2719,2708,2718,2717,2719,2718,2715,2716,2701,2706,2683,2619,2552,2550,2458,2373,2238,2119,2121,2026,1903,1783,1658,1632,1637,1709,1888,2048,2052,2196,2389,2384,2439,2485,2525,2610,2577,2559,2581,2600,2605,2614,2609,2638,2617,2626,2711,2647,2643,2651,2646,2646,2649,2660,2658,2661,2650,2659,2656,2652,2660,2653,2661,2673,2663,2663,2664,2740,2661,2673,2683,2676,2682,2673,2683,2682,2682,2675,2685,2752,2681,2682,2692,2682,2693,2692,2698,2701,2700,2696,2700,2734,2772,2707,2707
Toblerone,2701,2712,2698,2707,2712,2777,2701,2715,2781,2715,2704,2705,2717,2716,2717,2705,2718,2786,2780,2709,2786,2706,2707,2784,2720,2720,2720,2715,2718,2718,2708,2719,2714,2709,2708,2719,2709,2723,2712,2719,2720,2710,2709,2708,2713,2707,2721,2720,2710,2721,2705,2708,2786,2719,2710,2716,2776,2716,2718,2721,2710,2716,2721,2716,2720,2721,2710,2720,2707,2706,2721,2713,2710,2720,2712,2786,2721,2719,2712,2708,2706,2708,2720,2708,2709,2720,2707,2708,2720,2708,2774,2720,2720,2773,2717,2709,2720,2721,2711,2717,2719,2719,2708,2787,2721,2717,2719,2720,2709,2710,2720,2719,2708,2720,2708,2775,2718,2719,2720,2720,2729,2718,2707,2721,2708,2719,2705,2718,2720,2707,2719,2709,2776,2718,2704,2715,2779,2783,2701,2701,2673,2662,2723,2663,2756,2772,2718,2707,2719,2713,2709,2720,2721,2709,2721,2710,2716,2787,2720,2709,2708,2722,2710,2720,2720,2709,2720,2710,2774,2720,2720,2707,2710,2787,2721,2720,2707,2707,2785,2718,2717,2720,2721,2785,2717,2717,2719,2712,2707,2717,2718,2707,2718,2717,2706,2708,2719,2708,2708,2706,2718,2720,2708,2718,2719,2711,2786,2772,2718,2717,2708,2718,2718,2779,2719,2707,2707,2712,2705,2705,2748,2619,2547,2549,2456,2381,2242,2120,2023,2025,1901,1775,1668,1626,1719,1882,1865,2125,2193,2317,2384,2454,2508,2529,2528,2549,2559,2594,2590,2586,2596,2616,2615,2617,2699,2645,2647,2642,2713,2643,2654,2659,2664,2650,2658,2652,2661,2662,2661,2659,2743,2672,2674,2663,2655,2665,2672,2675,2738,2682,2747,2684,2682,2673,2684,2683,2678,2685,2676,2695,2693,2677,2694,2689,2761,2683,2692,2699,2693,2695,2698,2707,2706,2701,2713,2712,2701,2712,2712,2712,2702,2703,2715,2714,2715,2716,2704,2707,2709,2707
Toblerone,2707,2718,2708,2719,2708,2716,2720,2709,2708,2786,2720,2709,2707,2720,2719,2720,2719,2705,2718,2719,2709,2720,2710,2707,2787,2786,2720,2719,2708,2721,2720,2710,2709,2722,2776,2708,2721,2710,2720,2719,2723,2721,2721,2787,2709,2720,2721,2710,2721,2710,2720,2717,2710,2786,2721,2709,2720,2721,2718,2718,2720,2707,2719,2717,2708,2720,2721,2708,2709,2709,2709,2707,2718,2709,2709,2721,2782,2721,2716,2786,2721,2710,2720,2721,2709,2714,2719,2709,2710,2720,2718,2708,2709,2715,2720,2720,2718,2707,2720,2709,2711,2720,2720,2717,2717,2707,2707,2721,2709,2719,2718,2707,2707,2772,2719,2706,2704,2712,2715,2768,2699,2671,2656,2660,2676,2693,2710,2706,2706,2718,2775,2710,2709,2710,2709,2720,2721,2721,2708,2710,2716,2720,2721,2718,2720,2721,2708,2719,2718,2777,2720,2708,2709,2709,2717,2721,2720,2719,2719,2719,2708,2774,0,2717,2717,0,2718,2708,0,2784,2707,2785,2773,2780,2719,2717,2708,2720,2721,2719,2710,2719,2717,2708,2720,2709,2720,2719,2705,2707,2718,2705,2718,2717,2709,2717,2706,2714,2704,2689,2656,2621,2540,2533,2375,2233,2125,2129,2034,1990,1792,1681,1635,1694,1854,2022,2240,2296,2381,2370,2429,2482,2579,2538,2559,2595,2585,2585,2596,2621,2614,2625,2630,2638,2648,2644,2717,2628,2653,2641,2652,2662,2650,2663,2658,2656,2653,2650,2665,2675,2670,2672,2658,2664,2674,2669,2729,2680,2684,2674,2668,2738,2671,2682,2675,2675,2674,2676,2682,2691,2680,2682,2696,2690,2702,2765,2698,2694,2695,2705,2711,2699,2712,2711,2700,2702,2714,2770,2715,2704,2705,2764,2705,2716,2717,2709,2708,2706,2720,2777,2719,2708,2721,2708,2717,2718,2708,2720,2720,2717,2719,2721,2709,2709,2720,2717,2718,2718,2720,2708
Toblerone,2720,2710,2786,2718,2710,2765,2720,2718,2716,2720,2722,2721,2708,2719,2710,2711,2721,2710,2721,2710,2706,2720,2777,2709,2721,2710,2719,2709,2720,2719,2708,2708,2720,2709,2720,2718,2709,2711,2710,2712,2711,2718,2775,2720,2719,2717,2708,2707,2783,2709,2719,2773,2785,2718,2721,2720,2773,2718,2712,2710,2720,2710,2718,2720,2720,2721,2718,2718,2712,2719,2710,2784,2711,2709,2774,2709,2710,2721,2712,2708,2709,2709,2785,2707,2717,2717,2717,2719,2718,2706,2718,2707,2719,2708,2715,2706,2684,2693,2652,2662,2685,2681,2687,2700,2714,2719,2709,2709,2712,2722,2720,2719,2719,2708,2708,2721,2721,2720,2720,2718,2705,2710,2708,2720,2709,2716,2720,2716,2774,2721,2710,2719,2721,2721,2709,2718,2721,2718,2719,2776,2719,2706,2707,2785,2720,2719,2718,2706,2707,2707,2719,2713,2707,2708,2719,2706,2786,2709,2708,2784,2785,2718,2786,2719,2718,2718,2706,2718,2708,2715,2716,2707,2704,2704,2708,2736,2629,2626,2555,2462,2369,2257,2138,2122,2011,1901,1781,1676,1637,1704,1769,1864,2009,2158,2294,2376,2372,2438,2473,2585,2530,2559,2576,2592,2593,2619,2682,2634,2626,2627,2648,2648,2638,2649,2707,2643,2659,2647,2660,2661,2649,2662,2652,2651,2659,2675,2673,2733,2670,2673,2670,2738,2664,2672,2678,2670,2678,2678,2673,2682,2684,2679,2673,2693,2683,2694,2686,2749,2687,2690,2691,2697,2701,2686,2695,2694,2772,2702,2707,2778,2701,2712,2699,2712,2702,2702,2710,2715,2713,2716,2718,2705,2718,2717,2718,2705,2717,2720,2719,2721,2720,2708,2708,2712,2720,2720,2720,2708,2718,2718,2709,2720,2774,2706,2719,2717,2710,2787,2720,2707,2719,2708,2715,2721,2721,2707,2708,2721,2721,2709,2786,2718,2709,2708,2721,2721,2720,2719,2719,2706
Toblerone,2708,2718,2787,2721,2720,2718,2702,2709,2707,2707,2709,2720,2710,2720,2718,2715,2707,2717,2719,2717,2709,2719,2717,2720,2710,2719,2719,2707,2785,2720,2720,2708,2721,2720,2709,2774,2718,2718,2720,2721,2710,2718,2707,2721,2709,2721,2721,2715,2720,2786,2708,2710,2709,2720,2718,2710,2719,2785,2719,2705,2707,2708,2719,2719,2711,2719,2708,2707,2719,2706,2704,2782,2702,2696,2675,2663,2662,2693,2707,2706,2706,2719,2709,2720,2719,2710,2721,2720,2716,2710,2721,2718,2721,2721,2710,2718,2712,2709,2719,2721,2709,2719,2718,2720,2721,2720,2784,2720,2787,2709,2721,2720,2709,2707,2716,2709,2720,2711,2717,2719,2719,2717,2719,2717,2717,2711,2771,0,2716,2720,0,2719,2719,0,2720,2707,2719,2708,2713,2718,2720,2720,2774,2717,2707,2708,2717,2709,2705,2721,2707,2709,2696,2680,2699,2553,2559,2476,2386,2258,2135,2139,2018,1920,1816,1693,1701,1636,1651,1776,1959,2167,2232,2247,2322,2409,2469,2499,2506,2534,2546,2635,2597,2582,2607,2606,2617,2620,2636,2626,2633,2644,2637,2648,2646,2646,2629,2663,2650,2658,2653,2650,2647,2644,2646,2652,2673,2655,2667,2674,2657,2662,2670,2685,2683,2680,2745,2680,2684,2672,2684,2674,2669,2684,2683,2692,2695,2678,2682,2692,2694,2687,2698,2701,2690,2707,2706,2698,2702,2702,2702,2764,0,2701,2701,0,2769,2704,2715,2712,2705,2781,2706,2718,2773,2718,2707,2708,2781,2718,2719,2716,2720,2709,2708,2720,2720,2708,2721,2719,2707,2718,2718,2720,2720,2718,2718,2709,2709,2709,2720,2721,2720,2720,2787,2719,2718,2720,2721,2718,2720,2715,2709,2787,2709,2719,2708,2719,2720,2720,2709,2719,2718,2710,2710,2788,2789,2773,2709,2708,2717,2721,2720,2719,2709,2709,2709,2721,2720,2708
Toblerone,2784,2717,2718,2719,2709,2719,2708,2719,2719,2719,2709,2720,2710,2709,2707,2709,2720,2720,2709,2717,2719,2719,2708,2720,2710,2709,2784,2721,2721,2720,2785,2712,2770,2710,2718,2720,2709,2720,2709,2714,2719,2718,2706,2721,2716,2708,2717,2715,2717,2719,2777,2713,2717,2704,2715,2712,2700,2685,2672,2658,2670,2693,2707,2705,2715,2707,2706,2708,2786,2718,2719,2721,2710,2777,2708,2710,2718,2721,2777,2718,2720,2715,2786,2779,2710,2709,2720,2775,2721,2720,2718,2785,2717,2709,2719,2708,2784,2720,2709,2774,2719,2772,2717,2772,2708,2786,2718,2716,2784,2708,2775,2718,2711,2719,2718,2709,2720,2709,2710,2720,2773,2708,2707,2707,2706,2718,2708,2708,2718,2708,2717,2705,2716,2715,2698,2687,2650,2587,2581,2502,2412,2312,2160,2160,2045,1950,1831,1717,1630,1641,1714,1784,1950,2118,2242,2347,2337,2408,2462,2507,2535,2559,2566,2578,2576,2598,2604,2606,2609,2621,2615,2697,2645,2639,2651,2646,2642,2644,2649,2663,2650,2650,2660,2660,2654,2651,2712,2669,2664,2649,2661,2665,2656,2671,2740,2672,2685,2684,2673,2742,2674,2683,2682,2685,2684,2676,2692,2680,2690,2692,2681,2689,2702,2702,2702,2691,2687,2704,2708,2696,2712,2777,2712,2700,2706,2699,2776,2704,2705,2700,2707,2704,2716,2707,2706,2784,2718,2774,2718,2707,2708,2720,2715,2719,2719,2717,2772,2720,2721,2774,2719,2709,2709,2720,2720,2709,2718,2718,2719,2719,2708,2774,2718,2718,2711,2710,2709,2721,2709,2714,2721,2709,2719,2721,2710,2709,2720,2721,2713,2713,2710,2721,2777,2709,2720,2721,2710,2721,2720,2708,2709,2717,2718,2709,2721,2720,2710,2719,2717,2708,2716,2706,2718,2708,2719,2718,2718,2719,2719,2719,2719,2707,2708,2718,2718,2709,2720,2710,2718,2718
Toblerone,2707,2720,2709,2721,2710,2721,2718,2721,2721,2709,2709,2707,2721,2787,2708,2718,2711,2710,2721,2710,2709,2719,2709,2720,2721,2772,2719,2707,2708,2719,2711,2703,2718,2705,2718,2717,2711,2689,2685,2683,2651,2682,2692,2708,2704,2718,2720,2710,2711,2710,2709,2720,2720,2706,2720,2721,2710,2785,2707,2716,2720,2776,2708,2709,2719,2720,2719,2707,2775,2786,2718,2710,2786,2721,2709,2717,2719,2708,2720,2707,2717,2788,2707,2784,2719,2713,2720,2718,2717,2717,2707,2719,2717,2714,2717,2713,2708,2720,2708,2718,2715,2719,2720,2705,2706,2720,2707,2707,2718,2717,2719,2708,2709,2716,2782,2717,2710,2690,2654,2602,2597,2535,2438,2343,2209,2079,1988,1988,1855,1726,1645,1699,1720,1715,1887,2050,2183,2303,2299,2395,2445,2476,2533,2538,2559,2574,2583,2607,2623,2619,2619,2628,2623,2640,2649,2638,2644,2714,2636,2653,2663,2647,2641,2723,2663,2659,2651,2661,2662,2739,2674,2662,2675,2662,2734,2673,2671,2685,2685,2679,2680,2729,2674,2672,2685,2673,2676,2682,2682,2686,2694,2682,2687,2754,2691,2704,2699,2687,2690,2708,2708,2712,2712,2701,2712,2711,2710,2701,2701,2711,2780,2704,2714,2715,2706,2716,2717,2784,2706,2719,2717,2717,2718,2706,2708,2709,2707,2710,2712,2721,2708,2708,2718,2709,2719,2719,2708,2708,2717,2708,2709,2720,2709,2710,2720,2719,2719,2719,2715,2709,2719,2706,2709,2720,2720,2710,2717,2718,2720,2720,2710,2709,2720,2711,2710,2710,2721,2709,2786,2708,2709,2721,2775,2717,2712,2714,2720,2720,2709,2716,2720,2717,2717,2708,2718,2708,2719,2719,2715,2720,2773,2717,2718,2709,2720,2773,2784,2708,2784,2718,2709,2718,2709,2714,2719,2718,2719,2710,2709,2719,2719,2708,2709,2720,2709,2718,2720,2719,2719,2707
Toblerone,2714,2720,2720,2720,2787,2718,2718,2715,2713,2707,2718,2718,2718,2708,2716,2708,2719,2773,2706,2717,2700,2694,2676,2654,2649,2740,2760,2692,2716,2706,2720,2716,2786,2721,2720,2710,2718,2721,2721,2720,2707,2714,2718,2715,2721,2709,2720,2717,2718,2710,2721,2718,2710,2709,2710,2709,2708,2719,2710,2707,2786,2785,2708,2775,2784,2718,2719,2718,2774,2717,2717,2717,2785,2707,2774,2784,2709,2710,2718,2708,2717,2720,2708,2718,2719,2706,2707,2717,2707,2707,2720,2708,2707,2718,2717,2705,2717,2704,2697,2685,2638,2623,2485,2398,2394,2332,2128,2008,1884,1841,1782,1662,1622,1688,1681,1847,2168,2295,2293,2376,2496,2481,2509,2550,2540,2556,2566,2597,2582,2602,2617,2611,2636,2634,2630,2623,2648,2646,2648,2647,2651,2657,2656,2726,2653,2663,2662,2728,2660,2649,2650,2674,2672,2729,2672,2675,2672,2673,2664,2673,2683,2680,2750,2668,2681,2747,2674,2684,2750,2672,2685,2687,2691,2690,2692,2693,2694,2691,2690,2701,2691,2707,2705,2704,2709,2710,2702,2708,2710,2711,2712,2704,2706,2710,2714,2780,2704,2714,2717,2717,2716,2706,2706,2768,2717,2708,2717,2709,2719,2706,2718,2719,2707,2720,2719,2720,2774,2719,2707,2715,2719,2719,2719,2719,2717,2708,2786,2720,2720,2710,2710,2718,2718,2721,2710,2714,2718,2709,2721,2721,2721,2719,2710,2721,2710,2720,2718,2708,2721,2720,2708,2721,2719,2709,2721,2720,2710,2720,2720,2707,2720,2719,2710,2710,2784,2709,2717,2718,2719,2707,2709,2718,2720,2719,2708,2769,2719,2713,2717,2718,2720,2717,2719,2715,2718,2707,2721,2710,2720,2776,2720,2718,2707,2710,2720,2720,2709,2719,2709,2715,2774,2775,2710,2716,2708,2785,2720,2720,2709,2719,2721,2720,2719,2720,2709,2718,2709,2707,2717,2706
Toblerone,2708,2718,2705,2707,2704,2699,2701,2673,2672,2729,2658,2683,2708,2714,2707,2720,2721,2710,2720,2717,2719,2710,2719,2710,2775,2720,2709,2721,2720,2717,2720,2718,2716,2719,2776,2707,2719,2708,2720,2720,2718,2709,2719,2721,2709,2721,2708,2719,2718,2774,2708,2708,2716,2707,2716,2708,2711,2719,2708,2707,2718,2720,2719,2715,2719,2719,2715,2720,2719,2785,2714,2720,2720,2720,2718,2784,2720,2720,2708,2718,2707,2784,2773,2719,2717,2715,2772,2685,2687,2549,2559,2483,2395,2275,2142,2032,1913,1902,1775,1682,1613,1688,1851,1862,2079,2163,2283,2386,2380,2445,2494,2526,2615,2552,2569,2596,2582,2596,2608,2606,2637,2631,2623,2634,2640,2651,2647,2635,2645,2723,2661,2658,2661,2659,2652,2652,2718,2662,2650,2675,2736,2673,2671,2666,2659,2667,2672,2673,2682,2747,2683,2675,2685,2675,2683,2685,2672,2684,2692,2682,2691,2684,2693,2678,2686,2701,2690,2692,2690,2707,2707,2698,2704,2776,2765,2711,2711,2699,2712,2699,2700,2770,2714,2706,2713,2716,2706,2717,2718,2706,2708,2719,2707,2716,2717,2709,2782,2718,2718,2717,2708,2707,2714,2719,2717,2708,2720,2719,2719,2720,2714,2773,2784,2707,2720,2785,2720,2710,2720,2719,2707,2722,2773,2709,2705,2709,2707,2719,2720,2709,2719,2709,2721,2721,2708,2710,2782,2711,2720,2710,2717,2720,2787,2709,2710,2710,2707,2720,2719,2710,2719,2720,2718,2718,2719,2778,2718,2720,2709,2719,2719,2710,2708,2784,2719,2710,2719,2717,2774,2708,2720,2720,2720,2709,2708,2720,2718,2786,2715,2721,2710,2774,2719,2718,2710,2720,2719,2711,2719,2719,2774,2721,2719,2717,2718,2772,2710,2709,2709,2708,2718,2707,2718,2717,2719,2720,2707,2710,2709,2718,2718,2702,2709,2711,2686,2661,2725,2664,2698,2712
Toblerone,2710,2719,2707,2708,2721,2720,2719,2719,2710,2720,2721,2718,2718,2708,2719,2719,2720,2720,2721,2710,2718,2721,2721,2720,2720,2714,2720,2709,2709,2718,2720,2720,2708,2769,2709,2709,2718,2719,2719,2719,2772,2717,2708,2719,2716,2719,2716,2706,2716,2710,2710,2721,2719,2718,2708,2720,2718,2718,2709,2708,2717,2709,2718,2720,2717,2719,2718,2714,2713,2707,2684,2638,2557,2555,2472,2395,2248,2187,2001,1999,1894,1782,1660,1621,1704,1693,1846,2084,2182,2282,2380,2381,2508,2503,2525,2614,2577,2581,2592,2590,2661,2621,2625,2629,2623,2647,2713,2638,2640,2648,2660,2662,2660,2657,2664,2653,2654,2651,2652,2653,2651,2672,2672,2731,2676,2669,2737,2672,2680,2675,2675,2674,2671,2679,2732,2672,2743,2686,2670,2686,2693,2681,2748,2692,2699,2762,2701,2701,2691,2701,2756,2708,2700,2712,2700,2702,2713,2710,2765,2704,2704,2768,2783,2768,2705,2781,2716,2707,2781,2706,2717,2718,2708,2720,2786,2770,2772,2710,2709,2723,2719,2710,2720,2707,2717,2717,2709,2720,0,2782,2714,0,2772,2708,0,2711,2784,2772,0,2708,2721,0,2710,2720,0,2718,2710,0,2709,2711,0,2776,2721,0,2779,2720,0,2712,2706,0,2711,2709,0,2720,2710,0,2710,2721,0,2716,2716,0,2718,2718,0,2714,2706,0,2712,2710,0,2775,2720,0,2720,2709,0,2708,2720,0,2717,2708,0,2709,2718,0,2709,2720,0,2714,2719,0,2719,2719,0,2705,2710,0,2719,2707,0,2710,2774,0,2710,2716,0,2707,2710,2707,2705,2709,2774,2720,2720,2710,2720,2716,2720,2721,2710,2720,2708,2753,2709,2710,2774,2786,2708,2708,2784,2712,2768,2717,2718,2717,2719,2770,2717,2720,2718,2719,2707,2718,2705,2705,2705,2670,2711,2653
Toblerone,2780,2705,2718,2709,2709,2718,2707,2721,2721,2709,2718,2707,2721,2720,2720,2710,2712,2718,2707,2718,2721,2710,2721,2718,2710,2708,2720,2720,2721,2710,2720,2720,2771,2719,2707,2713,2708,2721,2708,2718,2714,2784,2706,2720,2716,2717,2716,2707,2719,2720,2710,2718,2719,2719,2709,2706,2719,2720,2709,2720,2719,2720,2708,2708,2717,2708,2718,2707,2717,2700,2702,2662,2618,2537,2498,2369,2203,2081,1979,1974,1847,1716,1639,1633,1623,1814,1925,2079,2215,2332,2401,2410,2457,2499,2504,2521,2550,2574,2591,2610,2605,2600,2611,2638,2626,2617,2647,2716,2635,2713,2636,2663,2651,2658,2657,2664,2658,2648,2662,2643,2720,2664,2654,2669,2674,2662,2663,2676,2663,2652,2672,2741,2674,2672,2673,2673,2683,2673,2682,2687,2681,2682,2682,2694,2695,2693,2701,2697,2689,2690,2777,2696,2697,2695,2713,2707,2712,2712,2781,2711,2712,2708,2715,2713,2715,2704,2716,2717,2717,2716,2717,2719,2708,2719,2786,2707,2710,2718,2720,2713,2720,2719,2707,2707,2720,2709,2718,2717,2706,2719,2720,2777,2709,2719,2717,2709,2708,2707,2721,2709,2709,2721,2710,2710,2717,2714,2720,2719,2720,2720,2714,2721,2720,2708,2720,2721,2789,2720,2707,2707,2710,2720,2778,2788,2721,2707,2720,2710,2710,2711,2719,2708,2720,2710,2708,2775,2706,2710,2707,2709,2784,2717,2709,2719,2775,2717,2720,2708,2720,2719,2706,2721,2720,2708,2720,2773,2708,2721,2714,2721,2709,2719,2708,2720,2709,2709,2720,2719,2708,2720,2710,2706,2708,2719,2708,2719,2709,2719,2720,2721,2719,2709,2718,2709,2760,2720,2707,2714,2719,2719,2708,2719,2715,2714,2785,2715,2701,2682,2730,2661,2665,2669,2683,2708,2717,2720,2777,2719,2723,2721,2715,2710,2720,2710,2722,2710,2720,2709,2711,2710
Toblerone,2710,2709,2719,2720,2719,2719,2710,2709,2719,2719,2728,2720,2708,2713,2708,2723,2709,2720,2708,2718,2720,2776,2718,2719,2710,2704,2707,2708,2719,2717,2707,2721,2708,2789,2719,2721,2787,2720,2719,2706,2709,2786,2719,2705,2721,2716,2770,2705,2721,2717,2717,2718,2707,2711,2711,2700,2695,2649,2598,2520,2429,2324,2186,2077,2066,1961,1834,1701,1615,1651,1761,1958,2097,2096,2232,2322,2420,2463,2512,2509,2533,2557,2646,2574,2599,2606,2591,2616,2623,2619,2700,2636,2652,2704,2715,2647,2650,2643,2659,2649,2716,2652,2660,2642,2661,2674,2666,2673,2659,2677,2738,2663,2669,2736,2672,2681,2675,2671,2749,2752,2674,2682,2674,2679,2687,2693,2685,2692,2694,2675,2760,2700,2696,2694,2695,2774,2709,2695,2710,2712,2712,2702,2779,2698,2768,2780,2712,2701,2713,2716,2774,2703,2716,2707,2717,2706,2716,2717,2719,2718,2785,2707,2705,2710,2718,2717,2715,2719,2709,2720,2717,2775,2719,2719,2704,2708,2718,2775,2720,2720,2706,2707,2720,2709,2720,2712,2720,2722,2776,2720,2718,2713,2710,2720,2706,2710,2710,2708,2709,2722,2710,2720,2708,2720,2708,2721,2710,2721,2720,2718,2716,2709,2710,2710,2720,2709,2707,2719,2719,2714,2707,2719,2719,2719,2718,2717,2777,2720,2719,2705,2719,2710,2719,2719,2719,2718,2785,2777,2720,2707,2720,2777,2716,2718,2718,2708,2713,2720,2710,2775,2720,2720,2707,2720,2709,2720,2787,2710,2708,2719,2720,2720,2720,2716,2720,2720,2709,2706,2718,2705,2720,2719,2786,2708,2718,2716,2718,2717,2782,2705,2687,2693,2656,2662,2681,2690,2701,2715,2714,2719,2721,2787,2713,2709,2722,2721,2721,2718,2709,2718,2717,2709,2721,2710,2720,2720,2708,2718,2719,2714,2708,2720,2710,2720,2708,2717,2716,2720,2708,2719
Toblerone,2709,2720,2719,2708,2717,2707,2719,2719,2711,2717,2712,2708,2709,2706,2717,2718,2710,2719,2712,2719,2710,2718,2718,2715,2719,2707,2719,2720,2785,2719,2716,2773,2718,2716,2717,2705,2711,2690,2663,2658,2594,2531,2436,2362,2212,2096,1995,1991,1932,1749,1649,1623,1720,1898,1894,2053,2262,2325,2383,2398,2456,2559,2524,2559,2576,2579,2591,2591,2598,2600,2635,2638,2637,2624,2648,2648,2641,2715,2647,2638,2662,2663,2728,2660,2723,2663,2662,2650,2656,2661,2674,2670,2660,2669,2671,2654,2674,2732,2665,2681,2680,2669,2681,2670,2686,2686,2668,2679,2687,2694,2695,2687,2693,2692,2690,2690,2699,2701,2686,2706,2697,2707,2696,2712,2710,2708,2698,2696,2698,2713,2713,2704,2705,2705,2714,2756,2715,2715,2705,2717,2719,2706,2786,2718,2709,2720,2720,2708,2719,2718,2709,2720,2708,2718,2718,2708,2711,2719,2708,2717,2720,2773,2707,2717,2718,2720,2722,2721,2719,2720,2711,2710,2710,2721,2721,2710,2709,2708,2717,2721,2721,2710,2717,2707,2709,2709,2717,2709,2719,2722,2710,2787,2708,2712,2720,2717,2715,2721,2721,2709,2717,2719,2720,2718,2718,2775,2708,2709,2708,2721,2708,2717,2719,2716,2779,2718,2721,2704,2718,2715,2720,2776,2783,2718,2712,2721,2720,2720,2716,2787,2720,2717,2709,2708,2721,2710,2718,2720,2708,2720,2721,2710,2721,2782,2707,2721,2717,2710,2720,2720,2710,2786,2719,2718,2706,2719,2719,2706,2719,2710,2703,2709,2693,2693,2656,2641,2679,2687,2712,2717,2717,2708,2719,2720,2717,2717,2709,2719,2709,2721,2719,2720,2719,2721,2718,2720,2788,2719,2720,2721,2720,2720,2720,2719,2720,2716,2776,2720,2720,2707,2787,2720,2776,2710,2720,2707,2717,2720,2706,2709,2708,2719,2708,2718,2717,2714,2785,2708,2708,2720
Toblerone,2708,2788,2710,2709,2786,2720,2718,2720,2709,2719,2719,2716,2718,2709,2718,2716,2709,2714,2710,2766,2661,2604,2600,2534,2437,2395,2184,2079,1960,1835,1728,1802,1631,1636,1728,1963,2045,2042,2192,2360,2384,2524,2496,2601,2550,2579,2568,2593,2578,2601,2610,2632,2629,2623,2646,2643,2648,2647,2640,2649,2648,2664,2661,2658,2649,2649,2663,2726,2660,2660,2675,2663,2662,2670,2672,2672,2669,2663,2683,2746,2678,2687,2676,2672,2740,2675,2677,2681,2682,2681,2692,2682,2697,2693,2690,2701,2701,2772,2776,2697,2703,2712,2700,2711,2706,2699,2707,2699,2715,2711,2714,2782,2715,2715,2717,2706,2716,2706,2712,2786,2719,2718,2709,2718,2715,2787,2708,2787,2786,2719,2713,2719,2708,2719,2786,2710,2785,2718,2708,2719,2709,2718,2722,2717,2721,2777,2713,2718,2711,2721,2721,2710,2715,2720,2718,2710,2721,2720,2719,2723,2720,2709,2788,2720,2786,2709,2707,2720,2720,2720,2718,2718,2720,2719,2710,2720,2709,2719,2786,2708,2719,2718,2706,2718,2718,2718,2719,2720,2717,2718,2720,2718,2712,2708,2709,2719,2718,2776,2720,2720,2709,2718,2708,2708,2721,2720,2708,2718,2721,2720,2720,2707,2787,2720,2710,2721,2710,2720,2709,2720,2718,2708,2720,2719,2718,2720,2719,2708,2719,2706,2717,2719,2707,2719,2719,2719,2711,2718,2706,2715,2704,2683,2692,2727,2660,2678,2687,2681,2698,2717,2708,2787,2720,2713,2714,2721,2783,2719,2721,2787,2709,2718,2721,2721,2720,2775,2719,2720,2777,2720,2719,2710,2708,2719,2717,2720,2784,2707,2720,2711,2709,2772,2718,2710,2712,2720,2708,2718,2717,2716,2719,2719,2707,2719,2706,2707,2708,2720,2709,2718,2720,2708,2719,2715,2709,2719,2714,2718,2719,2720,2708,2720,2715,2709,2717,2716,2706,2704,2710,2691
Toblerone,2524,2502,2424,2435,2326,2182,2066,1956,1822,1716,1640,1704,1635,1734,1904,2060,2215,2214,2314,2409,2450,2574,2587,2616,2547,2569,2591,2577,2672,2605,2613,2606,2635,2629,2651,2647,2634,2715,2636,2714,2664,2663,2650,2719,2650,2713,2651,2661,2668,2673,2672,2725,2673,2675,2662,2659,2665,2677,2682,2685,2670,2680,2672,2671,2684,2666,2680,2683,2693,2692,2692,2694,2701,2700,2699,2687,2696,2708,2708,2695,2707,2711,2712,2712,2709,2712,2767,2711,2702,2704,2704,2714,2715,2772,2712,2703,2705,2719,2716,2708,2773,2719,2785,2719,2719,2709,2719,2713,2709,2708,2709,2708,2716,2785,2709,2787,2718,2720,2786,2720,2720,2719,2720,2720,2788,2708,2721,2710,2715,2786,2721,2719,2787,2709,2721,2710,2720,2722,2719,2719,2712,2721,2719,2720,2720,2792,2710,2709,2721,2720,2710,2720,2711,2710,2709,2719,2719,2711,2720,2711,2774,2720,2719,2709,2719,2720,2719,2720,2710,2720,2709,2720,2719,2707,2777,2706,2719,2720,2715,2718,2718,2718,2719,2720,2787,2721,2786,2710,2709,2709,2717,2720,2717,2717,2710,2708,2718,2718,2708,2719,0,2707,2720,0,2778,2719,0,2709,2706,0,2707,2705,0,2712,2714,2718,0,2717,2717,0,2710,2718,2713,2717,2703,2711,2700,2691,2684,2646,2648,2659,2682,2696,2704,2715,2775,2715,2720,2721,2719,2720,2720,2720,2777,2707,2721,2721,2776,2709,2720,2707,2719,2719,2708,2720,2717,2715,2720,2709,2710,2709,2720,2707,2721,2708,2720,2708,2708,2720,2719,2709,2709,2714,2718,2708,2717,2717,2706,2718,2718,2719,2708,2718,2719,2788,2720,2706,2710,2720,2718,2720,2720,2710,2715,2716,2718,2717,2717,2715,2719,2716,2719,2784,2707,2681,2649,2632,2649,2505,2425,2380,2186,2184,2041,2025,1816,1693,1598,1569
Toblerone,1888,1990,2026,2162,2270,2275,2365,2428,2526,2504,2601,2537,2621,2578,2590,2596,2592,2597,2603,2684,2623,2623,2631,2625,2639,2641,2647,2644,2635,2706,2645,2662,2656,2663,2663,2651,2657,2660,2723,2663,2673,2669,2740,2674,2670,2666,2672,2672,2753,2685,2680,2684,2681,2678,2677,2683,2683,2694,2678,2692,2692,2686,2700,2701,2687,2692,2708,2707,2704,2708,2710,2778,2711,2711,2709,2702,2700,2715,2713,2704,2716,2704,2706,2717,2706,2707,2718,2707,2705,2718,2707,2777,2719,2709,2775,2719,2717,2708,2721,2708,2712,2713,2720,2776,2719,2720,2709,2720,2718,2708,2720,2721,2707,2719,2718,2710,2721,2721,2708,2786,2719,2710,2721,2777,2720,2721,2721,2720,2719,2720,2721,2721,2719,2709,2720,2721,2776,2718,2710,2711,2719,2718,2718,2711,2711,2710,2719,2712,2777,2719,2717,2710,2720,2719,2708,2719,2777,2710,2720,2720,2718,2720,2711,2708,2720,2720,2775,2719,2709,2709,2708,2710,2709,2718,2718,2720,2785,2721,2720,2720,2721,2786,2783,2721,2708,2718,2719,2709,2720,2787,2717,2719,2712,2708,2719,2718,2707,2717,2706,2718,2718,2716,2717,2718,2717,2714,2772,2693,2666,2648,2650,2659,2665,2701,2698,2715,2718,2708,2721,2720,2707,2721,2721,2788,2721,2720,2709,2709,2707,2710,2721,2720,2709,2709,2719,2710,2710,2718,2710,2708,2712,2785,2708,2721,2721,2720,2719,2710,2717,2719,2709,2708,2707,2705,2776,2717,2716,2720,2717,2706,2707,2718,2708,2718,2719,2713,2777,2788,2715,2718,2720,2720,2719,2785,2707,2720,2715,2706,2720,2719,2707,2718,2718,2717,2713,2707,2708,2681,2622,2552,2490,2488,2406,2296,2149,2023,1913,1910,1792,1661,1573,1591,1581,1668,1830,1999,2006,2132,2261,2352,2488,2460,2504,2529,2552,2546,2559,2567,2591,2610
Toblerone,2613,2619,2615,2704,2635,2629,2638,2633,2638,2645,2646,2703,2651,2646,2638,2647,2650,2660,2661,2725,2663,2643,2652,2661,2675,2663,2675,2675,2667,2670,2684,2676,2684,2683,2684,2684,2683,2667,2672,2691,2683,2681,2682,2701,2700,2696,2690,2704,2704,2709,2694,2708,2712,2712,2779,2700,2700,2712,2712,2711,2709,2704,2714,2705,2715,2717,2704,2717,2773,2718,2717,2706,2716,2719,2713,2720,2720,2774,2719,2719,2709,2720,2708,2708,2718,2786,2712,2720,2720,2709,2709,2709,2720,2709,2707,2709,2720,2721,2710,2788,2708,2707,2719,2721,2709,2716,2711,2721,2710,2786,2721,2710,2716,2721,2710,2721,2719,2718,2719,2719,2789,2721,2720,2717,2719,2720,2777,2710,2718,2707,2707,2777,2709,2774,2720,2708,2707,2721,2787,2709,2721,2720,2719,2711,2719,2714,2707,2717,2715,2709,2707,2709,2709,2714,2715,2711,2782,2721,2706,2704,2708,2788,2710,2720,2716,2718,2707,2710,2714,2709,2787,2707,2719,2720,2719,2707,2706,2718,2707,2774,2717,2706,2703,2714,2714,2701,2700,2672,2636,2644,2633,2672,2692,2701,2706,2717,2718,2721,2721,2719,2720,2721,2711,2716,2721,2709,2720,2721,2708,2720,2720,2721,2716,2721,2719,2720,2721,2720,2709,2712,2713,2783,2720,2709,2707,2719,2710,2718,2719,2787,2716,2719,2776,2708,2719,2718,2716,2718,2773,2707,2785,2714,2706,2707,2710,2720,2718,2718,2718,2785,2711,2774,2784,2709,2707,2720,2708,2717,2714,2719,2717,2707,2714,2716,2708,2682,2629,2630,2475,2412,2411,2274,2128,2013,1894,1956,1760,1694,1572,1604,1737,1734,1911,2043,2180,2293,2374,2442,2469,2509,2538,2548,2550,2568,2595,2581,2596,2608,2625,2619,2610,2684,2622,2614,2637,2628,2638,2646,2713,2641,2632,2648,2699,2664,2719,2657,2730,2659,2654,2728
Toblerone,2667,2657,2673,2666,2670,2665,2672,2667,2676,2686,2674,2673,2684,2680,2748,2694,2692,2686,2693,2680,2686,2682,2684,2689,2701,2699,2707,2705,2708,2697,2713,2777,2711,2705,2778,2703,2711,2704,2715,2704,2715,2705,2716,2717,2715,2715,2718,2718,2707,2706,2718,2707,2720,2719,2787,2718,2720,2709,2719,2720,2709,2709,2720,2715,2721,2721,2708,2717,2718,2720,2718,2721,2707,2787,2721,2720,2718,2721,2720,2709,2722,2787,2719,2714,2719,2709,2709,2721,2719,2708,2709,2720,2720,2719,2719,2721,2721,2705,2714,2709,2721,2710,2709,2710,2721,2721,2775,2719,2714,2720,2774,2720,2708,2708,2719,2708,2707,2717,2708,2721,2719,2719,2708,2722,2720,2709,2708,2708,2706,2709,2706,2710,2719,2719,2709,2721,2720,2708,2717,2719,2709,2718,2720,2719,2720,2709,2708,2776,2786,2719,2776,2712,2716,2714,2708,2706,2715,2718,2704,2704,2719,2717,2713,2782,2714,2701,2697,2666,2637,2664,2674,2662,2698,2701,2715,2719,2708,2720,2720,2707,2720,2717,2721,2788,2720,2710,2710,2720,2709,2709,2718,2709,2720,2714,2710,2718,2718,2719,2721,2717,2721,2721,2719,2774,2708,2712,2707,2717,2709,2719,2718,2716,2706,2716,2707,2716,2719,2707,2706,2706,2708,2720,2720,2715,2715,2708,2719,2785,2719,2705,2786,2786,2774,2784,2718,2720,2720,2707,2717,2705,2705,2712,2691,2649,2642,2582,2442,2392,2190,2197,2129,1961,1828,1829,1701,1602,1583,1668,1846,2014,2011,2148,2243,2352,2411,2463,2508,2497,2524,2534,2552,2570,2593,2589,2572,2608,2623,2614,2620,2632,2623,2634,2623,2620,2645,2628,2637,2646,2643,2637,2648,2664,2651,2648,2659,2647,2662,2647,2651,2663,2716,2672,2672,2659,2663,2672,2653,2669,2664,2676,2683,2675,2739,2684,2682,2673,2741,2693,2692,2687
Toblerone,2691,2687,2701,2700,2696,2772,2698,2703,2706,2709,2708,2779,2712,2712,2776,2712,2711,2703,2704,2772,2704,2705,2705,2717,2716,2714,2719,2712,2714,2719,2718,2708,2785,2786,2710,2715,2714,2709,2786,2720,2720,2710,2709,2718,2708,2721,2710,2720,2710,2781,2716,2709,2709,2708,2718,2720,2778,2710,2719,2719,2709,2722,2721,2720,2782,2776,2786,2718,2787,2720,2722,2709,2709,2708,0,2708,2721,2710,0,2721,2720,2708,2721,2721,2721,2720,2707,2720,2715,2720,2709,2709,2720,2718,2708,2718,2721,2709,2709,2709,2708,2719,2720,2775,2720,2721,2720,2719,2716,2708,2719,2716,2719,2720,2721,2720,2720,2718,2709,2720,2718,2719,2719,2709,2707,2718,2718,2709,2720,2709,2708,2706,2707,2707,2719,2707,2718,2719,2715,2706,2718,2702,2708,2716,2706,2770,2702,2682,2658,2661,2648,2660,2681,2690,2690,2710,2708,2720,2720,2709,2718,2718,2719,2710,2708,2712,2720,2722,2720,2718,2786,2784,2717,2720,2720,2710,2788,2706,2710,2717,2718,2718,2720,2708,2719,2708,2777,2715,2715,2709,2719,2709,2719,2706,2708,2716,2718,2718,2773,2718,2708,2706,2785,2719,2720,2707,2721,2718,2713,2775,2720,2720,2714,2718,2709,2712,2719,2707,2707,2717,2718,2706,2714,2706,2691,2695,2569,2487,2409,2414,2288,2172,2050,1938,1834,1697,1676,1604,1571,1716,1800,1807,1980,2129,2252,2333,2449,2462,2500,2528,2529,2554,2566,2568,2594,2598,2608,2619,2605,2702,2620,2626,2636,2627,2639,2637,2720,2641,2647,2648,2649,2642,2657,2653,2663,2653,2661,2647,2729,2668,2662,2672,2667,2663,2672,2670,2669,2671,2737,2678,2675,2678,2686,2752,2670,2690,2760,2681,2694,2700,2690,2692,2701,2697,2708,2707,2702,2697,2707,2711,2772,2713,2711,2773,2712,2714,2705,2716,2715,2715
Toblerone,2708,2718,2719,2719,2718,2718,2709,2710,2787,2719,2709,2786,2716,2709,2785,2718,2708,2721,2709,2708,2719,2721,2709,2721,2709,2775,2720,2718,2710,2718,2720,2710,2721,2787,2721,2719,2711,2722,2776,2785,2709,2721,2721,2710,2720,2709,2709,2721,2710,2721,2710,2721,2719,2709,2720,2720,2708,2709,2710,2707,2710,2787,2708,2719,2718,2715,2721,2720,2720,2718,2709,2709,2720,2715,2718,2722,2718,2708,2720,2709,2709,2708,2708,2720,2708,2708,2717,2715,2720,2719,2775,2708,2720,2710,2709,2720,2721,2718,2708,2721,2721,2775,2720,2709,2708,2714,2709,2718,2721,2706,2718,2716,2716,2718,2717,2706,2706,2717,2707,2718,2715,2699,2694,2654,2641,2653,2657,2683,2685,2708,2701,2717,2709,2721,2710,2721,2720,2708,2707,2718,2721,2721,2787,2715,2720,2708,2709,2710,2720,2716,2720,2721,2708,2720,2710,2787,2718,2708,2709,2716,2710,2720,2708,2710,2719,2709,2719,2720,2717,2786,2718,2707,2718,2707,2718,2707,2718,2707,2710,2720,2718,2784,2719,2787,2709,2720,2709,2719,2716,2719,2786,2719,2786,2719,2718,2708,2719,2717,2707,2768,2765,2659,2605,2510,2440,2345,2207,2093,1996,1989,1834,1725,1621,1575,1566,1719,1783,2027,2103,2221,2303,2395,2450,2444,2484,2521,2539,2552,2614,2579,2582,2654,2594,2621,2687,2608,2629,2702,2623,2638,2651,2647,2640,2648,2636,2652,2648,2636,2708,2660,2662,2716,2664,2650,2717,2726,2660,2665,2673,2665,2662,2674,2673,2663,2684,2678,2686,2685,2682,2672,2681,2675,2682,2690,2758,2680,2693,2690,2687,2698,2701,2708,2698,2708,2693,2704,2704,2711,2703,2700,2712,2712,2712,2711,2784,2715,2715,2704,2715,2705,2706,2708,2774,2717,2708,2709,2785,2719,2718,2718,2712,2712,2708,2715,0,2719,2718,0,2709,2708
Toblerone,0,2720,2714,0,2712,2719,0,2719,2709,0,2715,2716,2715,2720,0,2710,2708,2709,0,2721,2720,0,2711,2709,0,2717,2708,0,2710,2714,0,2712,2708,0,2783,2720,0,2720,2706,0,2719,2711,0,2720,2710,0,2710,2715,0,2710,2720,2709,2707,2707,2720,2784,2721,2710,2719,2714,2709,2719,2721,2710,2708,2720,2710,2715,2709,2720,2707,2708,2708,2721,2777,2786,2709,2719,2784,2720,2708,2720,2718,2709,2719,2710,2710,2787,2720,2708,2711,2708,2710,2708,2710,2709,2720,2707,2721,2709,2713,2707,2706,2716,2716,2719,2709,0,2774,2706,2719,2705,0,2713,2717,0,2716,2710,0,2699,2683,0,2656,2653,0,2656,2685,2686,2700,2710,2705,2718,2721,2720,2708,2711,2719,2709,2709,2708,2721,2709,2710,2720,2721,2711,2709,2714,2710,2710,2720,2719,2710,2722,2720,2720,2775,2718,2720,2719,2709,2723,2777,2718,2775,2718,2719,2707,2706,2706,2707,2719,2776,2706,2719,2707,2709,2719,2708,2719,2708,2720,2720,2721,2720,2780,2785,2719,2774,2718,2719,2705,2709,2717,2708,2785,2704,2702,2684,2664,2657,2673,2515,2448,2367,2369,2215,2100,1976,1916,1732,1607,1566,1633,1778,1957,2094,2232,2220,2313,2397,2439,2477,2509,2531,2568,2580,2644,2566,2599,2598,2603,2610,2620,2618,2638,2631,2638,2623,2633,2645,2629,2643,2636,2648,2665,2649,2652,2662,2646,2642,2663,2642,2665,2672,2665,2661,2674,2663,2664,2671,2676,2672,2685,2685,2736,2684,2670,2673,2675,2695,2694,2696,2687,2690,2701,2691,2689,2704,2709,2708,2705,2776,2708,2705,2702,2712,2710,2713,2701,2701,2712,2715,2714,2715,2703,2715,2707,2706,2705,2785,2707,2719,2708,2773,2709,2719,2708,2708,2709,2713,2707,2708,2785,2709,2720,2719,2710,2720,2785
Toblerone,2716,2708,2721,2720,2720,2786,2720,2710,2721,2720,2707,2713,2719,2716,2721,2721,2708,2719,2787,2710,2777,2779,2709,2775,2722,2710,2722,2709,2718,2719,2721,2722,2776,2719,2715,2723,2721,2707,2709,2721,2708,2717,2720,2708,2720,2720,2709,2718,2720,2720,2709,2708,2719,2705,2709,2707,2719,2720,2720,2785,2720,2719,2721,2705,2708,2721,2710,2720,2710,2709,2720,2721,2708,2720,2720,2708,2710,2720,2716,2720,2721,2709,2718,2721,2709,2709,2718,2717,2718,2718,2707,2709,2718,2706,2716,2714,2716,2717,2718,2707,2779,2713,2682,2659,2648,2651,2678,2686,2711,2712,2719,2721,2786,2776,2706,2710,2721,2721,2720,2721,2710,2715,2720,2719,2712,2707,2710,2788,2709,2720,2720,2720,2711,2720,2721,2785,2719,2718,2775,2712,2787,2710,2720,2718,2709,2720,2720,2709,2719,2716,2783,2717,2712,2719,2715,2719,2708,2717,2718,2719,2718,2720,2720,2720,2784,2709,2719,2708,2713,2719,2719,2709,2717,2719,2719,2707,2707,2707,2703,2712,2684,2651,2645,2661,2532,2445,2367,2232,2221,2096,2007,1882,1747,1748,1630,1573,1618,1613,1768,1999,2074,2216,2205,2312,2383,2432,2486,2581,2536,2544,2578,2576,2597,2594,2593,2602,2690,2620,2693,2634,2637,2623,2633,2637,2648,2632,2640,2650,2648,2642,2641,2662,2649,2652,2652,2651,2659,2656,2651,2673,2668,2662,2667,2674,2673,2678,2687,2685,2676,2666,2677,2684,2682,2746,2687,2695,2683,2691,2690,2702,2702,2684,2691,2701,2706,2709,2708,2704,2702,2706,2710,2712,2712,2702,2702,2710,2780,2774,2701,2715,2703,2707,2716,2717,2717,2718,2718,2708,2712,2720,2719,2710,2719,2719,2716,2719,2718,2709,2720,2710,2709,2708,2720,2719,2707,2720,2787,2721,2720,2711,2721,2720,2710,2713,2716,2710,2777,2718,2720,2789
Toblerone,2709,2720,2710,2720,2707,2721,2711,2711,2784,2721,2710,2710,2710,2711,2716,2773,2721,2721,2720,2708,2720,2720,2788,2720,2718,2718,2709,2720,2774,2719,2719,2719,2720,2709,2709,2774,2785,2710,2718,2708,2721,2720,2707,2708,2709,2707,2710,2710,2720,2709,2720,2719,2708,2720,2781,2707,2775,2720,2708,2719,2721,2709,2707,2719,2709,2718,2721,2709,2708,2719,2717,2708,2708,2719,2707,2717,2718,2716,2708,2707,2711,2706,2716,2712,2709,2665,2651,2648,2647,2670,2683,2693,2768,2713,2706,2785,2720,2719,2777,2709,2709,2719,2707,2719,2707,2710,2720,2719,2707,2721,2721,2720,2775,2707,2720,2710,2717,2719,2707,2718,2709,2719,2713,2708,2705,2717,2719,2709,2720,2774,2710,2720,2774,2708,2719,2718,2786,2708,2775,2706,2718,2721,2718,2713,2708,2720,2719,2720,2718,2716,2714,2720,2709,2718,2718,2785,2719,2784,2708,2713,2719,2718,2714,2697,2685,2670,2622,2559,2473,2411,2272,2160,2054,2049,1939,1893,1716,1607,1598,1564,1651,1788,1786,1957,2156,2212,2323,2453,2432,2443,2489,2518,2522,2558,2566,2567,2593,2607,2599,2617,2615,2686,2632,2635,2622,2633,2640,2646,2645,2640,2635,2628,2638,2702,2654,2728,2651,2660,2714,2652,2653,2664,2674,2670,2664,2668,2664,2665,2733,2665,2672,2672,2682,2674,2695,2678,2684,2684,2694,2694,2680,2690,2687,2677,2696,2690,2756,2700,2772,2698,2709,2698,2698,2709,2711,2701,2699,2712,2712,2713,2704,2714,2714,2713,2706,2706,2718,2717,2772,2708,2719,2707,2708,2719,2707,2720,2786,2709,2774,2719,2708,2708,2718,2708,2717,2709,2709,2706,2785,2721,2709,2721,2719,2707,2720,2709,2710,2721,2710,2720,2710,2784,2719,2707,2708,2721,2721,2721,2720,2721,2718,2721,2721,2707,2787,2714,2721,2710,2720,2719
Toblerone,2715,2720,2710,2721,2720,2786,2721,2709,2721,2708,2719,2708,2719,2707,2718,2720,2720,2721,2709,2708,2709,2721,2713,2721,2709,2711,2774,2709,2717,2721,2708,2773,2709,2708,2720,2709,2721,2721,2706,2718,2707,2720,2708,2710,2721,2720,2720,2717,2721,2708,2720,2707,2709,2708,2709,2720,2718,2706,2705,2708,2707,2717,2705,2714,2701,2711,2708,2686,2658,2637,2654,2660,2750,2701,2712,2706,2710,2721,2719,2715,2786,2708,2721,2710,2720,2721,2707,2717,2707,2718,2709,2785,2709,2706,2720,2721,2708,2721,2710,2716,2709,2709,2719,2707,2708,2718,2718,2787,2720,2708,2706,2720,2707,2718,2708,2715,2708,2708,2707,2708,2708,2719,2706,2718,2775,2707,2719,2709,2720,2720,2709,2720,2719,2719,2720,2719,2718,2708,2718,2717,2719,2771,2706,2711,2689,2703,2721,2589,2534,2446,2446,2265,2262,2127,2011,1976,1779,1782,1736,1577,1581,1700,1863,1854,2009,2138,2327,2258,2348,2411,2442,2493,2518,2535,2626,2573,2585,2589,2593,2596,2680,2609,2618,2625,2635,2634,2627,2701,2643,2642,2648,2645,2638,2649,2642,2639,2659,2664,2649,2659,2654,2647,2659,2654,2673,2672,2670,2736,2669,2665,2660,2672,2676,2674,2685,2668,2684,2684,2681,2681,2682,2687,2672,2680,2762,2700,2696,2702,2689,2774,2708,2706,2708,2763,2777,2711,2719,2712,2699,2711,2715,2712,2705,2716,2706,2714,2716,2707,2716,2717,2716,2719,2773,2713,2717,2720,2709,2720,2707,2719,2721,2710,2719,2708,2719,2781,2718,2719,2721,2720,2707,2719,2709,2710,2709,2721,2721,2719,2720,2711,2721,2719,2710,2721,2720,2719,2715,2720,2710,2709,2709,2721,2709,2786,2708,2713,2720,2720,2709,2710,2721,2776,2710,2721,2710,2707,2718,2721,2709,2720,2719,2708,2718,2720,2708,2786,2719,2708,2718,2720
Toblerone,2707,2711,2709,2775,2720,2720,2710,2708,2719,2708,2709,2708,2709,2719,2710,2780,2709,2720,2720,2710,2719,2719,2785,2720,2775,2706,2720,2721,2710,2710,2720,2774,2718,2707,2715,2720,2708,2707,2718,2718,2716,2716,2784,2717,2705,2716,2707,2717,2713,2708,2707,2682,2642,2634,2656,2672,2691,2775,2708,2709,2720,2708,2714,2719,2709,2711,2720,2710,2785,2719,2721,2720,2721,2719,2708,2715,2715,2722,2709,2709,2720,2720,2710,2720,2708,2708,2718,2720,2709,2720,2785,2709,2787,2717,2718,2718,2718,2711,2706,2716,2708,2716,2718,2718,2775,2719,2718,2706,2721,2710,2720,2719,2709,2716,2721,2720,2720,2708,2718,2719,2718,2720,2708,2720,2710,2718,2704,2698,2682,2675,2703,2559,2466,2416,2403,2290,2157,2058,1948,1936,1859,1678,1582,1586,1692,1861,2009,2168,2269,2272,2334,2409,2474,2462,2502,2553,2544,2551,2646,2592,2585,2592,2594,2671,2623,2614,2619,2629,2619,2633,2695,2622,2645,2708,2641,2647,2641,2649,2637,2728,2643,2657,2642,2646,2662,2656,2643,2672,2672,2674,2673,2665,2657,2675,2738,2750,2681,2735,2681,2680,2673,2745,2686,2692,2687,2692,2676,2766,2753,2687,2707,2707,2695,2705,2708,2709,2709,2701,2710,2712,2711,2701,2777,2704,2704,2781,2717,2716,2717,2704,2707,2719,2705,2719,2708,2708,2717,2720,2785,2708,2784,2707,2709,2709,2709,2709,2715,2773,2719,2721,2775,2711,2720,2708,2719,2775,2709,2709,2720,2708,2720,2721,2710,2711,2720,2708,2709,2787,2721,2707,2785,2710,2719,2714,2716,2720,2710,2772,2720,2721,2721,2720,2708,2710,2720,2776,2705,2721,2778,2786,2721,2707,2788,2709,2721,2785,2711,2716,2720,2722,2709,2708,2720,2720,2710,2717,2709,2707,2718,2719,2719,2721,2720,2720,2718,2721,2709,2710,2711,2719
Toblerone,2716,2716,2720,2709,2718,2718,2736,2709,2709,2721,2720,2716,2720,2721,2709,2720,2719,2715,2718,2702,2707,2718,2706,2716,2716,2781,2718,2715,2718,2715,2760,2694,2671,2636,2642,2678,2684,2686,2710,2717,2707,2721,2710,2719,2709,2710,2722,2718,2709,2720,2719,2711,2719,2722,2708,2710,2773,2716,2705,2709,2710,2773,2708,2710,2708,2720,2720,2710,2718,2710,2720,2713,2721,2721,2709,2718,2718,2719,2718,2718,2707,2719,2707,2717,2708,2719,2707,2720,2721,2709,2720,2785,2707,2708,2720,2776,2719,2712,2784,2720,2710,2713,2708,2718,2718,2719,2712,2689,2669,2672,2538,2531,2446,2371,2234,2123,2120,2012,1893,1783,1669,1588,1581,1697,1691,1875,2165,2163,2272,2365,2408,2535,2486,2538,2524,2549,2544,2556,2587,2597,2596,2613,2620,2619,2629,2638,2633,2621,2636,2638,2646,2640,2646,2647,2651,2636,2648,2656,2650,2645,2646,2657,2657,2664,2673,2721,2664,2661,2665,2662,2675,2667,2750,2681,2676,2669,2682,2672,2683,2682,2693,2694,2685,2683,2680,2694,2701,2701,2763,2707,2697,2702,2710,2697,2699,2712,2712,2714,2701,2712,2710,2714,2769,2716,2716,2768,2706,2705,2716,2716,2707,2718,2720,2719,2711,2718,2720,2709,2720,2709,2720,2718,2784,2718,2720,2710,2720,2720,2708,2721,2706,2774,2708,2786,2709,2708,2709,2707,2720,2708,2718,2720,2721,2709,2719,2719,2708,2707,2718,2786,2721,2722,2785,2718,2719,2717,2710,2774,2722,2721,2714,2721,2709,2707,2719,2708,2710,2718,2784,2709,2720,2710,2720,2708,2720,2772,2711,2708,2718,2785,2720,2720,2719,2718,2718,2712,2720,2718,2708,2710,2718,2721,2708,2714,2720,2720,2720,2721,2707,2718,2705,2707,2709,2707,2708,2710,2710,2721,2710,2718,2720,2708,2719,2719,2706,2718,2717,2708,2707,2717
Toblerone,2707,2715,2718,2705,2707,2782,2705,2773,2707,2708,2682,2642,2647,2672,2694,2696,2705,2717,2718,2719,2720,2707,2718,2721,2709,2710,2717,2720,2720,2720,2721,2711,2720,2706,2718,2721,2775,2720,2718,2711,2718,2721,2710,2709,2720,2706,2711,2709,2708,2783,2718,2773,2784,2720,2718,2717,2707,2718,2708,2713,2714,2718,2706,2707,2718,2719,2720,2719,2720,2707,2712,2718,2718,2709,2719,2720,2717,2719,2718,2715,2719,2782,2707,2719,2718,2713,2696,2659,2668,2670,2544,2445,2356,2227,2108,2105,2007,1877,1809,1625,1566,1610,1771,1771,1927,2071,2251,2309,2303,2379,2432,2471,2496,2523,2548,2549,2559,2559,2578,2597,2600,2608,2610,2621,2681,2622,2634,2637,2627,2650,2647,2711,2649,2706,2648,2629,2641,2715,2650,2650,2653,2658,2657,2661,2659,2675,2663,2673,2661,2654,2656,2670,2673,2669,2685,2677,2670,2666,2746,2663,2680,2694,2691,2684,2683,2679,2702,2694,2698,2695,2707,2761,2771,2709,2708,2709,2702,2701,2707,2774,2700,2712,2715,2701,2702,2714,2706,2705,2712,2709,2717,2704,2707,2715,2720,2719,2708,2718,2723,2782,2709,2715,2707,2719,2719,2719,2720,2710,2713,2710,2710,2777,2708,2720,2710,2709,2721,2719,2718,2714,2705,2710,2721,2722,2720,2785,2720,2709,2723,2721,2709,2717,2720,2720,2710,2721,2719,2718,2721,2709,2721,2711,2786,2709,2709,2706,2721,2710,2709,2719,2718,2773,2710,2720,2772,2720,2709,2719,2719,2720,2720,2718,2720,2707,2717,2785,2719,2716,2775,2719,2708,2720,2720,2708,2721,0,2709,2720,0,2717,2719,2708,2721,2707,2708,2720,2708,2710,2721,2709,2710,2709,2709,2709,2720,2784,2707,2784,2721,2718,2719,2722,2709,2706,2708,2719,2718,2706,2717,2717,2715,2781,2704,2705,2707,2692,2692,2643,2644,2726
Toblerone,2703,2770,2717,2720,2720,2711,2773,2712,2774,2784,2706,2720,2710,2774,2780,2707,2710,2722,2721,2716,2709,2706,2705,2710,2710,2710,2720,2721,2774,2782,2704,2706,2707,2718,2720,2719,2718,2707,2721,2709,2718,2709,2707,2719,2716,2719,2719,2723,2709,2718,2720,2721,2721,2707,2718,2708,2719,2718,2717,2717,2715,2719,2717,2708,2720,2707,2708,2716,2717,2717,2773,2708,2685,2685,2617,2548,2452,2370,2268,2134,2037,1905,1909,1837,1646,1557,1607,1604,1750,1926,2060,2193,2311,2386,2384,2428,2459,2493,2523,2550,2559,2576,2559,2588,2605,2606,2609,2609,2620,2623,2635,2634,2628,2640,2646,2638,2648,2638,2640,2695,2716,2661,2658,2656,2652,2661,2656,2641,2651,2661,2662,2662,2675,2664,2659,2663,2683,2683,2672,2676,2668,2676,2675,2685,2689,2693,2680,2755,2695,2692,2687,2696,2701,2695,2772,2765,2705,2708,2707,2699,2712,2765,2709,2704,2701,2766,2705,2712,2781,2719,2705,2707,2716,2781,2720,2706,2706,2705,2708,2721,2720,2719,2721,2708,2708,2707,2719,2710,2710,2720,2718,2721,2719,2721,2713,2776,2721,2722,2721,2786,2709,2715,2721,2721,2721,2707,2710,2711,2718,2708,2710,2720,2719,2719,2718,2720,2721,2774,2709,2708,2718,2710,2721,2721,2716,2717,2720,2722,2710,2720,2780,2720,2720,2708,2718,2708,2708,2720,2710,2720,2773,2717,2720,2718,2721,2716,2707,2708,2786,2715,2718,2708,2720,2723,2709,2707,2721,2775,2720,2710,2720,2783,2718,2707,2710,2721,2720,2706,2707,2721,2721,2774,2717,0,2728,2708,0,2720,2709,2773,2718,2717,2718,2706,2716,2718,2704,2707,2771,2712,2705,2700,2691,2664,2638,2637,2645,2681,2690,2711,2718,2708,2709,2709,2708,2722,2786,2721,2721,2710,2720,2721,2710,2709,2709,2713,2786,0,2784,2784
Toblerone,2708,2710,2710,2720,2709,2710,2719,2720,2721,2718,2709,2715,2720,2718,2708,2707,2709,2707,2709,2709,2715,2707,2773,2716,2709,2708,2720,2708,2708,2710,2720,2709,2784,2708,2721,2706,2705,2719,2709,2709,2784,2781,2705,2702,2702,2701,2650,2603,2518,2500,2351,2214,2214,2096,1992,0,1866,1866,1635,1632,1564,0,1632,1787,2030,2106,2097,2215,2327,2382,2447,2486,2575,2549,2609,2566,2594,2590,2585,2611,2620,2625,2628,2626,2626,2622,2618,0,2638,2651,2715,2640,2650,2711,2653,2652,2658,2652,2657,2659,2664,2653,2739,2670,2675,2675,2663,2670,2661,2673,2669,2673,2673,2672,2685,2675,2687,2689,2679,2695,2681,2676,2768,2701,2696,2703,2695,2705,2709,2697,2698,2702,2701,2767,2711,2764,2713,2712,2706,2701,2771,2713,2716,2719,2706,2707,2717,2712,2708,2708,2707,2709,2720,2720,2718,2719,2717,2772,2709,2721,2720,2712,2727,2720,2720,2707,2721,2721,2717,2710,2721,2709,2718,2721,2711,2719,2715,2710,2721,2710,2709,2710,2722,2721,2709,2709,2721,2721,2721,2784,2710,2721,2709,2720,2715,2720,2719,2720,2710,2710,2720,2718,2720,2717,2720,2720,2782,2718,2721,2709,2710,2708,2720,2710,2784,2707,2708,2709,2721,2709,2719,2721,2709,2720,2709,2709,2708,2721,2719,2708,2717,2721,2774,2782,2720,2717,2720,2775,2714,2719,2710,2719,2719,2721,2717,2714,2784,2774,2718,2720,2782,2708,2718,2770,2717,2717,2708,2769,2781,2705,2717,2705,2718,2716,2712,2694,2666,2651,2648,2647,2735,2752,2708,2709,2716,2708,2719,2720,2784,2785,2710,2721,2721,2721,2784,2707,2721,2707,2720,2719,2784,2709,2719,2708,2710,2722,2720,2720,2721,2720,2719,2708,2720,2717,2720,2720,2720,2719,2707,2716,2719,2782,2720,2710,2708,2719,2707,2707,2719,2707
Toblerone,2709,2719,2709,2716,2719,2709,2784,2707,2719,2719,2716,2720,2713,2719,2718,2705,2712,2718,2720,2718,2718,2706,2717,2717,2700,2698,2725,2599,2598,2520,2408,2323,2179,2072,2027,1957,1827,1716,1604,1571,1572,1668,1911,2029,2167,2165,2268,2352,2424,2539,2458,2496,2536,2603,2559,2578,2596,2581,2596,2605,2610,2620,2632,2622,2623,2636,2634,2642,2699,2648,2646,2646,2648,2644,2649,2648,2649,2646,2656,2722,2721,2667,2663,2674,2660,2668,2671,2660,2661,2672,2669,2679,2681,2683,2743,2682,2676,2668,2687,2693,2693,2686,2682,2693,2697,2694,2697,2764,2696,2707,2704,2696,2696,2763,2699,2710,2764,2713,2712,2710,2702,2715,2714,2716,2717,2781,2716,2705,2717,2716,2711,2708,2719,2718,2718,2708,2707,2719,2719,2709,2708,2719,2707,2707,2782,2718,2708,2720,2720,2719,2719,2708,2720,2721,2720,2709,2721,2721,2710,2720,2772,2719,2721,2721,2785,2709,2721,2709,2708,2709,2721,2722,2710,2720,2709,2721,2720,2711,2709,2718,2707,2721,2720,2720,2718,2721,2709,2708,2720,2754,2709,2717,2719,2718,2720,2719,2707,2720,2708,2720,2721,2720,2708,2718,2720,2717,2782,2719,2784,2720,2706,2710,2784,2709,2720,2721,2719,2718,2718,2710,2709,2720,2724,2709,2721,2719,2718,2720,2783,2709,2720,2782,2707,2707,2719,2720,2719,2718,2719,2717,2708,2719,2716,2782,2707,2715,2705,2717,2705,2715,2697,2670,2648,2649,2648,2667,2753,2696,2704,2716,2772,2720,2771,2715,2720,2733,2706,2718,2719,2721,2719,2721,2710,2720,2719,2711,2718,2720,2706,2719,2784,2716,2719,2716,2718,2720,2716,2720,2708,2718,2707,2720,2719,2708,2780,2720,2719,2707,2718,2718,2713,2777,2709,2719,2718,2718,2772,2709,2719,2707,2717,2706,2720,2717,2719,2705,2708,2719,2709,2716
Toblerone,2707,2710,2709,2719,2716,2705,2712,2697,2701,2673,2603,2523,2436,2350,2212,2092,2083,1975,1860,1741,1740,1628,1572,1631,1783,1977,1971,2111,2218,2322,2386,2391,2451,2476,2514,2614,2568,2555,2578,2591,2597,2594,2598,2610,2606,2625,2698,2622,2632,2634,2648,2645,2632,2634,2648,2648,2640,2638,2648,2651,2660,2715,2653,2662,2646,2665,2673,2668,2671,2736,2735,2666,2673,2676,2684,2739,2752,2681,2671,2684,2733,2733,2668,2687,0,2692,2687,0,2677,2683,0,2691,2696,0,2709,2709,0,2697,2697,2697,2703,2697,2698,2701,0,2712,2703,0,2701,2713,2713,2697,2772,2771,0,2713,2715,0,2704,2718,0,2716,2706,0,2705,2715,0,2717,2717,0,2717,2709,0,2710,2720,0,2719,2708,0,2707,2782,2713,2785,2706,2721,2720,2709,2721,2719,2708,2721,2721,2709,2721,2720,2714,2708,2720,2709,2721,2707,2709,2785,2721,2775,2784,2722,2707,2711,2722,2717,2709,2717,2707,2709,2773,2705,2713,2723,2721,2709,2719,2720,2718,2708,2720,2719,2708,2720,2719,2707,2719,2721,2709,2720,2720,2709,2721,2718,2720,2718,2716,2720,2721,2709,2707,2784,2707,2721,2721,2721,2718,2721,2719,2707,2721,2721,2772,2721,2707,2707,2721,2721,2710,2721,2771,2705,2713,2709,2709,2720,2719,2784,2720,2720,2784,2777,2719,2704,2718,2781,2707,2717,2718,2706,2706,2716,2704,2681,2670,2639,2664,2660,2672,2766,2704,2707,2718,2720,2712,2711,2723,2716,2708,2720,2719,2721,2709,2709,2721,2721,2716,2710,2721,2720,2720,2719,2722,2785,2720,2721,2709,2710,2710,2720,2721,2720,2720,2719,2722,2720,2710,2708,2707,2718,2772,2717,2707,2717,2717,2707,2707,2784,2707,2710,2718,2709,2772,2720,2720,2718,2720,2708,2709,2721,2777,2707,2718,2717,2707
Toblerone,2707,2781,2716,2696,2707,2683,2628,2630,2453,2372,2264,2140,2136,2027,1904,1772,1672,1660,1581,1604,1760,1953,1960,2165,2218,2320,2389,2400,2447,2475,2498,2541,2553,2559,2581,2652,2604,2597,2609,2622,2621,2693,2638,2633,2625,2648,2649,2644,2626,2646,2648,2632,2652,2639,2660,2659,2655,2653,2663,2650,2661,2669,2664,2673,2662,2655,2727,2673,2683,2682,2740,2683,2670,2675,2682,2673,2684,2681,2752,2677,2691,2691,2702,2701,2750,2696,2697,2698,2759,2696,2709,2697,2700,2698,2700,2701,2718,2715,2715,2715,2715,2715,2706,2705,2718,2717,2719,2718,2719,2719,2720,2708,2708,2784,2719,2707,2704,2709,2716,2709,2721,2784,2709,2718,2721,2773,2720,2719,2706,2720,2710,2720,2719,2719,2784,2722,2711,2720,2708,2707,2722,2721,2774,2721,2720,2721,2721,2721,2710,2710,2721,2708,2712,2713,2720,2721,2721,2707,2720,2721,2709,2721,2718,2709,2710,2753,2721,2709,2718,2707,2719,2719,2708,2721,2719,2708,2708,2709,2720,2720,2721,2720,2784,2707,2717,2720,2706,2709,2720,2709,2784,2718,2720,2720,2720,2718,2720,2710,2720,2720,2709,2721,2721,2720,2715,2721,2721,2709,2718,2719,2708,2704,2718,2720,2720,2718,2717,2769,2716,2718,2706,2707,2706,2705,2708,2683,2677,2651,2647,2646,2749,2707,2704,2716,2718,2718,2710,2720,2721,2722,2718,2721,2720,2721,2721,2717,2719,2708,2721,2721,2709,2720,2747,2707,2721,2784,2721,2707,2734,2720,2708,2709,2719,2719,2708,2706,2718,2706,2784,2772,2710,2708,2717,2718,2707,2719,2708,2720,2719,2719,2719,2708,2720,2708,2720,2720,2709,2784,2719,2715,2710,2760,2774,2778,2718,2712,2720,2719,2708,2708,2709,2704,2706,2697,2692,2648,2578,2499,2501,2487,2321,2183,2184,2074,1965,1839,1736,1726,1609,1558
Toblerone,1938,1935,2001,2121,2236,2237,2390,2384,2444,2466,2524,2501,2533,2543,2626,2579,2582,2609,2612,2668,2608,2693,2623,2638,2625,2623,2649,2638,2649,2629,2640,2640,2646,2650,2662,2660,2653,2653,2658,2652,2646,2662,2672,2668,2672,2666,2673,2670,2738,2674,2683,2669,2681,2667,2749,2682,2680,2748,2693,2692,2682,2680,2682,2687,2702,2701,2690,2709,2707,2696,2707,2707,2706,2713,2709,2701,2712,2712,2709,2716,2714,2712,2715,2715,2718,2706,2771,2779,2719,2717,2707,2720,2708,2715,2720,2718,2706,2719,2720,2709,2707,2784,2707,2721,2720,2773,2719,2709,2721,2722,2785,2721,2719,2717,2710,2709,2722,2711,2721,2718,2707,2775,2721,2771,2720,2722,2707,2719,2710,2709,2721,2711,2721,2718,2706,2721,2721,2721,2786,2717,2786,2710,2720,2772,2719,2718,2720,2716,2720,2709,2710,2717,2719,2710,2719,2719,2774,2720,2772,2708,2706,2718,2713,2720,2719,2708,2719,2718,2707,2720,2720,2709,2719,2716,2721,2720,2708,2719,2719,2718,2733,2720,2719,2719,2719,2767,2709,2719,2718,2709,2718,2722,2782,2717,2711,2720,2708,2718,2707,2704,2717,2718,2706,2708,2718,2705,2702,2701,2708,2696,2681,2726,2646,2648,2664,2674,2770,2715,2718,2717,2713,2719,2709,2721,2709,2710,2718,2719,2721,2720,2716,2718,2720,2785,2721,2720,2718,2721,2719,2720,2719,2708,2773,2709,2773,2720,2720,2708,2721,2719,2708,2718,2710,2708,2719,2708,2720,2775,2719,2718,2717,2720,2780,2706,2715,2716,2720,2720,2784,2709,2718,2708,2769,2712,2720,2718,2710,2720,2719,2708,2718,2714,2719,2707,2718,2705,2707,2708,2683,2631,2556,2461,2372,2260,2134,2008,2001,1911,1797,1671,1663,1586,1579,1693,1872,2045,2174,2178,2283,2355,2416,2453,2559,2524,2540,2550,2559,2567,2577,2605
Toblerone,2601,2600,2623,2634,2630,2627,2687,2634,2646,2712,2648,2632,2648,2660,2642,2664,2659,2651,2661,2656,2650,2663,2674,2664,2665,2673,2664,2662,2732,2681,2679,2672,2681,2682,2682,2679,2683,2683,2682,2693,2693,2753,2690,2765,2690,2707,2704,2709,2707,2698,2701,2713,2710,2712,2709,2712,2711,2774,2714,2715,2714,2702,2780,2719,2718,2714,2717,2718,2718,2719,2720,2719,2720,2710,2709,2721,2708,2708,2720,2720,2720,2784,2708,2704,2709,2710,2720,2720,2721,2719,2720,2709,2721,2718,2708,2720,2708,2720,2718,2720,2716,2721,2720,2719,2710,2721,2722,2709,2719,2784,2708,2720,2721,2719,2709,2784,2714,2717,2721,2720,2719,2711,2709,2784,2707,2719,2710,2721,2719,2719,2707,2708,2718,2719,2719,2721,2708,2786,2720,2709,2719,2718,2709,2708,2717,2715,2709,2782,2708,2719,2721,2710,2784,2720,2720,2784,2709,2709,2721,2708,2707,2719,2720,2709,2712,2721,2719,2709,2708,2721,2710,2709,2783,2710,2706,2718,2719,2720,2712,2717,2717,2779,2707,2718,2705,2708,2712,2707,2698,2684,2646,2638,2662,2676,2693,2697,2713,2708,2718,2716,2721,2721,2707,2709,2719,2708,2710,2784,2721,2722,2708,2719,2707,2712,2716,2717,2720,2717,2720,2721,2708,2719,2719,2720,2773,2720,2713,2710,2710,2719,2785,2769,2717,2781,2708,2718,2713,2772,2782,2719,2707,2712,2706,2709,2709,2707,2718,2719,2720,2718,2719,2721,2719,2781,2716,2720,2719,2712,2707,2772,2719,2716,2716,2718,2708,2699,2699,2661,2587,2537,2532,2437,2341,2254,2092,2078,1962,1922,1732,1615,1567,1640,1631,1783,1964,2113,2121,2231,2312,2387,2426,2471,2513,2522,2533,2528,2549,2572,2593,2604,2606,2596,2605,2617,2616,2634,2637,2627,2646,2640,2648,2652,2640,2647,2641,2650,2647,2657,2723,2664
Toblerone,2650,2649,2672,2665,2671,2671,2661,2660,2657,2670,2672,2682,2667,2673,2673,2674,2684,2669,2671,2687,2682,2684,2760,2756,2684,2695,2699,2706,2696,2707,2705,2709,2712,2709,2712,2700,2711,2701,2711,2716,2710,2714,2771,2716,2705,2717,2706,2706,2715,2720,2771,2782,2718,2715,2720,2720,2709,2716,2718,2719,2719,2709,2785,2708,2709,2710,2706,2784,2720,2709,2721,2719,2720,2721,2708,2710,2719,2720,2721,2721,2785,2718,2721,2711,2711,2716,2709,2720,2720,2721,2710,2721,2708,2721,2721,2721,2720,2717,2784,2718,2786,2711,2721,2786,2709,2773,2719,2720,2709,2771,2719,2718,2718,2708,2720,2721,2709,2721,2710,2721,2719,2720,2709,2712,2721,2769,2708,2719,2716,2719,2707,2719,2707,2720,2718,2720,2784,2720,2720,2720,2721,2720,2720,2772,2721,2717,2719,2709,2720,2718,2706,2721,2720,2770,2708,2720,2703,2708,2706,2717,2716,2718,2717,2713,2713,2703,2670,2673,2643,2648,2675,2675,2685,2712,2717,2781,2719,2709,2710,2712,2774,2720,2718,2773,2720,2721,2708,2708,2709,2721,2720,2710,2785,2718,2720,2709,2707,2719,2713,2721,2773,2784,2718,2707,2718,2709,2719,2782,2717,2706,2707,2719,2708,2718,2706,2781,2708,2719,2708,2719,2715,2707,2708,2710,2720,2720,2708,2708,2779,2716,2709,2720,2709,2708,2720,2708,2708,2719,2720,2717,2769,2717,2705,2710,2693,2634,2581,2501,2490,2404,2303,2150,2063,2062,1948,1823,1716,1589,1633,1647,1648,1831,2009,2144,2274,2338,2421,2456,2499,2559,2498,2546,2571,2570,2579,2595,2604,2607,2620,2617,2687,2599,2687,2697,2634,2648,2640,2637,2647,2646,2638,2635,2653,2659,2656,2661,2661,2722,2727,2661,2658,2675,2670,2670,2668,2661,2668,2736,2664,2661,2671,2676,2681,2685,2685,2684,2737,0,2748,2678
Toblerone,0,2682,2680,0,2687,2685,0,2700,2697,2698,2708,2708,2702,2698,2709,2702,2712,2712,2711,2712,2711,2714,2715,2715,2715,2714,0,2718,2711,2715,2704,0,2784,2708,2772,0,2776,2708,0,2710,2706,0,2710,2715,0,2710,2719,0,2720,2708,0,2711,2709,0,2709,2720,0,2713,2720,0,2712,2718,0,2722,2722,0,2709,2721,0,2714,2720,0,2711,2721,0,2720,2721,0,2721,2710,2709,2721,2709,2716,2716,2773,2722,2709,2712,2718,2711,2710,2722,2721,2708,2721,2712,2712,2784,2721,2708,2721,2721,2708,2708,2709,2784,2708,2708,2707,2721,2720,2717,2780,2709,2720,2711,2713,2706,2720,2709,2718,2719,2713,2721,2716,2720,2721,2720,2721,2721,2718,2714,2707,2721,2721,2720,2783,2711,2709,2720,2715,2720,2714,2708,2720,2719,2708,2719,2720,2707,2716,2718,2704,2718,2708,2708,2716,2718,2705,2713,2779,2699,2691,2663,2649,2661,2672,2687,2710,2705,2708,2719,2783,2721,2721,2716,2711,2784,2718,2719,2721,2710,2710,2710,2721,2721,2708,2722,2784,2711,2720,2709,2721,2709,2719,2708,2720,2719,2708,2720,2720,2720,2718,2703,2707,2719,2720,2772,2719,2718,2705,2717,2717,2707,2769,2784,2720,2719,2718,2708,2720,2719,2715,2718,2708,2708,2719,2770,2785,2720,2718,2718,2716,2718,2719,2706,2718,2705,2703,2709,2693,2655,2664,2592,2566,2491,2296,2161,2059,1954,1951,1831,1697,1597,1575,1565,1663,1839,2010,2203,2340,2278,2347,2404,2471,2504,2514,2552,2555,2559,2566,2585,2597,2595,2604,2679,2619,2632,2623,2619,2627,2647,2640,2651,2637,2632,2637,2634,2637,2713,2660,2716,2661,2661,2653,2725,2648,2725,2672,2664,2661,2672,2726,2732,2664,2671,2667,2685,2672,2672,2680,2684,2672,2684,2693,2691,2681,2692,2755
Toblerone,2686,2691,2691,2696,2693,2693,2707,2713,2712,2709,2701,2710,2774,2702,2702,2710,2704,2714,2717,2705,2707,2716,2706,2705,2707,2718,2720,2707,2720,2710,2719,2706,2718,2720,2771,2786,2720,2707,2720,2720,2710,2721,2720,2706,2721,2720,2710,2784,2720,2721,2721,2720,2710,2721,2719,2710,2708,2722,2714,2721,2723,2721,2709,2709,2721,2719,2705,2786,2784,2710,2719,2710,2710,2721,2708,2719,2720,2721,2720,2715,2710,2710,2711,2719,2708,2709,2709,2771,2718,2719,2720,2711,2775,2719,2718,2718,2710,2720,2710,2709,2718,2708,2720,2721,2714,2708,2720,2710,2773,2712,2716,2718,2717,2710,2708,2720,2720,2716,2720,2709,2712,2720,2720,2771,2718,2717,2720,2719,2772,2718,2719,2708,2719,2718,2704,2717,2709,2716,2706,2717,2705,2705,2714,2703,2709,2691,2640,2704,2664,2676,2673,2701,2712,2713,2709,2720,2708,2721,2785,2721,2722,2709,2776,2717,2719,2719,2708,2710,2721,2720,2709,2721,2721,2705,2708,2721,2709,2721,2705,2706,2720,2720,2710,2718,2710,2709,2720,2708,2709,2706,2719,2708,2784,2708,2708,2718,2718,2719,2720,2708,2718,2717,2715,2720,2713,2713,2707,2719,2706,2718,2721,2772,2718,2706,2710,2707,2717,2708,2716,2718,2779,2701,2712,2685,2649,2590,2509,2421,2427,2296,2141,2041,1928,1925,1792,1683,1587,1590,1580,1697,1869,2095,2183,2175,2292,2363,2427,2453,2496,2505,2523,2548,2557,2580,2570,2580,2606,2602,2612,2625,2618,2687,2635,2636,2627,2649,2647,2707,2640,2640,2648,2647,2697,2727,2664,2642,2718,2660,2657,2664,2661,2657,2736,2660,2676,2660,2665,2674,2672,2683,2736,2685,2683,2674,2681,2677,2733,2692,2749,2692,2684,2689,2694,2701,2699,2696,2697,2701,2707,2698,2708,2701,2713,2702,2714,2712,2700,2712,2715,2716
Toblerone,2706,2706,2716,2717,2713,2719,2704,2709,2709,2710,2721,2707,2719,2709,2714,2719,2718,2706,2784,2784,2720,2710,2785,2720,2721,2721,2710,2721,2721,2709,2721,2720,2721,2708,2717,2721,2722,2710,2721,2720,2720,2719,2710,2722,2721,2720,2719,2721,2721,2784,2709,2719,2711,2720,2721,2713,2720,2719,2709,2721,2721,2709,2719,2720,2710,2784,2718,2715,2714,2719,2707,2720,2721,2720,2718,2708,2708,2720,2710,2708,2720,2720,2710,2719,2708,2718,2715,2708,2719,2718,2711,2721,2784,2709,2718,2719,2718,2720,2720,2719,2719,2709,2720,2708,2720,2709,2708,2768,2720,2708,2708,2719,2708,2714,2720,2710,2719,2719,2706,2780,2717,2716,2718,2718,2708,2705,2705,2714,2712,2694,2704,2680,2647,2644,2663,2674,2680,2695,2707,2720,2709,2719,2720,2711,2720,2709,2725,2721,2719,2710,2710,2721,2784,2708,2719,2782,2709,2717,2721,2709,2708,2719,2720,2721,2720,2706,2720,2709,2710,2720,2707,2707,2721,2720,2719,2718,2711,2717,2718,2708,2718,2718,2718,2718,2720,2707,2706,2708,2720,2706,2708,2784,2709,2708,2720,2711,2719,2708,2708,2721,2719,2706,2715,2719,2709,2719,2780,2705,2703,2707,2760,2677,2635,2553,2473,2459,2384,2258,2124,2008,1891,1776,1663,1733,1572,1581,1715,1891,2060,2059,2309,2374,2376,2432,2485,2559,2525,2530,2537,2559,2623,2590,2605,2596,2615,2617,2620,2621,2695,2634,2647,2640,2648,2634,2644,2648,2634,2643,2715,2645,2725,2662,2659,2651,2662,2659,2651,2669,2673,2656,2672,2662,2673,2672,2675,2684,2677,2683,2671,2673,2672,2733,2677,2672,2744,2684,2690,2685,2690,2690,2760,2701,2700,2687,2706,2759,2699,2711,2705,2693,2709,2775,2702,2701,2708,2701,2712,2710,2713,2716,2717,2705,2717,2706,2715,2715,2718,2719,2714,2719
Toblerone,2709,2718,2708,2719,2721,2709,2707,2782,2718,2718,2720,2708,2713,2720,2719,2717,2721,2722,2719,2708,2707,2719,2711,2710,2721,2721,2720,2719,2721,2721,2709,2773,2771,2720,2715,2773,2720,2721,2709,2713,2712,2718,2719,2718,2721,2721,2707,2720,2720,2709,2721,2784,2720,2707,2720,2712,2721,2719,2707,2710,2720,2728,2718,2713,2720,2782,2719,2720,2718,2720,2709,2720,2710,2720,2710,2718,2719,2719,2769,2709,2718,2717,2721,2720,2718,2707,2718,2716,2720,2772,2781,2719,2709,2719,2720,2707,2708,2721,2719,2707,2707,2709,2770,2715,2707,2715,2783,2707,2716,2707,2715,2711,2696,2695,2687,2649,2637,2651,2674,2671,2697,2715,2708,2706,2720,2709,2708,2771,2720,2718,2715,2708,2720,2719,2718,2719,2720,2784,2721,2709,2708,2719,2720,2720,2709,2719,2719,2720,2722,2708,2708,2720,2784,2719,2713,2718,2707,2784,2709,2708,2717,2711,2707,2717,2719,2772,2719,2719,2708,2720,2709,2773,2781,2708,2717,2720,2719,2709,2719,2708,2720,2708,2719,2782,2709,2719,2706,2717,2717,2771,2782,2771,2696,2683,2638,2629,2547,2531,2370,2284,2225,2096,1982,1871,1771,1763,1637,1566,1686,1768,1951,2106,2108,2232,2335,2409,2449,2486,2506,2539,2556,2550,2576,2588,2576,2598,2605,2612,2623,2619,2627,2636,2634,2644,2641,2651,2698,2628,2639,2648,2648,2661,2665,2660,2660,2642,2656,2652,2674,2671,2662,2673,2670,2662,2671,2738,2675,2682,2675,2672,2665,2680,2685,2674,2681,2692,2682,2693,2676,2694,2695,2697,2701,2701,2707,2709,2708,2694,2775,2702,2711,2711,2712,2700,2775,2712,2767,2704,2715,2704,2716,2710,2706,2716,2770,2708,2719,2719,2717,2720,2720,2710,2709,2720,2772,2716,2719,2706,2720,2720,2707,2707,2720,2784,2713,2721,2771,2719,2718,2721
Toblerone,2708,2711,2721,2721,2709,2707,2720,2710,2710,2713,2710,2773,2720,2720,2722,2720,2710,2781,2720,2723,2772,2785,2720,2709,2719,2714,2709,2721,2720,2784,2719,2720,2708,2721,2722,2709,2773,2720,2720,2708,2709,2722,2721,2709,2710,2774,2720,2772,2712,2721,2722,2708,2710,2708,2719,2784,2722,2771,2719,2720,2709,2710,2721,2709,2708,2721,2708,2715,2720,2707,2718,2710,2708,2720,2710,2719,2784,2708,2709,2719,2712,2713,2782,2709,2708,2716,2776,2706,2708,2718,2770,2715,2703,2711,2695,2684,2646,2648,2632,2720,2687,2708,2706,2784,2708,2722,2721,2709,2720,2785,2709,2785,2721,2722,2720,2709,2720,2708,2711,2711,2713,2717,0,2710,2709,2714,2710,2710,2720,2720,2709,2711,2720,2709,2709,2709,2718,2784,2709,2719,2721,2717,2718,2720,2713,2784,2714,2717,2710,2774,2716,2705,2717,2720,2721,2752,2721,2721,2783,2707,2721,2715,2708,2719,2720,2718,2716,2703,2706,2702,2701,2723,2602,2536,2514,2438,2350,2186,2070,1976,1843,1848,1732,1610,1635,1628,1792,1993,1985,2197,2261,2351,2412,2461,2510,2510,2533,2599,0,2553,2568,2578,2606,2605,2605,2622,2624,2640,2632,2627,2651,2634,2636,2638,2645,2637,2649,2646,2649,2660,2659,2647,2644,2651,2664,2663,2665,2672,2665,2675,2675,2663,2673,2681,2673,2684,2685,2680,2683,2680,2686,2685,2745,2687,2680,2683,2755,2692,2753,2690,2701,2760,2697,2708,2696,2760,2713,2701,2712,2711,2701,2713,2709,2704,2712,2715,2704,2706,2705,2714,2717,2716,2771,2719,2718,2720,2719,2706,2719,2707,2721,2771,2721,2720,2710,2720,2720,2715,2709,2719,2720,2709,2721,2721,2721,2721,2710,2720,2715,2713,2722,2708,2720,2720,2722,2721,2781,2708,2709,2722,2776,2721,2721,2722,2722,2709,0,2720,2719,0
